{
  "type": "FeatureCollection",
  "generator": "overpass-turbo",
  "copyright": "The data included in this document is from www.openstreetmap.org. The data is made available under ODbL.",
  "timestamp": "2026-06-07T18:06:00Z",
  "features": [
    {
      "type": "Feature",
      "properties": {
        "@id": "way/27482649",
        "highway": "primary",
        "lanes": "2",
        "lit": "yes",
        "maxspeed:type": "BO:urban",
        "name": "Avenida Cívica",
        "oneway": "yes",
        "surface": "asphalt"
      },
      "geometry": {
        "type": "LineString",
        "coordinates": [
          [
            -68.1748821,
            -16.5458954
          ],
          [
            -68.1747011,
            -16.5457797
          ]
        ]
      },
      "id": "way/27482649"
    },
    {
      "type": "Feature",
      "properties": {
        "@id": "way/27482664",
        "highway": "primary",
        "junction": "roundabout",
        "lanes": "3",
        "name": "Rotonda Bolivia-Arica-Cívica-Panamericana",
        "sidewalk:left": "separate",
        "sidewalk:right": "yes",
        "surface": "asphalt"
      },
      "geometry": {
        "type": "LineString",
        "coordinates": [
          [
            -68.1754348,
            -16.5458505
          ],
          [
            -68.1754652,
            -16.5459165
          ],
          [
            -68.1754779,
            -16.5459875
          ],
          [
            -68.1754724,
            -16.5460594
          ],
          [
            -68.1754488,
            -16.5461279
          ],
          [
            -68.1754087,
            -16.5461889
          ],
          [
            -68.175361,
            -16.5462338
          ],
          [
            -68.1753043,
            -16.5462679
          ],
          [
            -68.1752413,
            -16.5462894
          ],
          [
            -68.1751864,
            -16.546297
          ],
          [
            -68.1751311,
            -16.5462951
          ],
          [
            -68.175077,
            -16.5462837
          ],
          [
            -68.1750258,
            -16.5462632
          ],
          [
            -68.1749794,
            -16.5462343
          ],
          [
            -68.1749391,
            -16.5461979
          ],
          [
            -68.1749062,
            -16.5461551
          ],
          [
            -68.1748818,
            -16.5461075
          ],
          [
            -68.1748637,
            -16.5460375
          ],
          [
            -68.1748638,
            -16.5459653
          ],
          [
            -68.1748821,
            -16.5458954
          ]
        ]
      },
      "id": "way/27482664"
    },
    {
      "type": "Feature",
      "properties": {
        "@id": "way/27482857",
        "highway": "primary",
        "lanes": "3",
        "maxspeed:type": "BO:urban",
        "name": "Avenida Bolivia",
        "oneway": "yes",
        "surface": "asphalt"
      },
      "geometry": {
        "type": "LineString",
        "coordinates": [
          [
            -68.1827538,
            -16.5402009
          ],
          [
            -68.1833245,
            -16.5397913
          ],
          [
            -68.1834483,
            -16.5397025
          ],
          [
            -68.1840451,
            -16.5392693
          ],
          [
            -68.1842932,
            -16.5390828
          ],
          [
            -68.1844112,
            -16.5389941
          ],
          [
            -68.1847693,
            -16.538737
          ],
          [
            -68.1851804,
            -16.5384484
          ],
          [
            -68.1852501,
            -16.5383873
          ],
          [
            -68.1853198,
            -16.5383057
          ],
          [
            -68.185391,
            -16.5382018
          ]
        ]
      },
      "id": "way/27482857"
    },
    {
      "type": "Feature",
      "properties": {
        "@id": "way/27482875",
        "highway": "primary",
        "junction": "roundabout",
        "source": "yahoo",
        "surface": "asphalt"
      },
      "geometry": {
        "type": "LineString",
        "coordinates": [
          [
            -68.1859951,
            -16.538345
          ],
          [
            -68.1859662,
            -16.538379
          ],
          [
            -68.1859327,
            -16.5384089
          ]
        ]
      },
      "id": "way/27482875"
    },
    {
      "type": "Feature",
      "properties": {
        "@id": "way/27482898",
        "highway": "primary",
        "lanes": "3",
        "maxspeed:type": "BO:urban",
        "name": "Avenida Bolivia",
        "oneway": "yes",
        "surface": "asphalt"
      },
      "geometry": {
        "type": "LineString",
        "coordinates": [
          [
            -68.1855497,
            -16.5384343
          ],
          [
            -68.1854372,
            -16.5384574
          ],
          [
            -68.1853567,
            -16.5384921
          ],
          [
            -68.1853131,
            -16.5385229
          ],
          [
            -68.1852239,
            -16.5385782
          ],
          [
            -68.1848407,
            -16.5388511
          ],
          [
            -68.1844631,
            -16.53912
          ],
          [
            -68.1843611,
            -16.5391927
          ],
          [
            -68.1834973,
            -16.5398079
          ],
          [
            -68.1833866,
            -16.5398867
          ],
          [
            -68.1831006,
            -16.5400904
          ]
        ]
      },
      "id": "way/27482898"
    },
    {
      "type": "Feature",
      "properties": {
        "@id": "way/29047100",
        "highway": "trunk",
        "lanes": "2",
        "maxspeed": "80",
        "name": "Avenida Panamericana",
        "oneway": "yes",
        "ref": "F2",
        "smoothness": "good",
        "source": "yahoo",
        "surface": "asphalt"
      },
      "geometry": {
        "type": "LineString",
        "coordinates": [
          [
            -68.283347,
            -16.4736938
          ],
          [
            -68.2833665,
            -16.473687
          ],
          [
            -68.2855184,
            -16.4728987
          ],
          [
            -68.2871373,
            -16.4723149
          ],
          [
            -68.2890354,
            -16.4716202
          ],
          [
            -68.2905669,
            -16.4710674
          ],
          [
            -68.2919904,
            -16.4705688
          ],
          [
            -68.2924919,
            -16.4703791
          ],
          [
            -68.2925331,
            -16.4703644
          ],
          [
            -68.2930786,
            -16.4701703
          ],
          [
            -68.2936071,
            -16.4699741
          ],
          [
            -68.2939054,
            -16.4698633
          ],
          [
            -68.2951802,
            -16.4693899
          ],
          [
            -68.2964028,
            -16.4689398
          ],
          [
            -68.2995691,
            -16.4677806
          ],
          [
            -68.2997402,
            -16.467718
          ],
          [
            -68.29991,
            -16.4676547
          ],
          [
            -68.3016616,
            -16.4670013
          ],
          [
            -68.3018947,
            -16.4669145
          ],
          [
            -68.3021583,
            -16.4668248
          ],
          [
            -68.3024188,
            -16.4667173
          ],
          [
            -68.3028276,
            -16.4665451
          ],
          [
            -68.3034245,
            -16.4662332
          ],
          [
            -68.3038778,
            -16.4659507
          ],
          [
            -68.3041375,
            -16.4657849
          ],
          [
            -68.3043227,
            -16.4656518
          ],
          [
            -68.3046077,
            -16.4654274
          ],
          [
            -68.3047832,
            -16.46528
          ],
          [
            -68.3053074,
            -16.4647803
          ],
          [
            -68.3055813,
            -16.4645232
          ],
          [
            -68.3057777,
            -16.4643265
          ],
          [
            -68.3059405,
            -16.4641346
          ],
          [
            -68.3072762,
            -16.4626896
          ],
          [
            -68.3075526,
            -16.4623906
          ]
        ]
      },
      "id": "way/29047100"
    },
    {
      "type": "Feature",
      "properties": {
        "@id": "way/29047103",
        "highway": "trunk",
        "lanes": "2",
        "maxspeed": "80",
        "name": "RN1: Desaguadero-El Alto",
        "oneway": "no",
        "ref": "F1",
        "surface": "asphalt"
      },
      "geometry": {
        "type": "LineString",
        "coordinates": [
          [
            -68.3523582,
            -16.5293256
          ],
          [
            -68.3517483,
            -16.5292126
          ],
          [
            -68.3511634,
            -16.5290998
          ],
          [
            -68.3510692,
            -16.5290815
          ],
          [
            -68.3504216,
            -16.5289474
          ],
          [
            -68.3493304,
            -16.5286905
          ],
          [
            -68.3490755,
            -16.5286202
          ],
          [
            -68.3481354,
            -16.5283612
          ],
          [
            -68.3465816,
            -16.5279329
          ],
          [
            -68.3462404,
            -16.5278302
          ],
          [
            -68.3460666,
            -16.5277917
          ],
          [
            -68.3457257,
            -16.5276987
          ],
          [
            -68.3444004,
            -16.5273371
          ],
          [
            -68.3432184,
            -16.5270147
          ],
          [
            -68.3426279,
            -16.52686
          ],
          [
            -68.3417565,
            -16.5266316
          ],
          [
            -68.3413436,
            -16.5265234
          ],
          [
            -68.3407429,
            -16.526366
          ],
          [
            -68.3392114,
            -16.5260477
          ],
          [
            -68.3386538,
            -16.5259244
          ],
          [
            -68.3383496,
            -16.5258639
          ],
          [
            -68.3342206,
            -16.5250331
          ],
          [
            -68.3333813,
            -16.5248816
          ],
          [
            -68.3330332,
            -16.5248362
          ],
          [
            -68.3328227,
            -16.5248129
          ],
          [
            -68.3322982,
            -16.5247799
          ],
          [
            -68.3319131,
            -16.5247546
          ],
          [
            -68.3315398,
            -16.5247636
          ],
          [
            -68.3310195,
            -16.5247793
          ],
          [
            -68.3305155,
            -16.5248241
          ],
          [
            -68.328233,
            -16.5250831
          ],
          [
            -68.3269599,
            -16.5252857
          ],
          [
            -68.3256729,
            -16.5254534
          ],
          [
            -68.3205554,
            -16.5262017
          ],
          [
            -68.3201319,
            -16.5262532
          ],
          [
            -68.3195091,
            -16.5263289
          ],
          [
            -68.3180183,
            -16.5265179
          ],
          [
            -68.3160461,
            -16.5267742
          ],
          [
            -68.3141999,
            -16.5270356
          ],
          [
            -68.3131916,
            -16.5271635
          ],
          [
            -68.3128409,
            -16.5271839
          ],
          [
            -68.3126836,
            -16.5271921
          ],
          [
            -68.3117534,
            -16.5271696
          ],
          [
            -68.3110797,
            -16.5270942
          ],
          [
            -68.3104185,
            -16.5270011
          ],
          [
            -68.3100768,
            -16.5269235
          ],
          [
            -68.3099086,
            -16.5268819
          ],
          [
            -68.3094384,
            -16.5267311
          ],
          [
            -68.3088611,
            -16.5265295
          ],
          [
            -68.3084441,
            -16.5263587
          ],
          [
            -68.3078006,
            -16.5261071
          ],
          [
            -68.3069236,
            -16.5257612
          ],
          [
            -68.3060077,
            -16.5253952
          ],
          [
            -68.3035286,
            -16.5243763
          ],
          [
            -68.2984736,
            -16.5222987
          ],
          [
            -68.298278,
            -16.5222189
          ],
          [
            -68.2964802,
            -16.521486
          ],
          [
            -68.2917507,
            -16.5195639
          ],
          [
            -68.2913846,
            -16.5194174
          ],
          [
            -68.2905905,
            -16.5190934
          ],
          [
            -68.2888617,
            -16.5183882
          ],
          [
            -68.2886714,
            -16.5183128
          ],
          [
            -68.2877378,
            -16.5179428
          ],
          [
            -68.2864351,
            -16.5174079
          ],
          [
            -68.2853055,
            -16.516944
          ],
          [
            -68.2850207,
            -16.5168245
          ],
          [
            -68.2840782,
            -16.516429
          ],
          [
            -68.2839162,
            -16.516361
          ],
          [
            -68.2821402,
            -16.5156138
          ],
          [
            -68.2797484,
            -16.5146306
          ],
          [
            -68.2790256,
            -16.5143335
          ],
          [
            -68.2789403,
            -16.5142984
          ],
          [
            -68.2785541,
            -16.5141377
          ],
          [
            -68.2777937,
            -16.5138214
          ],
          [
            -68.2773701,
            -16.5136478
          ],
          [
            -68.2767689,
            -16.5134015
          ],
          [
            -68.2762903,
            -16.5132055
          ],
          [
            -68.2757111,
            -16.512969
          ],
          [
            -68.2756228,
            -16.5129329
          ],
          [
            -68.2754213,
            -16.5128506
          ],
          [
            -68.2753452,
            -16.512818
          ],
          [
            -68.2744034,
            -16.5124147
          ],
          [
            -68.273989,
            -16.5122463
          ],
          [
            -68.2722831,
            -16.5115609
          ],
          [
            -68.2719291,
            -16.5114097
          ],
          [
            -68.2714583,
            -16.5112086
          ],
          [
            -68.2699483,
            -16.5106186
          ],
          [
            -68.269447,
            -16.5104041
          ],
          [
            -68.2691478,
            -16.5102822
          ],
          [
            -68.2691078,
            -16.5102659
          ],
          [
            -68.2683725,
            -16.5099728
          ],
          [
            -68.2675591,
            -16.5096634
          ],
          [
            -68.2667942,
            -16.5093995
          ],
          [
            -68.2667075,
            -16.5093704
          ],
          [
            -68.2663477,
            -16.5092479
          ],
          [
            -68.2654782,
            -16.5089876
          ],
          [
            -68.2644288,
            -16.5086733
          ],
          [
            -68.263431,
            -16.5083958
          ],
          [
            -68.2620759,
            -16.507994
          ],
          [
            -68.2618071,
            -16.5079138
          ],
          [
            -68.2606562,
            -16.5075834
          ],
          [
            -68.2602479,
            -16.507464
          ],
          [
            -68.2598524,
            -16.5073331
          ],
          [
            -68.2597955,
            -16.5073163
          ],
          [
            -68.2589101,
            -16.5070548
          ],
          [
            -68.2586008,
            -16.5069635
          ],
          [
            -68.2584725,
            -16.5069272
          ],
          [
            -68.2580307,
            -16.5068022
          ],
          [
            -68.2579503,
            -16.5067797
          ],
          [
            -68.2575721,
            -16.506662
          ],
          [
            -68.2571047,
            -16.5065223
          ],
          [
            -68.2570642,
            -16.5065099
          ]
        ]
      },
      "id": "way/29047103"
    },
    {
      "type": "Feature",
      "properties": {
        "@id": "way/29072340",
        "highway": "trunk",
        "lanes": "2",
        "lit": "yes",
        "maxspeed": "80",
        "name": "Doble Vía La Paz-Oruro",
        "oneway": "yes",
        "ref": "F1",
        "shoulder": "right",
        "surface": "asphalt"
      },
      "geometry": {
        "type": "LineString",
        "coordinates": [
          [
            -68.1810123,
            -16.639269
          ],
          [
            -68.1810187,
            -16.6391481
          ],
          [
            -68.1810222,
            -16.6391141
          ],
          [
            -68.1811269,
            -16.6376979
          ],
          [
            -68.1812653,
            -16.63574
          ]
        ]
      },
      "id": "way/29072340"
    },
    {
      "type": "Feature",
      "properties": {
        "@id": "way/35116181",
        "embankment": "yes",
        "highway": "trunk",
        "incline": "down",
        "lanes": "3",
        "maxspeed": "80",
        "name": "Avenida Juan Pablo II",
        "oneway": "yes",
        "ref": "F2",
        "sidewalk": "right",
        "surface": "asphalt"
      },
      "geometry": {
        "type": "LineString",
        "coordinates": [
          [
            -68.1627973,
            -16.5034703
          ],
          [
            -68.1629792,
            -16.5033896
          ],
          [
            -68.1630049,
            -16.5033782
          ],
          [
            -68.1637926,
            -16.5030289
          ]
        ]
      },
      "id": "way/35116181"
    },
    {
      "type": "Feature",
      "properties": {
        "@id": "way/35116183",
        "embankment": "yes",
        "highway": "trunk",
        "incline": "down",
        "lanes": "3",
        "maxspeed": "80",
        "name": "Avenida Juan Pablo II",
        "oneway": "yes",
        "ref": "F2",
        "surface": "concrete"
      },
      "geometry": {
        "type": "LineString",
        "coordinates": [
          [
            -68.1624997,
            -16.5037322
          ],
          [
            -68.1621483,
            -16.503885
          ]
        ]
      },
      "id": "way/35116183"
    },
    {
      "type": "Feature",
      "properties": {
        "@id": "way/35116184",
        "bridge:name": "Distribuidor La Ceja",
        "highway": "trunk",
        "incline": "down",
        "lanes": "3",
        "maxspeed": "80",
        "name": "Avenida Juan Pablo II",
        "oneway": "yes",
        "ref": "F2",
        "sidewalk": "right",
        "surface": "concrete"
      },
      "geometry": {
        "type": "LineString",
        "coordinates": [
          [
            -68.1624719,
            -16.5036168
          ],
          [
            -68.1624836,
            -16.5036115
          ]
        ]
      },
      "id": "way/35116184"
    },
    {
      "type": "Feature",
      "properties": {
        "@id": "way/35176998",
        "bicycle": "yes",
        "highway": "primary",
        "lanes": "2",
        "maxspeed": "40",
        "motor_vehicle:conditional": "no @ (Su 09:00-13:00)",
        "name": "Avenida Cívica",
        "oneway": "yes",
        "smoothness": "good",
        "surface": "asphalt",
        "wheelchair": "limited"
      },
      "geometry": {
        "type": "LineString",
        "coordinates": [
          [
            -68.1554096,
            -16.5159064
          ],
          [
            -68.1554126,
            -16.5159879
          ],
          [
            -68.1554284,
            -16.5160502
          ],
          [
            -68.1560695,
            -16.5175392
          ],
          [
            -68.1562985,
            -16.5180608
          ],
          [
            -68.1563313,
            -16.5181354
          ],
          [
            -68.1563632,
            -16.5182069
          ],
          [
            -68.1564141,
            -16.5183241
          ],
          [
            -68.1567776,
            -16.5191493
          ],
          [
            -68.1571189,
            -16.5199308
          ],
          [
            -68.1575324,
            -16.5209543
          ],
          [
            -68.1575638,
            -16.5210319
          ],
          [
            -68.1575838,
            -16.5210915
          ]
        ]
      },
      "id": "way/35176998"
    },
    {
      "type": "Feature",
      "properties": {
        "@id": "way/35177042",
        "highway": "primary",
        "lanes": "2",
        "lit": "yes",
        "maxspeed:type": "BO:urban",
        "name": "Avenida Polo de Ondergardo",
        "oneway": "yes",
        "sidewalk": "both",
        "sidewalk:both:surface": "concrete",
        "smoothness": "excellent",
        "surface": "concrete",
        "wheelchair": "limited"
      },
      "geometry": {
        "type": "LineString",
        "coordinates": [
          [
            -68.1548945,
            -16.5155813
          ],
          [
            -68.1547057,
            -16.515161
          ],
          [
            -68.1543847,
            -16.5143813
          ]
        ]
      },
      "id": "way/35177042"
    },
    {
      "type": "Feature",
      "properties": {
        "@id": "way/35177043",
        "highway": "primary",
        "lanes": "2",
        "name": "Avenida Polo de Ondergardo",
        "oneway": "yes",
        "surface": "concrete",
        "wheelchair": "limited"
      },
      "geometry": {
        "type": "LineString",
        "coordinates": [
          [
            -68.1541489,
            -16.5127231
          ],
          [
            -68.1540816,
            -16.5129287
          ],
          [
            -68.1540483,
            -16.5130644
          ],
          [
            -68.1540478,
            -16.5131772
          ],
          [
            -68.1540634,
            -16.5132694
          ],
          [
            -68.1541793,
            -16.5135664
          ],
          [
            -68.154363,
            -16.5139848
          ],
          [
            -68.1545278,
            -16.5143226
          ]
        ]
      },
      "id": "way/35177043"
    },
    {
      "type": "Feature",
      "properties": {
        "@id": "way/35213327",
        "highway": "primary",
        "lanes": "2",
        "name": "RN41: Ruta Nacional 41",
        "note": "This may be a dual carriageway sometime in the future but does not function that way now",
        "ref": "F41",
        "surface": "asphalt"
      },
      "geometry": {
        "type": "LineString",
        "coordinates": [
          [
            -68.1698147,
            -16.445677
          ],
          [
            -68.1702463,
            -16.4459603
          ],
          [
            -68.1706938,
            -16.4463484
          ],
          [
            -68.1714102,
            -16.4470482
          ],
          [
            -68.1728286,
            -16.4484539
          ],
          [
            -68.173214,
            -16.4488449
          ],
          [
            -68.1738688,
            -16.4493979
          ],
          [
            -68.1748366,
            -16.4501692
          ],
          [
            -68.176039,
            -16.4511018
          ],
          [
            -68.176161,
            -16.4511964
          ],
          [
            -68.1767294,
            -16.4516368
          ],
          [
            -68.1778649,
            -16.4525924
          ],
          [
            -68.1790414,
            -16.4535334
          ],
          [
            -68.1791066,
            -16.4535869
          ],
          [
            -68.1794554,
            -16.453862
          ],
          [
            -68.1799744,
            -16.4542804
          ],
          [
            -68.1802982,
            -16.4545417
          ],
          [
            -68.180607,
            -16.4547906
          ],
          [
            -68.1814478,
            -16.4554465
          ],
          [
            -68.1820525,
            -16.4559612
          ],
          [
            -68.1824738,
            -16.456299
          ],
          [
            -68.1827619,
            -16.4565223
          ],
          [
            -68.1831881,
            -16.4568526
          ],
          [
            -68.1838137,
            -16.4573375
          ],
          [
            -68.1845565,
            -16.4579057
          ],
          [
            -68.1853806,
            -16.4584936
          ],
          [
            -68.1860325,
            -16.4589392
          ]
        ]
      },
      "id": "way/35213327"
    },
    {
      "type": "Feature",
      "properties": {
        "@id": "way/35760256",
        "highway": "primary",
        "lanes": "2",
        "name": "Avenida Bolivia",
        "oneway": "no",
        "surface": "asphalt"
      },
      "geometry": {
        "type": "LineString",
        "coordinates": [
          [
            -68.1772311,
            -16.5444071
          ],
          [
            -68.1774665,
            -16.5442247
          ]
        ]
      },
      "id": "way/35760256"
    },
    {
      "type": "Feature",
      "properties": {
        "@id": "way/39426274",
        "highway": "primary",
        "lanes": "2",
        "name": "Avenida Julio Cesar Valdez",
        "oneway": "yes",
        "source": "bing",
        "surface": "concrete"
      },
      "geometry": {
        "type": "LineString",
        "coordinates": [
          [
            -68.2010009,
            -16.5253369
          ],
          [
            -68.2011259,
            -16.5254089
          ],
          [
            -68.2018515,
            -16.5258296
          ],
          [
            -68.202538,
            -16.5262251
          ],
          [
            -68.2035925,
            -16.526809
          ],
          [
            -68.2044986,
            -16.5273052
          ],
          [
            -68.2050318,
            -16.5275867
          ],
          [
            -68.2055452,
            -16.5278577
          ],
          [
            -68.2060202,
            -16.5281085
          ],
          [
            -68.2066089,
            -16.5284193
          ],
          [
            -68.2075558,
            -16.5289162
          ],
          [
            -68.2076477,
            -16.5289677
          ],
          [
            -68.2079619,
            -16.5291336
          ],
          [
            -68.2083721,
            -16.5293427
          ],
          [
            -68.2085176,
            -16.5294169
          ],
          [
            -68.2087748,
            -16.5295508
          ],
          [
            -68.2091797,
            -16.5297729
          ],
          [
            -68.209546,
            -16.5299582
          ],
          [
            -68.2099785,
            -16.5301806
          ],
          [
            -68.2108321,
            -16.5306068
          ],
          [
            -68.2111515,
            -16.5307662
          ]
        ]
      },
      "id": "way/39426274"
    },
    {
      "type": "Feature",
      "properties": {
        "@id": "way/39427603",
        "highway": "primary",
        "lanes": "2",
        "name": "Avenida Bolivia",
        "oneway": "yes",
        "surface": "asphalt"
      },
      "geometry": {
        "type": "LineString",
        "coordinates": [
          [
            -68.1858931,
            -16.5378846
          ],
          [
            -68.185967,
            -16.5378679
          ],
          [
            -68.186014,
            -16.5378486
          ],
          [
            -68.1860903,
            -16.5378069
          ],
          [
            -68.1863814,
            -16.5375903
          ],
          [
            -68.1867391,
            -16.5373419
          ],
          [
            -68.1868293,
            -16.5372793
          ],
          [
            -68.1872612,
            -16.5369794
          ],
          [
            -68.1877122,
            -16.5366736
          ]
        ]
      },
      "id": "way/39427603"
    },
    {
      "type": "Feature",
      "properties": {
        "@id": "way/39427676",
        "highway": "primary",
        "lanes": "2",
        "name": "Avenida Bolivia",
        "oneway": "yes",
        "surface": "asphalt"
      },
      "geometry": {
        "type": "LineString",
        "coordinates": [
          [
            -68.1876687,
            -16.5368608
          ],
          [
            -68.1871393,
            -16.5372226
          ],
          [
            -68.1868171,
            -16.5374461
          ],
          [
            -68.1866978,
            -16.5375289
          ],
          [
            -68.1862502,
            -16.5378394
          ],
          [
            -68.1861753,
            -16.5378914
          ],
          [
            -68.1861238,
            -16.5379448
          ],
          [
            -68.1860771,
            -16.5380051
          ],
          [
            -68.1860432,
            -16.5380705
          ]
        ]
      },
      "id": "way/39427676"
    },
    {
      "type": "Feature",
      "properties": {
        "@id": "way/39428263",
        "hgv": "designated",
        "highway": "primary",
        "lanes": "2",
        "name": "Avenida Litoral",
        "oneway": "yes",
        "surface": "asphalt"
      },
      "geometry": {
        "type": "LineString",
        "coordinates": [
          [
            -68.1884667,
            -16.550522
          ],
          [
            -68.1885358,
            -16.550456
          ],
          [
            -68.189486,
            -16.5498764
          ],
          [
            -68.1900263,
            -16.5495443
          ],
          [
            -68.1904868,
            -16.5492843
          ],
          [
            -68.1912123,
            -16.5488429
          ],
          [
            -68.1916551,
            -16.5485677
          ],
          [
            -68.1920648,
            -16.5482958
          ],
          [
            -68.1924587,
            -16.5480439
          ],
          [
            -68.1928471,
            -16.5477878
          ],
          [
            -68.1932537,
            -16.5475471
          ],
          [
            -68.1940419,
            -16.5470314
          ],
          [
            -68.1948324,
            -16.5465184
          ]
        ]
      },
      "id": "way/39428263"
    },
    {
      "type": "Feature",
      "properties": {
        "@id": "way/39428324",
        "hgv": "designated",
        "highway": "primary",
        "lanes": "2",
        "name": "Avenida Litoral",
        "oneway": "yes",
        "surface": "asphalt"
      },
      "geometry": {
        "type": "LineString",
        "coordinates": [
          [
            -68.2112873,
            -16.5312908
          ],
          [
            -68.2111176,
            -16.5314614
          ],
          [
            -68.2110192,
            -16.5315489
          ],
          [
            -68.2101014,
            -16.532365
          ],
          [
            -68.2097184,
            -16.5327054
          ],
          [
            -68.2086094,
            -16.5336914
          ],
          [
            -68.2082344,
            -16.5340249
          ],
          [
            -68.2081736,
            -16.5340789
          ],
          [
            -68.2078899,
            -16.5343311
          ],
          [
            -68.207553,
            -16.5346306
          ],
          [
            -68.2075018,
            -16.5346762
          ]
        ]
      },
      "id": "way/39428324"
    },
    {
      "type": "Feature",
      "properties": {
        "@id": "way/39428945",
        "highway": "primary",
        "lanes": "3",
        "name": "Avenida Bolivia",
        "oneway": "yes",
        "surface": "asphalt"
      },
      "geometry": {
        "type": "LineString",
        "coordinates": [
          [
            -68.2108873,
            -16.5161466
          ],
          [
            -68.2111651,
            -16.515891
          ],
          [
            -68.2115555,
            -16.5155538
          ],
          [
            -68.2118629,
            -16.5152884
          ],
          [
            -68.2119413,
            -16.5152248
          ],
          [
            -68.2119977,
            -16.515183
          ],
          [
            -68.2120821,
            -16.5151399
          ],
          [
            -68.2121425,
            -16.5151238
          ],
          [
            -68.2122028,
            -16.5151116
          ],
          [
            -68.2123128,
            -16.5151
          ],
          [
            -68.2126235,
            -16.5150895
          ]
        ]
      },
      "id": "way/39428945"
    },
    {
      "type": "Feature",
      "properties": {
        "@id": "way/39451125",
        "hgv": "designated",
        "highway": "primary",
        "lanes": "2",
        "maxspeed": "80",
        "name": "Avenida Bautista Oquendo",
        "oneway": "yes",
        "ref": "F42",
        "source": "bing",
        "surface": "unpaved"
      },
      "geometry": {
        "type": "LineString",
        "coordinates": [
          [
            -68.2304228,
            -16.5130428
          ],
          [
            -68.2304537,
            -16.5125252
          ],
          [
            -68.2304991,
            -16.5112319
          ]
        ]
      },
      "id": "way/39451125"
    },
    {
      "type": "Feature",
      "properties": {
        "@id": "way/39451657",
        "hgv": "designated",
        "highway": "trunk",
        "junction": "circular",
        "lanes": "2",
        "loc_name": "Rotonda Cruce Achocalla",
        "maxspeed": "80",
        "name": "Rotonda 6 de Marzo y Litoral",
        "oneway": "yes",
        "ref": "F1",
        "surface": "asphalt"
      },
      "geometry": {
        "type": "LineString",
        "coordinates": [
          [
            -68.1796121,
            -16.5537723
          ],
          [
            -68.1796718,
            -16.5537641
          ],
          [
            -68.1797353,
            -16.5537723
          ]
        ]
      },
      "id": "way/39451657"
    },
    {
      "type": "Feature",
      "properties": {
        "@id": "way/39451665",
        "hgv": "designated",
        "highway": "primary",
        "lanes": "2",
        "name": "Avenida Litoral",
        "oneway": "yes",
        "surface": "asphalt"
      },
      "geometry": {
        "type": "LineString",
        "coordinates": [
          [
            -68.1982772,
            -16.5427438
          ],
          [
            -68.198169,
            -16.5428522
          ],
          [
            -68.1977213,
            -16.5433677
          ],
          [
            -68.1973328,
            -16.543865
          ]
        ]
      },
      "id": "way/39451665"
    },
    {
      "type": "Feature",
      "properties": {
        "@id": "way/39451694",
        "hgv": "designated",
        "highway": "primary",
        "lane_markings": "no",
        "name": "Avenida Litoral",
        "oneway": "yes",
        "surface": "asphalt"
      },
      "geometry": {
        "type": "LineString",
        "coordinates": [
          [
            -68.1850803,
            -16.5528444
          ],
          [
            -68.1849148,
            -16.5528617
          ],
          [
            -68.1811139,
            -16.5543301
          ],
          [
            -68.1804884,
            -16.5545613
          ],
          [
            -68.1802222,
            -16.5546518
          ]
        ]
      },
      "id": "way/39451694"
    },
    {
      "type": "Feature",
      "properties": {
        "@id": "way/39452007",
        "highway": "primary",
        "lanes": "3",
        "name": "Avenida Nestor Galindo",
        "oneway": "yes",
        "source": "yahoo",
        "surface": "asphalt"
      },
      "geometry": {
        "type": "LineString",
        "coordinates": [
          [
            -68.1857758,
            -16.5527777
          ],
          [
            -68.1857824,
            -16.5528775
          ],
          [
            -68.1858157,
            -16.5529464
          ],
          [
            -68.1860837,
            -16.5532688
          ],
          [
            -68.1868726,
            -16.5542212
          ]
        ]
      },
      "id": "way/39452007"
    },
    {
      "type": "Feature",
      "properties": {
        "@id": "way/40744793",
        "alt_name": "Ruta 01",
        "highway": "trunk",
        "lanes": "2",
        "name": "Carretera Panamericana Norte",
        "ref": "PE-1N",
        "source": "GPS",
        "surface": "asphalt"
      },
      "geometry": {
        "type": "LineString",
        "coordinates": [
          [
            -81.1506259,
            -4.321633
          ],
          [
            -81.1496536,
            -4.3226197
          ],
          [
            -81.14915,
            -4.3231463
          ],
          [
            -81.1489241,
            -4.3233788
          ],
          [
            -81.1486559,
            -4.3236425
          ],
          [
            -81.1485413,
            -4.3237562
          ],
          [
            -81.1484342,
            -4.3238556
          ],
          [
            -81.1483433,
            -4.3239346
          ],
          [
            -81.1482391,
            -4.3240165
          ],
          [
            -81.1481409,
            -4.3240882
          ],
          [
            -81.1480587,
            -4.3241438
          ],
          [
            -81.1479399,
            -4.324214
          ],
          [
            -81.1477639,
            -4.3243091
          ],
          [
            -81.14702,
            -4.3247237
          ],
          [
            -81.1462898,
            -4.3251426
          ],
          [
            -81.1460051,
            -4.3253125
          ],
          [
            -81.1456135,
            -4.3255362
          ],
          [
            -81.1451221,
            -4.3258141
          ],
          [
            -81.1449872,
            -4.3258946
          ],
          [
            -81.1448742,
            -4.3259663
          ],
          [
            -81.1447525,
            -4.3260555
          ],
          [
            -81.1446234,
            -4.3261593
          ],
          [
            -81.1444899,
            -4.3262676
          ],
          [
            -81.1443682,
            -4.3263773
          ],
          [
            -81.1442288,
            -4.3265089
          ],
          [
            -81.1440769,
            -4.3266547
          ],
          [
            -81.1439331,
            -4.3268019
          ],
          [
            -81.1436391,
            -4.3270994
          ],
          [
            -81.1432441,
            -4.3274828
          ],
          [
            -81.1429996,
            -4.32772
          ],
          [
            -81.1426549,
            -4.3280535
          ],
          [
            -81.1425126,
            -4.3281997
          ],
          [
            -81.1423835,
            -4.3283445
          ],
          [
            -81.1422802,
            -4.3284696
          ],
          [
            -81.1419193,
            -4.3289015
          ],
          [
            -81.1416926,
            -4.3291801
          ],
          [
            -81.1415589,
            -4.3293587
          ],
          [
            -81.1413287,
            -4.3296812
          ],
          [
            -81.1411897,
            -4.3298706
          ],
          [
            -81.1410694,
            -4.3300227
          ],
          [
            -81.1409271,
            -4.3302085
          ],
          [
            -81.1406088,
            -4.3305888
          ],
          [
            -81.1404401,
            -4.3307979
          ],
          [
            -81.1402739,
            -4.3310014
          ],
          [
            -81.1400735,
            -4.331272
          ],
          [
            -81.1394098,
            -4.3321279
          ],
          [
            -81.1387655,
            -4.3329457
          ],
          [
            -81.1380932,
            -4.3337905
          ],
          [
            -81.1378654,
            -4.334062
          ],
          [
            -81.1376914,
            -4.3342542
          ],
          [
            -81.137531,
            -4.3344263
          ],
          [
            -81.1373646,
            -4.3345968
          ],
          [
            -81.1369667,
            -4.3350043
          ],
          [
            -81.1362482,
            -4.3357389
          ],
          [
            -81.1358798,
            -4.3360955
          ],
          [
            -81.1352134,
            -4.3367681
          ],
          [
            -81.1347181,
            -4.3372568
          ],
          [
            -81.1339327,
            -4.3380462
          ],
          [
            -81.1333676,
            -4.3385957
          ],
          [
            -81.1331055,
            -4.338864
          ],
          [
            -81.1325686,
            -4.3394137
          ],
          [
            -81.1317664,
            -4.3402432
          ],
          [
            -81.1309705,
            -4.3410365
          ],
          [
            -81.1305038,
            -4.3414996
          ],
          [
            -81.1303534,
            -4.3416612
          ],
          [
            -81.1302949,
            -4.3417252
          ],
          [
            -81.1301646,
            -4.3418678
          ],
          [
            -81.1297975,
            -4.342292
          ],
          [
            -81.1293644,
            -4.3427874
          ],
          [
            -81.129067,
            -4.3431108
          ],
          [
            -81.1284508,
            -4.3438067
          ],
          [
            -81.1282953,
            -4.3439705
          ],
          [
            -81.1281912,
            -4.344108
          ],
          [
            -81.1281006,
            -4.3442363
          ],
          [
            -81.1280357,
            -4.3443434
          ],
          [
            -81.127955,
            -4.3444781
          ],
          [
            -81.1278993,
            -4.3445892
          ],
          [
            -81.1278377,
            -4.3447076
          ],
          [
            -81.1277687,
            -4.3448612
          ],
          [
            -81.1276221,
            -4.3452196
          ],
          [
            -81.1275179,
            -4.3454755
          ],
          [
            -81.127433,
            -4.3456934
          ],
          [
            -81.1271445,
            -4.346406
          ],
          [
            -81.1268279,
            -4.347205
          ],
          [
            -81.1264921,
            -4.3480475
          ],
          [
            -81.12625,
            -4.3486311
          ],
          [
            -81.1260577,
            -4.3490711
          ],
          [
            -81.1260117,
            -4.3491807
          ],
          [
            -81.1259718,
            -4.3492885
          ],
          [
            -81.1258907,
            -4.3495226
          ],
          [
            -81.125757,
            -4.3499065
          ],
          [
            -81.125252,
            -4.3511111
          ],
          [
            -81.1247824,
            -4.352268
          ],
          [
            -81.1244375,
            -4.3531648
          ],
          [
            -81.1244003,
            -4.3532591
          ],
          [
            -81.1243418,
            -4.3534403
          ],
          [
            -81.1243021,
            -4.353586
          ],
          [
            -81.1242687,
            -4.3537255
          ],
          [
            -81.1242381,
            -4.3538887
          ],
          [
            -81.1242165,
            -4.3540503
          ],
          [
            -81.1241977,
            -4.3542148
          ],
          [
            -81.1241873,
            -4.3543793
          ],
          [
            -81.1241831,
            -4.3545417
          ],
          [
            -81.124181,
            -4.3547062
          ],
          [
            -81.1241935,
            -4.3548811
          ],
          [
            -81.1242061,
            -4.3550373
          ],
          [
            -81.1242341,
            -4.3551977
          ],
          [
            -81.1242792,
            -4.3553912
          ],
          [
            -81.1243251,
            -4.3555682
          ],
          [
            -81.1243773,
            -4.3557285
          ],
          [
            -81.1244358,
            -4.3558826
          ],
          [
            -81.1244942,
            -4.3560388
          ],
          [
            -81.1247239,
            -4.3566086
          ],
          [
            -81.1252528,
            -4.3578138
          ],
          [
            -81.125353,
            -4.3580447
          ],
          [
            -81.1254924,
            -4.3583604
          ],
          [
            -81.125874,
            -4.3592765
          ],
          [
            -81.1264035,
            -4.3605067
          ],
          [
            -81.1269583,
            -4.3617293
          ],
          [
            -81.1274744,
            -4.3629441
          ],
          [
            -81.1276599,
            -4.3633596
          ],
          [
            -81.1279856,
            -4.3641526
          ],
          [
            -81.1283678,
            -4.3649795
          ],
          [
            -81.1285355,
            -4.3653751
          ],
          [
            -81.1286865,
            -4.3657255
          ],
          [
            -81.1290374,
            -4.3666065
          ],
          [
            -81.1291095,
            -4.3667681
          ],
          [
            -81.1292528,
            -4.3670733
          ],
          [
            -81.1294171,
            -4.3674243
          ],
          [
            -81.1296395,
            -4.3679652
          ],
          [
            -81.1298777,
            -4.3685268
          ],
          [
            -81.1300726,
            -4.3689667
          ],
          [
            -81.1304122,
            -4.3697525
          ],
          [
            -81.1305322,
            -4.3700434
          ],
          [
            -81.1309313,
            -4.3709481
          ],
          [
            -81.1312715,
            -4.3717357
          ],
          [
            -81.1313995,
            -4.3720222
          ],
          [
            -81.1316326,
            -4.372513
          ],
          [
            -81.1317946,
            -4.3728992
          ],
          [
            -81.1322829,
            -4.3740641
          ],
          [
            -81.1328053,
            -4.3752671
          ],
          [
            -81.1333438,
            -4.3765201
          ],
          [
            -81.1337045,
            -4.3773817
          ],
          [
            -81.1341333,
            -4.3783487
          ],
          [
            -81.1344227,
            -4.3790309
          ],
          [
            -81.136574,
            -4.3839787
          ],
          [
            -81.14086,
            -4.3938362
          ],
          [
            -81.14292,
            -4.3987141
          ],
          [
            -81.146439,
            -4.406844
          ],
          [
            -81.149014,
            -4.4126632
          ],
          [
            -81.1518464,
            -4.4193381
          ],
          [
            -81.1533055,
            -4.4227611
          ],
          [
            -81.1539063,
            -4.423788
          ],
          [
            -81.1586806,
            -4.4288693
          ],
          [
            -81.1678967,
            -4.4386779
          ],
          [
            -81.1761365,
            -4.4487755
          ],
          [
            -81.1769089,
            -4.4494601
          ],
          [
            -81.1810288,
            -4.4512571
          ],
          [
            -81.1878094,
            -4.4542521
          ],
          [
            -81.188634,
            -4.4545312
          ],
          [
            -81.1892686,
            -4.4545944
          ],
          [
            -81.1910588,
            -4.4547427
          ],
          [
            -81.1919293,
            -4.4547655
          ],
          [
            -81.1928734,
            -4.4551934
          ],
          [
            -81.1933452,
            -4.4554874
          ],
          [
            -81.1937318,
            -4.4561346
          ],
          [
            -81.1945042,
            -4.4573326
          ],
          [
            -81.1952767,
            -4.4587018
          ],
          [
            -81.1957059,
            -4.4596431
          ],
          [
            -81.1957917,
            -4.4604132
          ],
          [
            -81.1957848,
            -4.4610009
          ],
          [
            -81.1958775,
            -4.4615256
          ],
          [
            -81.1960492,
            -4.4625525
          ],
          [
            -81.1966442,
            -4.4636388
          ],
          [
            -81.1968913,
            -4.4640535
          ],
          [
            -81.1970237,
            -4.4642257
          ],
          [
            -81.1971457,
            -4.4643209
          ],
          [
            -81.1973179,
            -4.4644101
          ],
          [
            -81.1974985,
            -4.4644367
          ],
          [
            -81.1976764,
            -4.4644169
          ],
          [
            -81.1978409,
            -4.4643718
          ],
          [
            -81.1980911,
            -4.4642444
          ],
          [
            -81.1981901,
            -4.4641813
          ],
          [
            -81.1983182,
            -4.4641405
          ],
          [
            -81.1984442,
            -4.4641694
          ],
          [
            -81.1984913,
            -4.4642043
          ],
          [
            -81.1985383,
            -4.4642639
          ],
          [
            -81.1985397,
            -4.4643841
          ],
          [
            -81.1984692,
            -4.4646102
          ],
          [
            -81.1983666,
            -4.4649484
          ],
          [
            -81.1982379,
            -4.4657613
          ],
          [
            -81.1982379,
            -4.4663603
          ],
          [
            -81.1982846,
            -4.4665108
          ],
          [
            -81.1983584,
            -4.4666059
          ],
          [
            -81.1984524,
            -4.4667026
          ],
          [
            -81.1986154,
            -4.4667942
          ],
          [
            -81.1987958,
            -4.466831
          ],
          [
            -81.1992678,
            -4.466831
          ],
          [
            -81.1996447,
            -4.4668018
          ],
          [
            -81.1998087,
            -4.4668348
          ],
          [
            -81.1998885,
            -4.466902
          ],
          [
            -81.1999359,
            -4.4669812
          ],
          [
            -81.2000832,
            -4.4675155
          ],
          [
            -81.2007699,
            -4.4691841
          ],
          [
            -81.2013707,
            -4.470596
          ],
          [
            -81.2019286,
            -4.4715373
          ],
          [
            -81.2026152,
            -4.4722219
          ],
          [
            -81.2031731,
            -4.4726069
          ],
          [
            -81.2038032,
            -4.4729966
          ],
          [
            -81.2042889,
            -4.4734198
          ],
          [
            -81.2046322,
            -4.4740188
          ],
          [
            -81.2050185,
            -4.4753451
          ],
          [
            -81.2053189,
            -4.4764147
          ],
          [
            -81.2055764,
            -4.4769709
          ],
          [
            -81.2060914,
            -4.4774416
          ],
          [
            -81.2082371,
            -4.478554
          ],
          [
            -81.2099967,
            -4.4796664
          ],
          [
            -81.2130437,
            -4.4815489
          ],
          [
            -81.2147174,
            -4.4826612
          ],
          [
            -81.2161149,
            -4.4835541
          ],
          [
            -81.2165007,
            -4.4837335
          ],
          [
            -81.2178876,
            -4.4842239
          ],
          [
            -81.2182634,
            -4.4844199
          ],
          [
            -81.2187701,
            -4.4847835
          ],
          [
            -81.2196098,
            -4.4854148
          ],
          [
            -81.2200162,
            -4.4857435
          ],
          [
            -81.2202561,
            -4.4860475
          ],
          [
            -81.2204035,
            -4.4863304
          ],
          [
            -81.2204923,
            -4.4866132
          ],
          [
            -81.2205386,
            -4.4869232
          ],
          [
            -81.2205874,
            -4.4874197
          ],
          [
            -81.2206097,
            -4.4877136
          ],
          [
            -81.2206163,
            -4.4878039
          ]
        ]
      },
      "id": "way/40744793"
    },
    {
      "type": "Feature",
      "properties": {
        "@id": "way/40744794",
        "alt_name": "Ruta 01",
        "highway": "trunk",
        "lanes": "2",
        "name": "Carretera Panamericana Norte",
        "oneway": "no",
        "ref": "PE-1N",
        "source": "GPS",
        "surface": "asphalt"
      },
      "geometry": {
        "type": "LineString",
        "coordinates": [
          [
            -81.1589537,
            -4.2133007
          ],
          [
            -81.1625029,
            -4.2165339
          ],
          [
            -81.1636174,
            -4.2175317
          ],
          [
            -81.1645885,
            -4.2184048
          ],
          [
            -81.1648941,
            -4.2186835
          ],
          [
            -81.1654152,
            -4.2191585
          ],
          [
            -81.1660453,
            -4.219734
          ],
          [
            -81.1661365,
            -4.2198221
          ],
          [
            -81.1662118,
            -4.2198972
          ],
          [
            -81.1662992,
            -4.2200047
          ],
          [
            -81.1663562,
            -4.2201
          ],
          [
            -81.166403,
            -4.2201954
          ],
          [
            -81.1664376,
            -4.2202847
          ],
          [
            -81.1664622,
            -4.2203772
          ],
          [
            -81.1665027,
            -4.220518
          ],
          [
            -81.1665474,
            -4.2206701
          ],
          [
            -81.1665686,
            -4.2207422
          ],
          [
            -81.1666084,
            -4.2208223
          ],
          [
            -81.1666613,
            -4.2208933
          ],
          [
            -81.1667122,
            -4.220948
          ],
          [
            -81.166763,
            -4.2209886
          ],
          [
            -81.1668159,
            -4.2210211
          ],
          [
            -81.1668812,
            -4.221058
          ],
          [
            -81.1670458,
            -4.2211245
          ],
          [
            -81.1671536,
            -4.2211712
          ],
          [
            -81.1672431,
            -4.2212178
          ],
          [
            -81.1672959,
            -4.2212597
          ],
          [
            -81.1673346,
            -4.2213091
          ],
          [
            -81.1673631,
            -4.2213761
          ],
          [
            -81.1673733,
            -4.221443
          ],
          [
            -81.1673673,
            -4.2215086
          ],
          [
            -81.1673468,
            -4.2215708
          ],
          [
            -81.1673102,
            -4.2216317
          ],
          [
            -81.1672594,
            -4.2216824
          ],
          [
            -81.1671855,
            -4.2217286
          ],
          [
            -81.1670478,
            -4.2217777
          ],
          [
            -81.1669746,
            -4.2218082
          ],
          [
            -81.1669054,
            -4.2218467
          ],
          [
            -81.1668363,
            -4.2219015
          ],
          [
            -81.166787,
            -4.2219485
          ],
          [
            -81.1667468,
            -4.2220131
          ],
          [
            -81.166704,
            -4.2221023
          ],
          [
            -81.1666857,
            -4.2221855
          ],
          [
            -81.1666796,
            -4.2222687
          ],
          [
            -81.166689,
            -4.2223441
          ],
          [
            -81.1667061,
            -4.222433
          ],
          [
            -81.1668643,
            -4.2229901
          ],
          [
            -81.1668973,
            -4.2230923
          ],
          [
            -81.16694,
            -4.2231735
          ],
          [
            -81.166997,
            -4.2232506
          ],
          [
            -81.1670621,
            -4.2233216
          ],
          [
            -81.1671333,
            -4.2233784
          ],
          [
            -81.1672162,
            -4.2234384
          ],
          [
            -81.1675482,
            -4.2236644
          ],
          [
            -81.1676377,
            -4.2237212
          ],
          [
            -81.1677354,
            -4.2237821
          ],
          [
            -81.1678656,
            -4.223847
          ],
          [
            -81.168008,
            -4.2239159
          ],
          [
            -81.1681072,
            -4.2239626
          ],
          [
            -81.1682154,
            -4.2240255
          ],
          [
            -81.1683009,
            -4.2240945
          ],
          [
            -81.1683741,
            -4.2241736
          ],
          [
            -81.1685531,
            -4.2243724
          ],
          [
            -81.1686833,
            -4.2245103
          ],
          [
            -81.1688359,
            -4.2246706
          ],
          [
            -81.1692691,
            -4.2250824
          ],
          [
            -81.1694237,
            -4.2252265
          ],
          [
            -81.1696955,
            -4.2254702
          ],
          [
            -81.1697797,
            -4.225545
          ],
          [
            -81.1698448,
            -4.2256078
          ],
          [
            -81.1698957,
            -4.2256687
          ],
          [
            -81.1699567,
            -4.2257559
          ],
          [
            -81.1699855,
            -4.2258311
          ],
          [
            -81.1700116,
            -4.2259182
          ],
          [
            -81.1700299,
            -4.2260095
          ],
          [
            -81.170036,
            -4.2261069
          ],
          [
            -81.1700299,
            -4.2262063
          ],
          [
            -81.1700118,
            -4.2262939
          ],
          [
            -81.169977,
            -4.2263828
          ],
          [
            -81.1699201,
            -4.2264761
          ],
          [
            -81.1698672,
            -4.2265532
          ],
          [
            -81.169783,
            -4.2266339
          ],
          [
            -81.1695232,
            -4.2268643
          ],
          [
            -81.1694359,
            -4.2269305
          ],
          [
            -81.1693505,
            -4.2269914
          ],
          [
            -81.169261,
            -4.2270279
          ],
          [
            -81.1691616,
            -4.2270435
          ],
          [
            -81.1690608,
            -4.2270414
          ],
          [
            -81.1689803,
            -4.2270319
          ],
          [
            -81.1688725,
            -4.2270056
          ],
          [
            -81.1687586,
            -4.2269853
          ],
          [
            -81.1686792,
            -4.2269812
          ],
          [
            -81.1685938,
            -4.2269873
          ],
          [
            -81.1684975,
            -4.227013
          ],
          [
            -81.1684351,
            -4.2270522
          ],
          [
            -81.1683639,
            -4.2271111
          ],
          [
            -81.1683118,
            -4.2271907
          ],
          [
            -81.1682826,
            -4.2272652
          ],
          [
            -81.1682663,
            -4.2273444
          ],
          [
            -81.1682683,
            -4.2274336
          ],
          [
            -81.1682887,
            -4.2275107
          ],
          [
            -81.1683218,
            -4.2275942
          ],
          [
            -81.168368,
            -4.2276629
          ],
          [
            -81.1684148,
            -4.2277197
          ],
          [
            -81.1686265,
            -4.2279464
          ],
          [
            -81.1687138,
            -4.2280382
          ],
          [
            -81.1687769,
            -4.2281193
          ],
          [
            -81.1688176,
            -4.2281842
          ],
          [
            -81.168845,
            -4.2282503
          ],
          [
            -81.1688725,
            -4.2283303
          ],
          [
            -81.1688847,
            -4.2284216
          ],
          [
            -81.1688818,
            -4.2285478
          ],
          [
            -81.1688847,
            -4.2286609
          ],
          [
            -81.1688969,
            -4.2287259
          ],
          [
            -81.1689213,
            -4.2287867
          ],
          [
            -81.1689742,
            -4.2288354
          ],
          [
            -81.169021,
            -4.2288618
          ],
          [
            -81.1690922,
            -4.2288801
          ],
          [
            -81.1691573,
            -4.228878
          ],
          [
            -81.1692183,
            -4.2288577
          ],
          [
            -81.1692732,
            -4.2288212
          ],
          [
            -81.1693078,
            -4.2287644
          ],
          [
            -81.1693294,
            -4.2287089
          ],
          [
            -81.1693281,
            -4.2286467
          ],
          [
            -81.1692987,
            -4.2284943
          ],
          [
            -81.1692854,
            -4.2283952
          ],
          [
            -81.1692854,
            -4.2283039
          ],
          [
            -81.1692936,
            -4.2282268
          ],
          [
            -81.1693281,
            -4.2281558
          ],
          [
            -81.1693831,
            -4.2280909
          ],
          [
            -81.1694582,
            -4.2280426
          ],
          [
            -81.1695438,
            -4.2280037
          ],
          [
            -81.1696353,
            -4.2279793
          ],
          [
            -81.1697545,
            -4.2279588
          ],
          [
            -81.169853,
            -4.2279428
          ],
          [
            -81.1699872,
            -4.2279327
          ],
          [
            -81.1701377,
            -4.2279327
          ],
          [
            -81.170386,
            -4.2279381
          ],
          [
            -81.1705263,
            -4.2279489
          ],
          [
            -81.1706259,
            -4.227959
          ],
          [
            -81.1707195,
            -4.2279834
          ],
          [
            -81.1708131,
            -4.22803
          ],
          [
            -81.1709168,
            -4.228097
          ],
          [
            -81.1709901,
            -4.2281619
          ],
          [
            -81.1710572,
            -4.2282288
          ],
          [
            -81.1711685,
            -4.2283582
          ],
          [
            -81.1712993,
            -4.2285068
          ],
          [
            -81.1713562,
            -4.2285697
          ],
          [
            -81.1714091,
            -4.2286183
          ],
          [
            -81.1714729,
            -4.2286578
          ],
          [
            -81.1715434,
            -4.228663
          ],
          [
            -81.1716105,
            -4.2286609
          ],
          [
            -81.1716753,
            -4.228633
          ],
          [
            -81.1717203,
            -4.228594
          ],
          [
            -81.1717447,
            -4.2285372
          ],
          [
            -81.1717549,
            -4.2284824
          ],
          [
            -81.1717508,
            -4.2284155
          ],
          [
            -81.171704,
            -4.2282338
          ],
          [
            -81.1716817,
            -4.2281355
          ],
          [
            -81.1716837,
            -4.2280645
          ],
          [
            -81.1717061,
            -4.2279935
          ],
          [
            -81.1717468,
            -4.2279286
          ],
          [
            -81.1717981,
            -4.2278833
          ],
          [
            -81.1718688,
            -4.2278454
          ],
          [
            -81.1719441,
            -4.2278231
          ],
          [
            -81.1720214,
            -4.227817
          ],
          [
            -81.1720804,
            -4.2278272
          ],
          [
            -81.1721556,
            -4.2278495
          ],
          [
            -81.1722332,
            -4.2278831
          ],
          [
            -81.1725137,
            -4.2280179
          ],
          [
            -81.1726255,
            -4.2280787
          ],
          [
            -81.1726927,
            -4.2281092
          ],
          [
            -81.1728167,
            -4.2281619
          ],
          [
            -81.1729164,
            -4.2281964
          ],
          [
            -81.173049,
            -4.2282381
          ],
          [
            -81.1731687,
            -4.2282633
          ],
          [
            -81.1732582,
            -4.2282816
          ],
          [
            -81.1733334,
            -4.2283059
          ],
          [
            -81.1733945,
            -4.2283445
          ],
          [
            -81.1734411,
            -4.2283969
          ],
          [
            -81.1734636,
            -4.2284601
          ],
          [
            -81.1734656,
            -4.228521
          ],
          [
            -81.1734575,
            -4.2285859
          ],
          [
            -81.1734351,
            -4.2286386
          ],
          [
            -81.1733958,
            -4.2286862
          ],
          [
            -81.1733355,
            -4.2287076
          ],
          [
            -81.1732582,
            -4.2287096
          ],
          [
            -81.1731788,
            -4.2286954
          ],
          [
            -81.173057,
            -4.2286618
          ],
          [
            -81.1729652,
            -4.2286366
          ],
          [
            -81.1728839,
            -4.2286265
          ],
          [
            -81.1728025,
            -4.2286325
          ],
          [
            -81.1727443,
            -4.2286663
          ],
          [
            -81.1726886,
            -4.2287117
          ],
          [
            -81.1726418,
            -4.2287705
          ],
          [
            -81.1726133,
            -4.2288354
          ],
          [
            -81.1726011,
            -4.2289125
          ],
          [
            -81.1726011,
            -4.228976
          ],
          [
            -81.1726093,
            -4.2290687
          ],
          [
            -81.1726377,
            -4.2292493
          ],
          [
            -81.172656,
            -4.2293426
          ],
          [
            -81.1726744,
            -4.2294217
          ],
          [
            -81.1726971,
            -4.2294957
          ],
          [
            -81.1727496,
            -4.2295819
          ],
          [
            -81.1728025,
            -4.229659
          ],
          [
            -81.1728717,
            -4.229728
          ],
          [
            -81.1729388,
            -4.2297787
          ],
          [
            -81.1730059,
            -4.2298173
          ],
          [
            -81.1730897,
            -4.2298458
          ],
          [
            -81.1731849,
            -4.2298619
          ],
          [
            -81.1733077,
            -4.2298665
          ],
          [
            -81.1734718,
            -4.2298639
          ],
          [
            -81.1735531,
            -4.229866
          ],
          [
            -81.1736406,
            -4.2298761
          ],
          [
            -81.1737423,
            -4.2299106
          ],
          [
            -81.1738277,
            -4.2299491
          ],
          [
            -81.173903,
            -4.2300039
          ],
          [
            -81.1739582,
            -4.230056
          ],
          [
            -81.1740149,
            -4.2301195
          ],
          [
            -81.1741728,
            -4.2303635
          ],
          [
            -81.1742895,
            -4.2305516
          ],
          [
            -81.1743299,
            -4.230633
          ],
          [
            -81.1743546,
            -4.2307058
          ],
          [
            -81.1743729,
            -4.230787
          ],
          [
            -81.1743871,
            -4.2308742
          ],
          [
            -81.1743932,
            -4.2309817
          ],
          [
            -81.1743889,
            -4.231079
          ],
          [
            -81.1743627,
            -4.2311765
          ],
          [
            -81.1743159,
            -4.2313103
          ],
          [
            -81.1742732,
            -4.2314097
          ],
          [
            -81.1742439,
            -4.2314987
          ],
          [
            -81.1742285,
            -4.2315802
          ],
          [
            -81.1742346,
            -4.2316674
          ],
          [
            -81.1742407,
            -4.2317607
          ],
          [
            -81.1742628,
            -4.2318494
          ],
          [
            -81.1742976,
            -4.231927
          ],
          [
            -81.1743485,
            -4.2320001
          ],
          [
            -81.1744014,
            -4.232063
          ],
          [
            -81.1744685,
            -4.2321157
          ],
          [
            -81.1745286,
            -4.2321596
          ],
          [
            -81.1746048,
            -4.2321969
          ],
          [
            -81.1747553,
            -4.2322577
          ],
          [
            -81.1748469,
            -4.2322942
          ],
          [
            -81.1749119,
            -4.2323287
          ],
          [
            -81.174975,
            -4.2323774
          ],
          [
            -81.1750198,
            -4.232422
          ],
          [
            -81.1750719,
            -4.2324772
          ],
          [
            -81.1751947,
            -4.2326574
          ],
          [
            -81.1752415,
            -4.2327162
          ],
          [
            -81.1752944,
            -4.2327608
          ],
          [
            -81.1753513,
            -4.2327973
          ],
          [
            -81.1754235,
            -4.2328257
          ],
          [
            -81.1755059,
            -4.2328501
          ],
          [
            -81.1756727,
            -4.2328906
          ],
          [
            -81.1757643,
            -4.232915
          ],
          [
            -81.1758253,
            -4.2329474
          ],
          [
            -81.1758853,
            -4.2329929
          ],
          [
            -81.1759412,
            -4.233055
          ],
          [
            -81.1759962,
            -4.2331158
          ],
          [
            -81.1760368,
            -4.2331807
          ],
          [
            -81.1760592,
            -4.2332375
          ],
          [
            -81.1760653,
            -4.2333065
          ],
          [
            -81.1760662,
            -4.2333861
          ],
          [
            -81.1760539,
            -4.2334588
          ],
          [
            -81.1760092,
            -4.2335319
          ],
          [
            -81.1759319,
            -4.2335988
          ],
          [
            -81.1758607,
            -4.2336496
          ],
          [
            -81.1757976,
            -4.2337043
          ],
          [
            -81.175759,
            -4.233753
          ],
          [
            -81.1757203,
            -4.2338118
          ],
          [
            -81.1756979,
            -4.2338808
          ],
          [
            -81.1756979,
            -4.2339518
          ],
          [
            -81.1757122,
            -4.2340248
          ],
          [
            -81.1757482,
            -4.2340945
          ],
          [
            -81.1757915,
            -4.2341465
          ],
          [
            -81.1758424,
            -4.2341851
          ],
          [
            -81.1758932,
            -4.2342155
          ],
          [
            -81.1759522,
            -4.2342459
          ],
          [
            -81.1761963,
            -4.2343291
          ],
          [
            -81.1763851,
            -4.2344018
          ],
          [
            -81.176473,
            -4.2344448
          ],
          [
            -81.1765482,
            -4.2344975
          ],
          [
            -81.1766235,
            -4.2345685
          ],
          [
            -81.1766744,
            -4.2346294
          ],
          [
            -81.1767171,
            -4.2346943
          ],
          [
            -81.1767476,
            -4.2347572
          ],
          [
            -81.1767702,
            -4.234837
          ],
          [
            -81.1767862,
            -4.2349235
          ],
          [
            -81.1768005,
            -4.2350655
          ],
          [
            -81.1768188,
            -4.2351852
          ],
          [
            -81.1768493,
            -4.2352907
          ],
          [
            -81.1768879,
            -4.2353759
          ],
          [
            -81.1769225,
            -4.2354489
          ],
          [
            -81.1769745,
            -4.2355181
          ],
          [
            -81.1770405,
            -4.235595
          ],
          [
            -81.1774018,
            -4.2359593
          ],
          [
            -81.1774915,
            -4.236044
          ],
          [
            -81.1776197,
            -4.2361819
          ],
          [
            -81.1777153,
            -4.2362915
          ],
          [
            -81.1778394,
            -4.2364456
          ],
          [
            -81.178047,
            -4.2367252
          ],
          [
            -81.1782147,
            -4.23697
          ],
          [
            -81.1782898,
            -4.237084
          ],
          [
            -81.1783428,
            -4.2371857
          ],
          [
            -81.1783713,
            -4.2372628
          ],
          [
            -81.1783937,
            -4.2373582
          ],
          [
            -81.1784024,
            -4.2374384
          ],
          [
            -81.178408,
            -4.2375244
          ],
          [
            -81.1784104,
            -4.2376267
          ],
          [
            -81.1784061,
            -4.2380231
          ],
          [
            -81.1784174,
            -4.2381436
          ],
          [
            -81.1784431,
            -4.238244
          ],
          [
            -81.1784857,
            -4.238332
          ],
          [
            -81.1785383,
            -4.2384031
          ],
          [
            -81.1786097,
            -4.2384767
          ],
          [
            -81.1786777,
            -4.2385284
          ],
          [
            -81.1787623,
            -4.2385781
          ],
          [
            -81.1788477,
            -4.2386126
          ],
          [
            -81.1789352,
            -4.238643
          ],
          [
            -81.1790421,
            -4.2386652
          ],
          [
            -81.1791773,
            -4.2386816
          ],
          [
            -81.1794024,
            -4.2386851
          ],
          [
            -81.1795998,
            -4.2386893
          ],
          [
            -81.1797849,
            -4.2387015
          ],
          [
            -81.1799265,
            -4.2387181
          ],
          [
            -81.1800809,
            -4.2387423
          ],
          [
            -81.1802397,
            -4.238783
          ],
          [
            -81.180437,
            -4.2388398
          ],
          [
            -81.1806099,
            -4.2389088
          ],
          [
            -81.180791,
            -4.238998
          ],
          [
            -81.1809415,
            -4.2390852
          ],
          [
            -81.1810942,
            -4.239195
          ],
          [
            -81.181228,
            -4.2392962
          ],
          [
            -81.1813541,
            -4.2394037
          ],
          [
            -81.1814823,
            -4.2395194
          ],
          [
            -81.1816002,
            -4.239635
          ],
          [
            -81.1824587,
            -4.2404478
          ],
          [
            -81.1835563,
            -4.2415525
          ],
          [
            -81.1839254,
            -4.2419043
          ],
          [
            -81.1845865,
            -4.2425819
          ],
          [
            -81.1848285,
            -4.2428233
          ],
          [
            -81.1849343,
            -4.2429348
          ],
          [
            -81.1850279,
            -4.2430261
          ],
          [
            -81.1851321,
            -4.2431134
          ],
          [
            -81.1852415,
            -4.2431965
          ],
          [
            -81.1853635,
            -4.2432777
          ],
          [
            -81.1854571,
            -4.2433406
          ],
          [
            -81.1855812,
            -4.2434075
          ],
          [
            -81.1858395,
            -4.2435333
          ],
          [
            -81.1860002,
            -4.2436205
          ],
          [
            -81.1861324,
            -4.2436874
          ],
          [
            -81.186224,
            -4.2437463
          ],
          [
            -81.1863399,
            -4.2438213
          ],
          [
            -81.1864396,
            -4.2438944
          ],
          [
            -81.1865393,
            -4.2439775
          ],
          [
            -81.1866654,
            -4.2440891
          ],
          [
            -81.1867976,
            -4.2442027
          ],
          [
            -81.1869522,
            -4.2443325
          ],
          [
            -81.1870824,
            -4.2444299
          ],
          [
            -81.1872167,
            -4.2445293
          ],
          [
            -81.1873449,
            -4.2446136
          ],
          [
            -81.187506,
            -4.244712
          ],
          [
            -81.1877455,
            -4.2448519
          ],
          [
            -81.1886121,
            -4.2453453
          ],
          [
            -81.1893146,
            -4.24574
          ],
          [
            -81.1897756,
            -4.2460163
          ],
          [
            -81.1909462,
            -4.2466852
          ],
          [
            -81.1917793,
            -4.2471624
          ],
          [
            -81.1930385,
            -4.2478765
          ],
          [
            -81.1943289,
            -4.2486078
          ],
          [
            -81.1949699,
            -4.2489784
          ],
          [
            -81.1955914,
            -4.2493249
          ],
          [
            -81.1957541,
            -4.2494162
          ],
          [
            -81.1959148,
            -4.2495176
          ],
          [
            -81.196047,
            -4.249615
          ],
          [
            -81.1961752,
            -4.2497103
          ],
          [
            -81.196285,
            -4.2497976
          ],
          [
            -81.196401,
            -4.249903
          ],
          [
            -81.1965271,
            -4.2500308
          ],
          [
            -81.1966471,
            -4.2501627
          ],
          [
            -81.1967468,
            -4.2502702
          ],
          [
            -81.19684,
            -4.2503834
          ],
          [
            -81.1969136,
            -4.2504771
          ],
          [
            -81.1969949,
            -4.2505907
          ],
          [
            -81.1970824,
            -4.2507226
          ],
          [
            -81.1972695,
            -4.2510309
          ],
          [
            -81.1976405,
            -4.2516855
          ],
          [
            -81.1981402,
            -4.2525442
          ],
          [
            -81.1984717,
            -4.253092
          ],
          [
            -81.1987812,
            -4.2536058
          ],
          [
            -81.1994295,
            -4.254715
          ],
          [
            -81.2001428,
            -4.2558851
          ],
          [
            -81.2008339,
            -4.2570661
          ],
          [
            -81.2015378,
            -4.2582414
          ],
          [
            -81.2020092,
            -4.2590702
          ],
          [
            -81.2022252,
            -4.2594176
          ],
          [
            -81.202563,
            -4.2599628
          ],
          [
            -81.2026456,
            -4.2600984
          ],
          [
            -81.2027802,
            -4.2603481
          ],
          [
            -81.2030419,
            -4.2608171
          ],
          [
            -81.2034342,
            -4.2614604
          ],
          [
            -81.2036844,
            -4.261869
          ],
          [
            -81.2038488,
            -4.2621374
          ],
          [
            -81.2040046,
            -4.262412
          ],
          [
            -81.2041768,
            -4.2626996
          ],
          [
            -81.204432,
            -4.2630988
          ],
          [
            -81.2045751,
            -4.2633222
          ],
          [
            -81.2046775,
            -4.2634889
          ],
          [
            -81.2047493,
            -4.2636201
          ],
          [
            -81.2048212,
            -4.2637613
          ],
          [
            -81.20488,
            -4.2638766
          ],
          [
            -81.2049731,
            -4.2641102
          ],
          [
            -81.2050031,
            -4.2642075
          ],
          [
            -81.2050433,
            -4.2643467
          ],
          [
            -81.2050887,
            -4.2645529
          ],
          [
            -81.2051187,
            -4.2647466
          ],
          [
            -81.2051347,
            -4.2649582
          ],
          [
            -81.2051267,
            -4.2652217
          ],
          [
            -81.2050965,
            -4.2654451
          ],
          [
            -81.2050547,
            -4.2656609
          ],
          [
            -81.2049906,
            -4.2658605
          ],
          [
            -81.2049165,
            -4.2660462
          ],
          [
            -81.2048365,
            -4.2662259
          ],
          [
            -81.2047542,
            -4.2663827
          ],
          [
            -81.2046363,
            -4.2665812
          ],
          [
            -81.2045082,
            -4.2667529
          ],
          [
            -81.204386,
            -4.2669046
          ],
          [
            -81.2042459,
            -4.2670503
          ],
          [
            -81.2040898,
            -4.2671841
          ],
          [
            -81.2039479,
            -4.2672852
          ],
          [
            -81.2037514,
            -4.2674037
          ],
          [
            -81.2035713,
            -4.2674975
          ],
          [
            -81.2033511,
            -4.2675914
          ],
          [
            -81.2031629,
            -4.2676532
          ],
          [
            -81.2030591,
            -4.2676809
          ],
          [
            -81.2029148,
            -4.267715
          ]
        ]
      },
      "id": "way/40744794"
    },
    {
      "type": "Feature",
      "properties": {
        "@id": "way/44411441",
        "highway": "primary",
        "lanes": "1",
        "name": "Calle José Manuel Pando",
        "oneway": "yes",
        "source": "Yahoo",
        "surface": "unpaved"
      },
      "geometry": {
        "type": "LineString",
        "coordinates": [
          [
            -68.210953,
            -16.5054301
          ],
          [
            -68.211124,
            -16.5053446
          ]
        ]
      },
      "id": "way/44411441"
    },
    {
      "type": "Feature",
      "properties": {
        "@id": "way/44626322",
        "alt_name": "Calle 12",
        "bicycle": "yes",
        "foot": "no",
        "highway": "primary",
        "lanes": "2",
        "lit": "yes",
        "maxspeed:type": "BO:urban",
        "name": "Avenida Satélite",
        "oneway": "yes",
        "parking:lane:left": "no_parking",
        "parking:lane:right": "parallel",
        "sidewalk": "both",
        "sidewalk:both:surface": "concrete",
        "smoothness": "good",
        "surface": "concrete",
        "wheelchair": "limited",
        "width": "9.2"
      },
      "geometry": {
        "type": "LineString",
        "coordinates": [
          [
            -68.1509944,
            -16.52387
          ],
          [
            -68.1510837,
            -16.5238352
          ],
          [
            -68.1512273,
            -16.5237794
          ],
          [
            -68.1512542,
            -16.523769
          ],
          [
            -68.1513231,
            -16.5237401
          ]
        ]
      },
      "id": "way/44626322"
    },
    {
      "type": "Feature",
      "properties": {
        "@id": "way/44626323",
        "bicycle": "yes",
        "foot": "no",
        "highway": "primary",
        "junction": "roundabout",
        "lanes": "2",
        "lit": "yes",
        "maxspeed:type": "BO:urban",
        "name": "Plaza Sebastián Pagador",
        "oneway": "yes",
        "parking:left": "no",
        "parking:left:restriction": "no_parking",
        "parking:right": "yes",
        "parking:right:orientation": "parallel",
        "sidewalk": "left",
        "sidewalk:left:surface": "concrete",
        "smoothness": "good",
        "source": "Aeronave UAV",
        "surface": "concrete",
        "wheelchair": "limited",
        "width": "7.5"
      },
      "geometry": {
        "type": "LineString",
        "coordinates": [
          [
            -68.1503388,
            -16.5242477
          ],
          [
            -68.150319,
            -16.5242067
          ],
          [
            -68.1503132,
            -16.5241531
          ]
        ]
      },
      "id": "way/44626323"
    },
    {
      "type": "Feature",
      "properties": {
        "@id": "way/44626325",
        "alt_name": "Calle 12",
        "bicycle": "yes",
        "foot": "no",
        "highway": "primary",
        "incline": "0%",
        "lanes": "2",
        "lit": "yes",
        "maxspeed:type": "BO:urban",
        "name": "Avenida Satélite",
        "oneway": "yes",
        "parking:lane:left": "no_parking",
        "parking:lane:right": "parallel",
        "sidewalk": "both",
        "sidewalk:both:surface": "concrete",
        "smoothness": "good",
        "surface": "concrete",
        "wheelchair": "limited",
        "width": "8"
      },
      "geometry": {
        "type": "LineString",
        "coordinates": [
          [
            -68.1503388,
            -16.5242477
          ],
          [
            -68.1502685,
            -16.5242755
          ],
          [
            -68.1501467,
            -16.5243253
          ],
          [
            -68.1501239,
            -16.5243346
          ],
          [
            -68.1500227,
            -16.5243787
          ]
        ]
      },
      "id": "way/44626325"
    },
    {
      "type": "Feature",
      "properties": {
        "@id": "way/44626326",
        "alt_name": "Avenida Max Fernandez",
        "bicycle": "yes",
        "foot": "no",
        "highway": "primary",
        "incline": "0%",
        "lanes": "2",
        "lit": "yes",
        "maxspeed:type": "BO:urban",
        "name": "Avenida Panorámica",
        "oneway": "yes",
        "shoulder": "no",
        "sidewalk": "no",
        "smoothness": "excellent",
        "surface": "concrete",
        "wheelchair": "limited",
        "width": "8"
      },
      "geometry": {
        "type": "LineString",
        "coordinates": [
          [
            -68.1472043,
            -16.5299744
          ],
          [
            -68.1472343,
            -16.5300009
          ],
          [
            -68.1472846,
            -16.5300996
          ]
        ]
      },
      "id": "way/44626326"
    },
    {
      "type": "Feature",
      "properties": {
        "@id": "way/44769154",
        "bicycle": "yes",
        "foot": "no",
        "highway": "primary",
        "incline": "0%",
        "junction": "roundabout",
        "lanes": "2",
        "lit": "yes",
        "maxspeed:type": "BO:urban",
        "noname": "yes",
        "oneway": "yes",
        "parking:lane:left": "no_parking",
        "parking:lane:right": "no_parking",
        "shoulder": "no",
        "sidewalk": "no",
        "smoothness": "excellent",
        "surface": "concrete",
        "wheelchair": "limited",
        "width": "10"
      },
      "geometry": {
        "type": "LineString",
        "coordinates": [
          [
            -68.1456327,
            -16.52903
          ],
          [
            -68.1456019,
            -16.5290263
          ],
          [
            -68.1455728,
            -16.5290159
          ],
          [
            -68.1455471,
            -16.5289994
          ],
          [
            -68.1455259,
            -16.5289776
          ],
          [
            -68.1455107,
            -16.5289517
          ],
          [
            -68.145502,
            -16.5289231
          ]
        ]
      },
      "id": "way/44769154"
    },
    {
      "type": "Feature",
      "properties": {
        "@id": "way/44769155",
        "bicycle": "yes",
        "foot": "no",
        "highway": "primary",
        "incline": "0%",
        "lanes": "2",
        "lit": "yes",
        "maxspeed:type": "BO:urban",
        "name": "Avenida Panorámica",
        "oneway": "yes",
        "parking:lane:left": "no_parking",
        "parking:lane:right": "parallel",
        "sidewalk": "no",
        "smoothness": "excellent",
        "surface": "concrete",
        "wheelchair": "limited",
        "width": "8.8"
      },
      "geometry": {
        "type": "LineString",
        "coordinates": [
          [
            -68.145502,
            -16.5289231
          ],
          [
            -68.1453884,
            -16.5287697
          ],
          [
            -68.1453157,
            -16.528663
          ],
          [
            -68.1452602,
            -16.5285815
          ],
          [
            -68.1452192,
            -16.5284995
          ],
          [
            -68.1451977,
            -16.5284308
          ],
          [
            -68.1451922,
            -16.5283787
          ],
          [
            -68.14519,
            -16.5283239
          ]
        ]
      },
      "id": "way/44769155"
    },
    {
      "type": "Feature",
      "properties": {
        "@id": "way/44850346",
        "highway": "primary",
        "lanes": "2",
        "lit": "yes",
        "name": "Avenida 6 de Marzo",
        "oneway": "yes",
        "sidewalk": "right",
        "surface": "asphalt"
      },
      "geometry": {
        "type": "LineString",
        "coordinates": [
          [
            -68.1738158,
            -16.5365572
          ],
          [
            -68.1739514,
            -16.5367552
          ],
          [
            -68.1742001,
            -16.5374631
          ],
          [
            -68.1745692,
            -16.5385747
          ],
          [
            -68.1747803,
            -16.5391918
          ],
          [
            -68.1752053,
            -16.5404204
          ],
          [
            -68.1752826,
            -16.540625
          ],
          [
            -68.17535,
            -16.5408322
          ],
          [
            -68.1761438,
            -16.5431921
          ],
          [
            -68.1762493,
            -16.543506
          ],
          [
            -68.1763306,
            -16.5437531
          ],
          [
            -68.176584,
            -16.5444903
          ],
          [
            -68.1767254,
            -16.5449002
          ],
          [
            -68.1768824,
            -16.5453554
          ],
          [
            -68.1769823,
            -16.5456438
          ],
          [
            -68.1775292,
            -16.5472845
          ],
          [
            -68.1777747,
            -16.5480105
          ],
          [
            -68.1781828,
            -16.5492171
          ],
          [
            -68.1782249,
            -16.5493378
          ],
          [
            -68.1783603,
            -16.5497206
          ],
          [
            -68.1784532,
            -16.5499833
          ],
          [
            -68.178858,
            -16.5512013
          ],
          [
            -68.1788913,
            -16.5513081
          ],
          [
            -68.1793394,
            -16.5525847
          ],
          [
            -68.1795142,
            -16.553135
          ]
        ]
      },
      "id": "way/44850346"
    },
    {
      "type": "Feature",
      "properties": {
        "@id": "way/44850347",
        "highway": "primary",
        "lanes": "2",
        "lit": "yes",
        "name": "Avenida 6 de Marzo",
        "oneway": "yes",
        "sidewalk": "right",
        "surface": "asphalt"
      },
      "geometry": {
        "type": "LineString",
        "coordinates": [
          [
            -68.1851597,
            -16.5789589
          ],
          [
            -68.185243,
            -16.5779507
          ],
          [
            -68.1852519,
            -16.5777818
          ]
        ]
      },
      "id": "way/44850347"
    },
    {
      "type": "Feature",
      "properties": {
        "@id": "way/44850353",
        "highway": "primary",
        "lanes": "3",
        "lit": "yes",
        "maxspeed:type": "BO:urban",
        "name": "Avenida Bolivia",
        "oneway": "yes",
        "surface": "asphalt"
      },
      "geometry": {
        "type": "LineString",
        "coordinates": [
          [
            -68.1782447,
            -16.5436384
          ],
          [
            -68.1776597,
            -16.5441227
          ]
        ]
      },
      "id": "way/44850353"
    },
    {
      "type": "Feature",
      "properties": {
        "@id": "way/44850354",
        "highway": "primary",
        "lanes": "1",
        "maxspeed:type": "BO:urban",
        "name": "Avenida Bolivia",
        "oneway": "yes",
        "source": "yahoo",
        "surface": "asphalt"
      },
      "geometry": {
        "type": "LineString",
        "coordinates": [
          [
            -68.1774665,
            -16.5442247
          ],
          [
            -68.1775804,
            -16.5440459
          ]
        ]
      },
      "id": "way/44850354"
    },
    {
      "type": "Feature",
      "properties": {
        "@id": "way/44850355",
        "bridge": "viaduct",
        "bridge:name": "Puente Bolivia",
        "bridge:structure": "beam",
        "foot": "no",
        "highway": "primary",
        "lanes": "2",
        "layer": "1",
        "lit": "yes",
        "name": "Avenida Bolivia",
        "oneway": "no",
        "sidewalk:left": "separate",
        "sidewalk:right": "no",
        "surface": "asphalt"
      },
      "geometry": {
        "type": "LineString",
        "coordinates": [
          [
            -68.1763572,
            -16.5451071
          ],
          [
            -68.1767711,
            -16.5447685
          ]
        ]
      },
      "id": "way/44850355"
    },
    {
      "type": "Feature",
      "properties": {
        "@id": "way/44850356",
        "embankment": "yes",
        "highway": "primary",
        "lanes": "2",
        "lit": "yes",
        "name": "Avenida Bolivia",
        "oneway": "no",
        "surface": "asphalt"
      },
      "geometry": {
        "type": "LineString",
        "coordinates": [
          [
            -68.1767711,
            -16.5447685
          ],
          [
            -68.1769992,
            -16.5445936
          ]
        ]
      },
      "id": "way/44850356"
    },
    {
      "type": "Feature",
      "properties": {
        "@id": "way/44850359",
        "highway": "primary",
        "lanes": "2",
        "lit": "yes",
        "name": "Avenida 6 de Marzo",
        "oneway": "yes",
        "sidewalk": "right",
        "surface": "asphalt"
      },
      "geometry": {
        "type": "LineString",
        "coordinates": [
          [
            -68.180134,
            -16.5550225
          ],
          [
            -68.1806249,
            -16.5563756
          ],
          [
            -68.1807259,
            -16.5566432
          ],
          [
            -68.1809029,
            -16.5571265
          ],
          [
            -68.1816437,
            -16.559103
          ],
          [
            -68.1821349,
            -16.5602532
          ],
          [
            -68.1822582,
            -16.5605367
          ],
          [
            -68.1822743,
            -16.5605737
          ],
          [
            -68.1829953,
            -16.5622164
          ],
          [
            -68.1832152,
            -16.5627619
          ],
          [
            -68.1839791,
            -16.5646501
          ],
          [
            -68.1840764,
            -16.5648872
          ],
          [
            -68.1841774,
            -16.5651335
          ],
          [
            -68.1842009,
            -16.5651896
          ],
          [
            -68.1843074,
            -16.5654336
          ]
        ]
      },
      "id": "way/44850359"
    },
    {
      "type": "Feature",
      "properties": {
        "@id": "way/44850360",
        "hgv": "no",
        "highway": "primary",
        "lanes": "2",
        "lit": "yes",
        "name": "Avenida 6 de Marzo",
        "oneway": "yes",
        "sidewalk": "right",
        "surface": "asphalt"
      },
      "geometry": {
        "type": "LineString",
        "coordinates": [
          [
            -68.1794422,
            -16.5538595
          ],
          [
            -68.1793748,
            -16.5536846
          ],
          [
            -68.179136,
            -16.55296
          ],
          [
            -68.1789004,
            -16.5523101
          ],
          [
            -68.1782753,
            -16.5504863
          ],
          [
            -68.1781569,
            -16.5500816
          ],
          [
            -68.1780669,
            -16.5498237
          ],
          [
            -68.1775915,
            -16.5484579
          ],
          [
            -68.1775525,
            -16.5483459
          ],
          [
            -68.177372,
            -16.5477858
          ],
          [
            -68.176932,
            -16.5464805
          ]
        ]
      },
      "id": "way/44850360"
    },
    {
      "type": "Feature",
      "properties": {
        "@id": "way/44850362",
        "highway": "primary",
        "junction": "roundabout",
        "lanes": "3",
        "surface": "asphalt"
      },
      "geometry": {
        "type": "LineString",
        "coordinates": [
          [
            -68.1687793,
            -16.5416189
          ],
          [
            -68.1688083,
            -16.5416407
          ],
          [
            -68.1688327,
            -16.5416672
          ],
          [
            -68.1688517,
            -16.5416975
          ],
          [
            -68.1688646,
            -16.5417306
          ],
          [
            -68.1688712,
            -16.5417654
          ],
          [
            -68.1688688,
            -16.5417902
          ],
          [
            -68.168865,
            -16.5418284
          ]
        ]
      },
      "id": "way/44850362"
    },
    {
      "type": "Feature",
      "properties": {
        "@id": "way/44850364",
        "highway": "primary",
        "lanes": "2",
        "lit": "yes",
        "maxspeed": "40",
        "name": "Avenida Cívica",
        "oneway": "yes",
        "surface": "concrete"
      },
      "geometry": {
        "type": "LineString",
        "coordinates": [
          [
            -68.1684692,
            -16.5417594
          ],
          [
            -68.1684514,
            -16.541755
          ],
          [
            -68.1684065,
            -16.5417318
          ],
          [
            -68.1683609,
            -16.5416894
          ],
          [
            -68.1673999,
            -16.5400524
          ]
        ]
      },
      "id": "way/44850364"
    },
    {
      "type": "Feature",
      "properties": {
        "@id": "way/44850365",
        "highway": "primary",
        "lanes": "2",
        "lit": "yes",
        "maxspeed:type": "BO:urban",
        "name": "Avenida Cívica",
        "oneway": "yes",
        "surface": "asphalt"
      },
      "geometry": {
        "type": "LineString",
        "coordinates": [
          [
            -68.168865,
            -16.5418284
          ],
          [
            -68.168894,
            -16.5418479
          ],
          [
            -68.1689442,
            -16.5418807
          ],
          [
            -68.1690653,
            -16.5419599
          ],
          [
            -68.1694278,
            -16.5421969
          ],
          [
            -68.169787,
            -16.5424318
          ],
          [
            -68.1701495,
            -16.5426689
          ],
          [
            -68.1705011,
            -16.5428988
          ],
          [
            -68.1708501,
            -16.5431271
          ],
          [
            -68.1712112,
            -16.5433632
          ],
          [
            -68.1715665,
            -16.5435955
          ],
          [
            -68.1719265,
            -16.5438309
          ],
          [
            -68.1723138,
            -16.5440842
          ],
          [
            -68.1726989,
            -16.544336
          ],
          [
            -68.1730677,
            -16.5445772
          ],
          [
            -68.1734049,
            -16.5447977
          ],
          [
            -68.1737828,
            -16.5450454
          ],
          [
            -68.174132,
            -16.5452702
          ],
          [
            -68.1744789,
            -16.5455
          ],
          [
            -68.174827,
            -16.5457277
          ],
          [
            -68.1749416,
            -16.545803
          ]
        ]
      },
      "id": "way/44850365"
    },
    {
      "type": "Feature",
      "properties": {
        "@id": "way/44876498",
        "highway": "primary",
        "incline": "up",
        "lanes": "4",
        "name": "Avenida Bolivia",
        "oneway": "no",
        "surface": "asphalt"
      },
      "geometry": {
        "type": "LineString",
        "coordinates": [
          [
            -68.1754348,
            -16.5458505
          ],
          [
            -68.1755713,
            -16.5457457
          ],
          [
            -68.175669,
            -16.5456706
          ]
        ]
      },
      "id": "way/44876498"
    },
    {
      "type": "Feature",
      "properties": {
        "@id": "way/45026552",
        "bridge": "yes",
        "bridge:name": "Puente Río Seco",
        "highway": "trunk",
        "lanes": "3",
        "layer": "1",
        "maxspeed": "80",
        "name": "Avenida Juan Pablo II",
        "oneway": "yes",
        "ref": "F2",
        "smoothness": "intermediate",
        "surface": "asphalt"
      },
      "geometry": {
        "type": "LineString",
        "coordinates": [
          [
            -68.2022389,
            -16.4909724
          ],
          [
            -68.202502,
            -16.4909329
          ]
        ]
      },
      "id": "way/45026552"
    },
    {
      "type": "Feature",
      "properties": {
        "@id": "way/45026554",
        "bridge": "yes",
        "bridge:name": "Puente Río Seco",
        "highway": "trunk",
        "lanes": "3",
        "layer": "1",
        "maxspeed": "80",
        "name": "Avenida Juan Pablo II",
        "oneway": "yes",
        "ref": "F2",
        "smoothness": "intermediate",
        "surface": "asphalt"
      },
      "geometry": {
        "type": "LineString",
        "coordinates": [
          [
            -68.202555,
            -16.4910624
          ],
          [
            -68.2022735,
            -16.4911166
          ]
        ]
      },
      "id": "way/45026554"
    },
    {
      "type": "Feature",
      "properties": {
        "@id": "way/45026555",
        "highway": "trunk",
        "lanes": "3",
        "maxspeed": "80",
        "name": "Avenida Juan Pablo II",
        "oneway": "yes",
        "ref": "F2",
        "smoothness": "intermediate",
        "surface": "asphalt"
      },
      "geometry": {
        "type": "LineString",
        "coordinates": [
          [
            -68.2022735,
            -16.4911166
          ],
          [
            -68.2020964,
            -16.4911478
          ],
          [
            -68.2015666,
            -16.4912584
          ],
          [
            -68.2014433,
            -16.491292
          ],
          [
            -68.2013736,
            -16.4913093
          ],
          [
            -68.2011118,
            -16.4913873
          ],
          [
            -68.2006359,
            -16.491558
          ]
        ]
      },
      "id": "way/45026555"
    },
    {
      "type": "Feature",
      "properties": {
        "@id": "way/110964832",
        "highway": "primary",
        "name": "Carretera Costanera I",
        "ref": "PI-100",
        "surface": "asphalt"
      },
      "geometry": {
        "type": "LineString",
        "coordinates": [
          [
            -81.1694311,
            -4.2166872
          ],
          [
            -81.1696054,
            -4.2166761
          ],
          [
            -81.1697345,
            -4.2166761
          ],
          [
            -81.1698759,
            -4.2166945
          ],
          [
            -81.1699887,
            -4.2167252
          ],
          [
            -81.1701014,
            -4.2167681
          ],
          [
            -81.1702176,
            -4.2168293
          ],
          [
            -81.1703904,
            -4.2169439
          ],
          [
            -81.1705154,
            -4.2170502
          ],
          [
            -81.1706413,
            -4.2171662
          ],
          [
            -81.1707306,
            -4.2172485
          ],
          [
            -81.170995,
            -4.2174978
          ],
          [
            -81.1711237,
            -4.2176246
          ],
          [
            -81.1712737,
            -4.2177533
          ],
          [
            -81.1713926,
            -4.2178351
          ],
          [
            -81.1715361,
            -4.2179168
          ],
          [
            -81.1716693,
            -4.2179904
          ],
          [
            -81.1718046,
            -4.2180422
          ],
          [
            -81.172319,
            -4.2181969
          ],
          [
            -81.1725813,
            -4.2182745
          ],
          [
            -81.1727679,
            -4.2183134
          ],
          [
            -81.1729222,
            -4.2183237
          ],
          [
            -81.1730343,
            -4.2183236
          ],
          [
            -81.1732167,
            -4.2183113
          ],
          [
            -81.1740181,
            -4.2181907
          ],
          [
            -81.1741206,
            -4.2181785
          ],
          [
            -81.1744476,
            -4.2181151
          ],
          [
            -81.1745747,
            -4.2180844
          ],
          [
            -81.1746854,
            -4.2180395
          ],
          [
            -81.1748063,
            -4.217972
          ],
          [
            -81.1749176,
            -4.2178983
          ],
          [
            -81.1750441,
            -4.2178289
          ],
          [
            -81.1751363,
            -4.2177901
          ],
          [
            -81.1752326,
            -4.2177574
          ],
          [
            -81.1753248,
            -4.2177445
          ],
          [
            -81.1754273,
            -4.217741
          ],
          [
            -81.1755544,
            -4.2177594
          ],
          [
            -81.1756938,
            -4.2178024
          ],
          [
            -81.1758372,
            -4.2178616
          ],
          [
            -81.1759766,
            -4.2179332
          ],
          [
            -81.1762469,
            -4.2181933
          ],
          [
            -81.1763436,
            -4.2183191
          ],
          [
            -81.1763803,
            -4.2183668
          ],
          [
            -81.176502,
            -4.2185431
          ],
          [
            -81.1768962,
            -4.2190779
          ],
          [
            -81.1772208,
            -4.2194855
          ],
          [
            -81.1773571,
            -4.2196415
          ],
          [
            -81.1775223,
            -4.2198121
          ],
          [
            -81.1776759,
            -4.219948
          ],
          [
            -81.177815,
            -4.2200694
          ],
          [
            -81.1779687,
            -4.2201908
          ],
          [
            -81.178273,
            -4.2204076
          ],
          [
            -81.1784643,
            -4.2205261
          ],
          [
            -81.1786643,
            -4.2206706
          ],
          [
            -81.1788324,
            -4.2208007
          ],
          [
            -81.1790092,
            -4.2209655
          ],
          [
            -81.1793889,
            -4.2212805
          ],
          [
            -81.1795686,
            -4.2213933
          ],
          [
            -81.1797512,
            -4.2214973
          ],
          [
            -81.179902,
            -4.2215812
          ],
          [
            -81.1800353,
            -4.2216245
          ],
          [
            -81.1801454,
            -4.221639
          ],
          [
            -81.1803251,
            -4.2215812
          ],
          [
            -81.1807701,
            -4.2211993
          ],
          [
            -81.1810525,
            -4.2208947
          ],
          [
            -81.1811222,
            -4.22077
          ],
          [
            -81.1811981,
            -4.2205881
          ],
          [
            -81.1812349,
            -4.2204532
          ],
          [
            -81.1812729,
            -4.2201515
          ],
          [
            -81.1813098,
            -4.2200125
          ],
          [
            -81.1813672,
            -4.2198939
          ],
          [
            -81.181566,
            -4.2196895
          ],
          [
            -81.1817095,
            -4.2196139
          ],
          [
            -81.181857,
            -4.2195342
          ],
          [
            -81.1820968,
            -4.2194136
          ],
          [
            -81.1822116,
            -4.2193952
          ],
          [
            -81.1823015,
            -4.2193938
          ],
          [
            -81.1823489,
            -4.2193931
          ],
          [
            -81.182478,
            -4.2194034
          ],
          [
            -81.1827199,
            -4.2194381
          ],
          [
            -81.1828121,
            -4.2194463
          ],
          [
            -81.1828921,
            -4.2194381
          ],
          [
            -81.1834659,
            -4.2192725
          ],
          [
            -81.1835459,
            -4.2192725
          ],
          [
            -81.1838451,
            -4.2193012
          ],
          [
            -81.1839394,
            -4.2193195
          ],
          [
            -81.1845317,
            -4.2195076
          ],
          [
            -81.1846424,
            -4.2195444
          ],
          [
            -81.1848473,
            -4.2196568
          ],
          [
            -81.1849905,
            -4.2197606
          ],
          [
            -81.1851183,
            -4.2198354
          ],
          [
            -81.185259,
            -4.2198894
          ],
          [
            -81.185367,
            -4.2199233
          ],
          [
            -81.1855264,
            -4.2199496
          ],
          [
            -81.1856487,
            -4.2199723
          ],
          [
            -81.1858543,
            -4.2200077
          ],
          [
            -81.1860596,
            -4.2200658
          ],
          [
            -81.1864318,
            -4.2201878
          ],
          [
            -81.1865598,
            -4.2202272
          ],
          [
            -81.186744,
            -4.2202395
          ],
          [
            -81.1870028,
            -4.2202783
          ],
          [
            -81.1872147,
            -4.2202395
          ],
          [
            -81.1874829,
            -4.2201138
          ],
          [
            -81.1877029,
            -4.2200309
          ],
          [
            -81.1879537,
            -4.2200095
          ],
          [
            -81.1881468,
            -4.220071
          ],
          [
            -81.1882876,
            -4.2202462
          ],
          [
            -81.1883064,
            -4.2204602
          ],
          [
            -81.1883734,
            -4.2206381
          ],
          [
            -81.1885504,
            -4.2209337
          ],
          [
            -81.1888964,
            -4.221153
          ],
          [
            -81.1891539,
            -4.2214245
          ],
          [
            -81.1893524,
            -4.2217602
          ],
          [
            -81.1894315,
            -4.2220317
          ],
          [
            -81.1894979,
            -4.2221518
          ],
          [
            -81.189563,
            -4.2222698
          ],
          [
            -81.1897159,
            -4.2224718
          ],
          [
            -81.1898594,
            -4.2225574
          ],
          [
            -81.1901517,
            -4.2225935
          ],
          [
            -81.1904977,
            -4.2226055
          ],
          [
            -81.1909242,
            -4.2226938
          ],
          [
            -81.1912541,
            -4.2228543
          ],
          [
            -81.1913575,
            -4.2229284
          ],
          [
            -81.1914281,
            -4.2230393
          ],
          [
            -81.1914729,
            -4.2231313
          ],
          [
            -81.1914767,
            -4.2232234
          ],
          [
            -81.1914821,
            -4.2236099
          ],
          [
            -81.1915116,
            -4.2238119
          ],
          [
            -81.1915612,
            -4.2239684
          ],
          [
            -81.1916618,
            -4.2240339
          ],
          [
            -81.1918093,
            -4.2240593
          ],
          [
            -81.1921527,
            -4.224046
          ],
          [
            -81.1925094,
            -4.2240914
          ],
          [
            -81.1929278,
            -4.2242506
          ],
          [
            -81.1931437,
            -4.2243723
          ],
          [
            -81.1933865,
            -4.2244953
          ],
          [
            -81.1936145,
            -4.2246719
          ],
          [
            -81.1937284,
            -4.2248337
          ],
          [
            -81.1938639,
            -4.225017
          ],
          [
            -81.1940034,
            -4.2251494
          ],
          [
            -81.1941858,
            -4.2252042
          ],
          [
            -81.1944245,
            -4.2251908
          ],
          [
            -81.1946753,
            -4.2252002
          ],
          [
            -81.1949582,
            -4.2252992
          ],
          [
            -81.1951835,
            -4.2254356
          ],
          [
            -81.1953525,
            -4.2254864
          ],
          [
            -81.195543,
            -4.225473
          ],
          [
            -81.1957347,
            -4.225457
          ],
          [
            -81.1960056,
            -4.2255105
          ],
          [
            -81.1964925,
            -4.2257191
          ],
          [
            -81.1966226,
            -4.2257325
          ],
          [
            -81.1969578,
            -4.2256937
          ],
          [
            -81.1971107,
            -4.2256349
          ],
          [
            -81.197228,
            -4.2255718
          ],
          [
            -81.1974192,
            -4.225469
          ],
          [
            -81.1978027,
            -4.2253045
          ],
          [
            -81.1981434,
            -4.2252483
          ],
          [
            -81.1984169,
            -4.225235
          ],
          [
            -81.1985886,
            -4.2252737
          ],
          [
            -81.1987308,
            -4.2253433
          ],
          [
            -81.1990942,
            -4.2257419
          ],
          [
            -81.1991747,
            -4.2258234
          ],
          [
            -81.1992578,
            -4.2258703
          ],
          [
            -81.1994241,
            -4.2258676
          ],
          [
            -81.1996025,
            -4.2259117
          ],
          [
            -81.1997379,
            -4.2260455
          ],
          [
            -81.1998975,
            -4.2261337
          ],
          [
            -81.2002073,
            -4.2262595
          ],
          [
            -81.200383,
            -4.226341
          ],
          [
            -81.2005574,
            -4.2263664
          ],
          [
            -81.2007532,
            -4.2263852
          ],
          [
            -81.2009195,
            -4.226424
          ],
          [
            -81.2011099,
            -4.2265724
          ],
          [
            -81.2012976,
            -4.2268988
          ],
          [
            -81.2013835,
            -4.2271368
          ],
          [
            -81.2016074,
            -4.2274378
          ],
          [
            -81.2018073,
            -4.2276116
          ],
          [
            -81.2018732,
            -4.2276427
          ],
          [
            -81.2020513,
            -4.2277266
          ],
          [
            -81.2024644,
            -4.2278871
          ],
          [
            -81.2026495,
            -4.2279326
          ],
          [
            -81.2027299,
            -4.2279299
          ],
          [
            -81.2028091,
            -4.2278189
          ],
          [
            -81.2028815,
            -4.2276705
          ],
          [
            -81.2030143,
            -4.2275728
          ],
          [
            -81.2035001,
            -4.2274515
          ],
          [
            -81.2036365,
            -4.2274351
          ],
          [
            -81.2037653,
            -4.2274979
          ],
          [
            -81.2039758,
            -4.2277681
          ],
          [
            -81.204515,
            -4.2283191
          ],
          [
            -81.2046625,
            -4.228378
          ],
          [
            -81.2048247,
            -4.2285131
          ],
          [
            -81.2057608,
            -4.2294934
          ],
          [
            -81.205911,
            -4.2297061
          ],
          [
            -81.2062356,
            -4.2300124
          ],
          [
            -81.2067439,
            -4.2303307
          ],
          [
            -81.2074493,
            -4.23078
          ],
          [
            -81.2077698,
            -4.2309874
          ],
          [
            -81.2078704,
            -4.231093
          ],
          [
            -81.2079509,
            -4.2313779
          ],
          [
            -81.2079549,
            -4.2316855
          ],
          [
            -81.2079576,
            -4.2319717
          ],
          [
            -81.207865,
            -4.2321643
          ],
          [
            -81.2076813,
            -4.2324291
          ],
          [
            -81.2076089,
            -4.232595
          ],
          [
            -81.2076008,
            -4.2327421
          ],
          [
            -81.2076424,
            -4.2328424
          ],
          [
            -81.207853,
            -4.23292
          ],
          [
            -81.2081051,
            -4.2329253
          ],
          [
            -81.2083063,
            -4.2328638
          ],
          [
            -81.2084752,
            -4.2327046
          ],
          [
            -81.2085611,
            -4.2325856
          ],
          [
            -81.2087743,
            -4.2325027
          ],
          [
            -81.2090224,
            -4.2325308
          ],
          [
            -81.209351,
            -4.2325789
          ],
          [
            -81.2097158,
            -4.2326699
          ],
          [
            -81.2098593,
            -4.2328063
          ],
          [
            -81.2099759,
            -4.2330524
          ],
          [
            -81.2100603,
            -4.2332157
          ],
          [
            -81.2102514,
            -4.233423
          ],
          [
            -81.2103206,
            -4.2335218
          ],
          [
            -81.2103569,
            -4.2336858
          ],
          [
            -81.2104391,
            -4.2339423
          ],
          [
            -81.2105782,
            -4.2341864
          ],
          [
            -81.2107011,
            -4.2344403
          ],
          [
            -81.2108671,
            -4.2347633
          ],
          [
            -81.2109737,
            -4.2349274
          ],
          [
            -81.2110999,
            -4.2350882
          ],
          [
            -81.2112227,
            -4.2352296
          ],
          [
            -81.2113553,
            -4.2353612
          ],
          [
            -81.211691,
            -4.2355763
          ],
          [
            -81.2118437,
            -4.23568
          ],
          [
            -81.2119216,
            -4.2357577
          ],
          [
            -81.212032,
            -4.2358839
          ],
          [
            -81.2121515,
            -4.2360608
          ],
          [
            -81.2122581,
            -4.2362572
          ],
          [
            -81.2124451,
            -4.2365689
          ],
          [
            -81.2126317,
            -4.2368415
          ],
          [
            -81.212828,
            -4.2370833
          ],
          [
            -81.213238,
            -4.2375151
          ],
          [
            -81.2134138,
            -4.2376971
          ],
          [
            -81.2135832,
            -4.2379249
          ],
          [
            -81.213736,
            -4.2381022
          ],
          [
            -81.2138986,
            -4.2382471
          ],
          [
            -81.2140286,
            -4.2384493
          ],
          [
            -81.2141532,
            -4.2386813
          ],
          [
            -81.2143005,
            -4.2388969
          ],
          [
            -81.2145301,
            -4.2392407
          ],
          [
            -81.2147252,
            -4.2395411
          ],
          [
            -81.2149072,
            -4.2398479
          ],
          [
            -81.2151803,
            -4.2404581
          ],
          [
            -81.2155167,
            -4.2410456
          ],
          [
            -81.2156697,
            -4.2413238
          ],
          [
            -81.2158161,
            -4.2416053
          ],
          [
            -81.2160928,
            -4.2421844
          ],
          [
            -81.2162575,
            -4.2425113
          ],
          [
            -81.2164352,
            -4.2428187
          ],
          [
            -81.2166343,
            -4.2431142
          ],
          [
            -81.216979,
            -4.2435053
          ],
          [
            -81.2176698,
            -4.2440247
          ],
          [
            -81.2181245,
            -4.2444112
          ],
          [
            -81.2183022,
            -4.2446268
          ],
          [
            -81.218579,
            -4.2449551
          ],
          [
            -81.2187937,
            -4.2451428
          ],
          [
            -81.2189529,
            -4.2453482
          ],
          [
            -81.2190953,
            -4.245636
          ],
          [
            -81.2192772,
            -4.2461214
          ],
          [
            -81.2193207,
            -4.2462726
          ],
          [
            -81.219395,
            -4.2464077
          ],
          [
            -81.2199335,
            -4.2467047
          ],
          [
            -81.2202232,
            -4.2469615
          ],
          [
            -81.2203358,
            -4.2472397
          ],
          [
            -81.2204485,
            -4.2473841
          ],
          [
            -81.2206631,
            -4.2474911
          ],
          [
            -81.2209313,
            -4.2475767
          ],
          [
            -81.2212794,
            -4.2477669
          ],
          [
            -81.2218212,
            -4.2481949
          ],
          [
            -81.2223797,
            -4.2484487
          ],
          [
            -81.2228249,
            -4.2485878
          ],
          [
            -81.2231629,
            -4.2486681
          ],
          [
            -81.223474,
            -4.2486841
          ],
          [
            -81.2237369,
            -4.2486841
          ],
          [
            -81.223831,
            -4.2486971
          ]
        ]
      },
      "id": "way/110964832"
    },
    {
      "type": "Feature",
      "properties": {
        "@id": "way/113155363",
        "highway": "primary",
        "name": "Carretera Costanera I",
        "oneway": "yes",
        "ref": "PI-100",
        "surface": "asphalt"
      },
      "geometry": {
        "type": "LineString",
        "coordinates": [
          [
            -81.2355215,
            -4.2526469
          ],
          [
            -81.235607,
            -4.2526216
          ],
          [
            -81.2356741,
            -4.252588
          ],
          [
            -81.2357156,
            -4.2525184
          ],
          [
            -81.2357297,
            -4.2524826
          ],
          [
            -81.2357281,
            -4.2524152
          ],
          [
            -81.2356899,
            -4.2523249
          ],
          [
            -81.2356397,
            -4.2522411
          ],
          [
            -81.235542,
            -4.2521109
          ],
          [
            -81.2353283,
            -4.2519275
          ],
          [
            -81.2352209,
            -4.251833
          ]
        ]
      },
      "id": "way/113155363"
    },
    {
      "type": "Feature",
      "properties": {
        "@id": "way/114037082",
        "hgv": "designated",
        "highway": "primary",
        "name": "Avenida Litoral",
        "oneway": "yes",
        "source": "Bing",
        "surface": "asphalt"
      },
      "geometry": {
        "type": "LineString",
        "coordinates": [
          [
            -68.2224281,
            -16.5201212
          ],
          [
            -68.222023,
            -16.5204702
          ],
          [
            -68.221595,
            -16.5208433
          ],
          [
            -68.2209566,
            -16.5213678
          ],
          [
            -68.2207799,
            -16.5214965
          ],
          [
            -68.2206711,
            -16.5215522
          ],
          [
            -68.2205844,
            -16.5216246
          ],
          [
            -68.2205115,
            -16.5217023
          ],
          [
            -68.2202834,
            -16.5220171
          ],
          [
            -68.2198841,
            -16.5225773
          ],
          [
            -68.2193042,
            -16.5233844
          ],
          [
            -68.2188705,
            -16.524006
          ],
          [
            -68.2183082,
            -16.524793
          ],
          [
            -68.2180448,
            -16.525161
          ],
          [
            -68.2177967,
            -16.5255018
          ],
          [
            -68.2176951,
            -16.5255886
          ]
        ]
      },
      "id": "way/114037082"
    },
    {
      "type": "Feature",
      "properties": {
        "@id": "way/120309569",
        "highway": "primary",
        "lanes": "2",
        "maxspeed": "80",
        "name": "Avenida Buenos Aires",
        "oneway": "yes",
        "ref": "F1",
        "source": "bing",
        "surface": "concrete"
      },
      "geometry": {
        "type": "LineString",
        "coordinates": [
          [
            -68.2158421,
            -16.4926016
          ],
          [
            -68.216716,
            -16.4929499
          ],
          [
            -68.2171364,
            -16.4931019
          ]
        ]
      },
      "id": "way/120309569"
    },
    {
      "type": "Feature",
      "properties": {
        "@id": "way/120511146",
        "highway": "primary",
        "name": "Avenida Estructurante",
        "oneway": "no",
        "source": "bing"
      },
      "geometry": {
        "type": "LineString",
        "coordinates": [
          [
            -68.1843074,
            -16.5654336
          ],
          [
            -68.1844195,
            -16.5653876
          ],
          [
            -68.1846019,
            -16.5653081
          ]
        ]
      },
      "id": "way/120511146"
    },
    {
      "type": "Feature",
      "properties": {
        "@id": "way/120511148",
        "highway": "primary",
        "lanes": "2",
        "lit": "yes",
        "name": "Avenida 6 de Marzo",
        "oneway": "yes",
        "sidewalk": "right",
        "surface": "asphalt"
      },
      "geometry": {
        "type": "LineString",
        "coordinates": [
          [
            -68.1843074,
            -16.5654336
          ],
          [
            -68.1845131,
            -16.5659304
          ],
          [
            -68.1851661,
            -16.5674323
          ],
          [
            -68.1855524,
            -16.5683187
          ],
          [
            -68.1856918,
            -16.5686486
          ],
          [
            -68.185786,
            -16.5689118
          ],
          [
            -68.1858655,
            -16.5691764
          ],
          [
            -68.1859744,
            -16.5695777
          ],
          [
            -68.1860319,
            -16.5700446
          ],
          [
            -68.1860518,
            -16.5702551
          ],
          [
            -68.1860603,
            -16.5704162
          ],
          [
            -68.1860584,
            -16.5705096
          ],
          [
            -68.1860539,
            -16.5706948
          ],
          [
            -68.18604,
            -16.5709691
          ],
          [
            -68.1859371,
            -16.5725986
          ],
          [
            -68.1858362,
            -16.5739433
          ],
          [
            -68.1858275,
            -16.5740761
          ],
          [
            -68.1855632,
            -16.5776232
          ],
          [
            -68.1854705,
            -16.5789421
          ],
          [
            -68.1854129,
            -16.5796924
          ]
        ]
      },
      "id": "way/120511148"
    },
    {
      "type": "Feature",
      "properties": {
        "@id": "way/120511149",
        "highway": "trunk",
        "lanes": "4",
        "maxspeed": "40",
        "name": "Avenida 6 de Marzo",
        "oneway": "yes",
        "ref": "F1",
        "surface": "asphalt"
      },
      "geometry": {
        "type": "LineString",
        "coordinates": [
          [
            -68.1629064,
            -16.5041735
          ],
          [
            -68.1632531,
            -16.5051685
          ],
          [
            -68.163618,
            -16.506204
          ],
          [
            -68.163641,
            -16.5062739
          ],
          [
            -68.1639407,
            -16.5071831
          ],
          [
            -68.1640133,
            -16.5074033
          ]
        ]
      },
      "id": "way/120511149"
    },
    {
      "type": "Feature",
      "properties": {
        "@id": "way/120683459",
        "highway": "primary",
        "lanes": "2",
        "name": "Avenida Buenos Aires",
        "oneway": "yes",
        "source": "bing",
        "surface": "concrete"
      },
      "geometry": {
        "type": "LineString",
        "coordinates": [
          [
            -68.2171364,
            -16.4931019
          ],
          [
            -68.2172625,
            -16.493149
          ],
          [
            -68.2179035,
            -16.4933883
          ],
          [
            -68.2196422,
            -16.4940374
          ],
          [
            -68.2198793,
            -16.494126
          ],
          [
            -68.2199863,
            -16.4941659
          ],
          [
            -68.2204048,
            -16.4943221
          ],
          [
            -68.2222304,
            -16.494999
          ],
          [
            -68.2225731,
            -16.4951291
          ],
          [
            -68.2239734,
            -16.4956609
          ],
          [
            -68.2245093,
            -16.4958572
          ],
          [
            -68.2250638,
            -16.4960612
          ],
          [
            -68.2251409,
            -16.4960901
          ],
          [
            -68.2268075,
            -16.4966924
          ],
          [
            -68.2268891,
            -16.4967201
          ],
          [
            -68.2280562,
            -16.4971748
          ],
          [
            -68.2282713,
            -16.4972558
          ],
          [
            -68.2294941,
            -16.4977064
          ]
        ]
      },
      "id": "way/120683459"
    },
    {
      "type": "Feature",
      "properties": {
        "@id": "way/121206853",
        "highway": "primary",
        "lanes": "2",
        "name": "Avenida Estructurante",
        "oneway": "yes",
        "source": "bing",
        "surface": "concrete:plates"
      },
      "geometry": {
        "type": "LineString",
        "coordinates": [
          [
            -68.1937242,
            -16.5618711
          ],
          [
            -68.193687,
            -16.561887
          ],
          [
            -68.1936338,
            -16.5619098
          ],
          [
            -68.1932476,
            -16.5620747
          ],
          [
            -68.1926909,
            -16.56231
          ],
          [
            -68.1917223,
            -16.5627261
          ],
          [
            -68.1912861,
            -16.5629124
          ],
          [
            -68.1906859,
            -16.5631595
          ]
        ]
      },
      "id": "way/121206853"
    },
    {
      "type": "Feature",
      "properties": {
        "@id": "way/121516260",
        "embankment": "both",
        "foot": "no",
        "highway": "trunk",
        "lane_markings": "yes",
        "lanes": "2",
        "lit": "yes",
        "maxspeed": "80",
        "motorroad": "yes",
        "name": "Avenida Juan Pablo II",
        "oneway": "yes",
        "ref": "F2",
        "sidewalk": "no",
        "start_date": "2026-03-19",
        "surface": "concrete:plates"
      },
      "geometry": {
        "type": "LineString",
        "coordinates": [
          [
            -68.2081428,
            -16.48993
          ],
          [
            -68.207655,
            -16.4900312
          ]
        ]
      },
      "id": "way/121516260"
    },
    {
      "type": "Feature",
      "properties": {
        "@id": "way/121522836",
        "bridge": "yes",
        "foot": "no",
        "highway": "primary",
        "lanes": "1",
        "layer": "1",
        "name": "Calle José Manuel Pando",
        "oneway": "yes",
        "surface": "paved"
      },
      "geometry": {
        "type": "LineString",
        "coordinates": [
          [
            -68.2108404,
            -16.5054854
          ],
          [
            -68.210953,
            -16.5054301
          ]
        ]
      },
      "id": "way/121522836"
    },
    {
      "type": "Feature",
      "properties": {
        "@id": "way/167251906",
        "highway": "primary",
        "lanes": "2",
        "name": "Avenida Litoral",
        "oneway": "yes"
      },
      "geometry": {
        "type": "LineString",
        "coordinates": [
          [
            -68.2230598,
            -16.5190428
          ],
          [
            -68.2230877,
            -16.5190114
          ],
          [
            -68.2231437,
            -16.5189354
          ]
        ]
      },
      "id": "way/167251906"
    },
    {
      "type": "Feature",
      "properties": {
        "@id": "way/177490058",
        "highway": "primary",
        "lanes": "3",
        "name": "Avenida Bolivia",
        "oneway": "yes",
        "source": "bing",
        "surface": "asphalt"
      },
      "geometry": {
        "type": "LineString",
        "coordinates": [
          [
            -68.1976238,
            -16.5280584
          ],
          [
            -68.1975522,
            -16.528124
          ],
          [
            -68.1972912,
            -16.5283631
          ],
          [
            -68.1972209,
            -16.52843
          ],
          [
            -68.1969653,
            -16.5286729
          ],
          [
            -68.1969403,
            -16.5286968
          ],
          [
            -68.1966434,
            -16.5289802
          ],
          [
            -68.1963578,
            -16.5292534
          ],
          [
            -68.1959322,
            -16.5296605
          ],
          [
            -68.1949506,
            -16.5306005
          ],
          [
            -68.1944252,
            -16.531101
          ],
          [
            -68.1939161,
            -16.531586
          ],
          [
            -68.1932658,
            -16.5321944
          ]
        ]
      },
      "id": "way/177490058"
    },
    {
      "type": "Feature",
      "properties": {
        "@id": "way/177505555",
        "hgv": "designated",
        "highway": "primary",
        "junction": "roundabout",
        "source": "bing",
        "surface": "concrete"
      },
      "geometry": {
        "type": "LineString",
        "coordinates": [
          [
            -68.1854137,
            -16.5519473
          ],
          [
            -68.1855722,
            -16.5520112
          ],
          [
            -68.1856882,
            -16.5521222
          ],
          [
            -68.1857901,
            -16.5522777
          ],
          [
            -68.1858406,
            -16.5524098
          ],
          [
            -68.1858478,
            -16.5525703
          ],
          [
            -68.1858105,
            -16.5527152
          ],
          [
            -68.1857868,
            -16.5527485
          ],
          [
            -68.1857758,
            -16.5527777
          ],
          [
            -68.1857058,
            -16.5528525
          ],
          [
            -68.1856411,
            -16.5528862
          ],
          [
            -68.1855091,
            -16.5529226
          ],
          [
            -68.1854707,
            -16.552925
          ],
          [
            -68.1853033,
            -16.5529192
          ],
          [
            -68.1850803,
            -16.5528444
          ],
          [
            -68.1849564,
            -16.5527442
          ],
          [
            -68.1848858,
            -16.5526492
          ],
          [
            -68.1848262,
            -16.5525519
          ],
          [
            -68.1847995,
            -16.5524506
          ],
          [
            -68.1847729,
            -16.5523184
          ],
          [
            -68.1847734,
            -16.5522143
          ],
          [
            -68.1848276,
            -16.5520793
          ],
          [
            -68.1848986,
            -16.5519913
          ],
          [
            -68.1850065,
            -16.5519255
          ],
          [
            -68.1850384,
            -16.5519174
          ],
          [
            -68.1851586,
            -16.5519001
          ],
          [
            -68.1852942,
            -16.5519123
          ],
          [
            -68.1854137,
            -16.5519473
          ]
        ]
      },
      "id": "way/177505555"
    },
    {
      "type": "Feature",
      "properties": {
        "@id": "way/177576375",
        "hgv": "designated",
        "highway": "primary",
        "lanes": "2",
        "maxspeed": "40",
        "name": "Avenida Litoral",
        "oneway": "yes",
        "surface": "asphalt"
      },
      "geometry": {
        "type": "LineString",
        "coordinates": [
          [
            -68.1997011,
            -16.5409956
          ],
          [
            -68.2001514,
            -16.5405901
          ],
          [
            -68.2006945,
            -16.540127
          ],
          [
            -68.2009826,
            -16.5398752
          ],
          [
            -68.2022749,
            -16.5387454
          ]
        ]
      },
      "id": "way/177576375"
    },
    {
      "type": "Feature",
      "properties": {
        "@id": "way/177576378",
        "hgv": "designated",
        "highway": "primary",
        "lanes": "2",
        "name": "Avenida Litoral",
        "oneway": "yes",
        "source": "bing"
      },
      "geometry": {
        "type": "LineString",
        "coordinates": [
          [
            -68.2231869,
            -16.518988
          ],
          [
            -68.2231429,
            -16.5190593
          ],
          [
            -68.223112,
            -16.5190969
          ]
        ]
      },
      "id": "way/177576378"
    },
    {
      "type": "Feature",
      "properties": {
        "@id": "way/177576379",
        "highway": "primary",
        "lanes": "2",
        "name": "Avenida Julio Cesar Valdez",
        "oneway": "yes",
        "source": "bing",
        "surface": "concrete"
      },
      "geometry": {
        "type": "LineString",
        "coordinates": [
          [
            -68.2001056,
            -16.5251426
          ],
          [
            -68.2000164,
            -16.525077
          ],
          [
            -68.1999234,
            -16.5250206
          ],
          [
            -68.1998604,
            -16.5249912
          ],
          [
            -68.1997003,
            -16.5249157
          ],
          [
            -68.1995106,
            -16.5248196
          ],
          [
            -68.1988991,
            -16.5244754
          ],
          [
            -68.1986479,
            -16.5243604
          ],
          [
            -68.198431,
            -16.5242926
          ]
        ]
      },
      "id": "way/177576379"
    },
    {
      "type": "Feature",
      "properties": {
        "@id": "way/177576382",
        "bridge": "yes",
        "foot": "no",
        "hgv": "designated",
        "highway": "primary",
        "lanes": "2",
        "layer": "1",
        "name": "Puente Avenida Litoral",
        "oneway": "yes",
        "source": "bing",
        "surface": "asphalt"
      },
      "geometry": {
        "type": "LineString",
        "coordinates": [
          [
            -68.223112,
            -16.5190969
          ],
          [
            -68.2229196,
            -16.5192738
          ]
        ]
      },
      "id": "way/177576382"
    },
    {
      "type": "Feature",
      "properties": {
        "@id": "way/180061338",
        "highway": "trunk",
        "lanes": "2",
        "maxspeed": "80",
        "name": "Avenida Ladislao Cabrera",
        "oneway": "no",
        "ref": "F19",
        "source": "yahoo, bing",
        "surface": "asphalt"
      },
      "geometry": {
        "type": "LineString",
        "coordinates": [
          [
            -68.1980154,
            -16.5424596
          ],
          [
            -68.1982772,
            -16.5427438
          ],
          [
            -68.1992978,
            -16.5438492
          ],
          [
            -68.2001282,
            -16.544746
          ],
          [
            -68.2009482,
            -16.5456336
          ],
          [
            -68.2009998,
            -16.5456897
          ],
          [
            -68.2013387,
            -16.546055
          ],
          [
            -68.2016948,
            -16.5464422
          ],
          [
            -68.2018998,
            -16.5466664
          ],
          [
            -68.2020694,
            -16.5468533
          ],
          [
            -68.2024505,
            -16.5472784
          ],
          [
            -68.2029781,
            -16.5478671
          ],
          [
            -68.203541,
            -16.5484933
          ],
          [
            -68.2039739,
            -16.5489689
          ],
          [
            -68.2042398,
            -16.5492611
          ],
          [
            -68.2046557,
            -16.549701
          ],
          [
            -68.2050427,
            -16.5501222
          ],
          [
            -68.2051447,
            -16.5502352
          ],
          [
            -68.2052225,
            -16.5503201
          ],
          [
            -68.2059896,
            -16.5511471
          ],
          [
            -68.2069584,
            -16.5521997
          ],
          [
            -68.2075399,
            -16.5528384
          ],
          [
            -68.2078741,
            -16.5531903
          ],
          [
            -68.2084145,
            -16.5537691
          ],
          [
            -68.2086567,
            -16.554023
          ],
          [
            -68.2089905,
            -16.5543633
          ],
          [
            -68.2095111,
            -16.5549316
          ],
          [
            -68.2096045,
            -16.5550335
          ],
          [
            -68.2097361,
            -16.5551772
          ],
          [
            -68.2101836,
            -16.5556656
          ],
          [
            -68.2107338,
            -16.5562662
          ]
        ]
      },
      "id": "way/180061338"
    },
    {
      "type": "Feature",
      "properties": {
        "@id": "way/191807974",
        "highway": "primary",
        "lanes": "3",
        "name": "Avenida Bolivia",
        "oneway": "yes",
        "surface": "asphalt"
      },
      "geometry": {
        "type": "LineString",
        "coordinates": [
          [
            -68.193177,
            -16.5320973
          ],
          [
            -68.1938218,
            -16.5314924
          ],
          [
            -68.194328,
            -16.5310108
          ],
          [
            -68.1948556,
            -16.5305088
          ],
          [
            -68.1958404,
            -16.5296005
          ],
          [
            -68.1958964,
            -16.529542
          ],
          [
            -68.1960721,
            -16.5293749
          ],
          [
            -68.196158,
            -16.5292945
          ],
          [
            -68.1962765,
            -16.5291794
          ],
          [
            -68.1968272,
            -16.5286446
          ],
          [
            -68.1968555,
            -16.5286175
          ],
          [
            -68.1971368,
            -16.5283484
          ],
          [
            -68.1971598,
            -16.5283264
          ],
          [
            -68.197457,
            -16.5280427
          ],
          [
            -68.197485,
            -16.5280159
          ]
        ]
      },
      "id": "way/191807974"
    },
    {
      "type": "Feature",
      "properties": {
        "@id": "way/230619743",
        "hgv": "no",
        "highway": "primary",
        "lanes": "3",
        "name": "Avenida Bolivia",
        "oneway": "yes",
        "surface": "asphalt"
      },
      "geometry": {
        "type": "LineString",
        "coordinates": [
          [
            -68.2178285,
            -16.5150397
          ],
          [
            -68.2176404,
            -16.5150435
          ],
          [
            -68.217265,
            -16.5150525
          ],
          [
            -68.2166695,
            -16.5150615
          ],
          [
            -68.2160986,
            -16.5150817
          ],
          [
            -68.2154722,
            -16.5151038
          ],
          [
            -68.214379,
            -16.5151424
          ],
          [
            -68.2137677,
            -16.515164
          ],
          [
            -68.213126,
            -16.5151866
          ],
          [
            -68.2129334,
            -16.5151925
          ],
          [
            -68.2126235,
            -16.515202
          ]
        ]
      },
      "id": "way/230619743"
    },
    {
      "type": "Feature",
      "properties": {
        "@id": "way/230619750",
        "highway": "primary",
        "junction": "roundabout",
        "lanes": "3",
        "name": "Plaza de la Cruz",
        "oneway": "yes",
        "surface": "asphalt"
      },
      "geometry": {
        "type": "LineString",
        "coordinates": [
          [
            -68.2002532,
            -16.5248311
          ],
          [
            -68.2003101,
            -16.5247876
          ],
          [
            -68.2003733,
            -16.524753
          ],
          [
            -68.2004413,
            -16.5247282
          ],
          [
            -68.2005126,
            -16.5247139
          ],
          [
            -68.2005852,
            -16.5247104
          ],
          [
            -68.2006576,
            -16.5247177
          ],
          [
            -68.2007279,
            -16.5247357
          ],
          [
            -68.2007945,
            -16.524764
          ],
          [
            -68.2008556,
            -16.5248018
          ]
        ]
      },
      "id": "way/230619750"
    },
    {
      "type": "Feature",
      "properties": {
        "@id": "way/234246017",
        "highway": "primary",
        "lanes": "2",
        "name": "Avenida Julio Cesar Valdez",
        "oneway": "yes",
        "source": "bing",
        "surface": "concrete"
      },
      "geometry": {
        "type": "LineString",
        "coordinates": [
          [
            -68.2110542,
            -16.530888
          ],
          [
            -68.210671,
            -16.5307204
          ],
          [
            -68.2105651,
            -16.5306639
          ],
          [
            -68.2102288,
            -16.5304845
          ],
          [
            -68.208446,
            -16.5295472
          ],
          [
            -68.2075626,
            -16.5290698
          ],
          [
            -68.207463,
            -16.5290194
          ],
          [
            -68.2065594,
            -16.5285363
          ],
          [
            -68.2055465,
            -16.5279951
          ],
          [
            -68.2047304,
            -16.5275605
          ],
          [
            -68.2044208,
            -16.5273952
          ],
          [
            -68.2042803,
            -16.5273242
          ],
          [
            -68.2030362,
            -16.5266054
          ],
          [
            -68.2025875,
            -16.5263485
          ],
          [
            -68.2013552,
            -16.5256791
          ],
          [
            -68.2010618,
            -16.5255212
          ],
          [
            -68.2009252,
            -16.5254519
          ]
        ]
      },
      "id": "way/234246017"
    },
    {
      "type": "Feature",
      "properties": {
        "@id": "way/234441812",
        "hgv": "designated",
        "highway": "primary",
        "lanes": "2",
        "name": "Avenida Costanera",
        "oneway": "yes",
        "source": "bing",
        "surface": "concrete:plates"
      },
      "geometry": {
        "type": "LineString",
        "coordinates": [
          [
            -68.2222884,
            -16.5197389
          ],
          [
            -68.222445,
            -16.5195823
          ],
          [
            -68.2225851,
            -16.519428
          ],
          [
            -68.2226314,
            -16.5193495
          ],
          [
            -68.2226528,
            -16.519282
          ],
          [
            -68.2226622,
            -16.5192094
          ],
          [
            -68.2226629,
            -16.5191322
          ],
          [
            -68.2226548,
            -16.519048
          ],
          [
            -68.2226296,
            -16.518981
          ],
          [
            -68.2225873,
            -16.5189226
          ],
          [
            -68.2225241,
            -16.5188449
          ],
          [
            -68.222076,
            -16.5184256
          ],
          [
            -68.2211031,
            -16.5175379
          ],
          [
            -68.2203405,
            -16.5169196
          ],
          [
            -68.2197587,
            -16.5164379
          ]
        ]
      },
      "id": "way/234441812"
    },
    {
      "type": "Feature",
      "properties": {
        "@id": "way/240341628",
        "highway": "trunk",
        "lanes": "4",
        "maxspeed": "70",
        "name": "Avenida 6 de Marzo",
        "oneway": "yes",
        "ref": "F1",
        "surface": "asphalt"
      },
      "geometry": {
        "type": "LineString",
        "coordinates": [
          [
            -68.1737223,
            -16.5366963
          ],
          [
            -68.1736338,
            -16.5364172
          ],
          [
            -68.1734484,
            -16.5359112
          ]
        ]
      },
      "id": "way/240341628"
    },
    {
      "type": "Feature",
      "properties": {
        "@id": "way/240780911",
        "hgv": "designated",
        "highway": "primary",
        "junction": "roundabout",
        "lanes": "2",
        "name": "Rotonda Litoral y Junin",
        "oneway": "yes",
        "surface": "asphalt"
      },
      "geometry": {
        "type": "LineString",
        "coordinates": [
          [
            -68.2155322,
            -16.5276403
          ],
          [
            -68.2155085,
            -16.5276475
          ],
          [
            -68.2154842,
            -16.5276521
          ],
          [
            -68.2154595,
            -16.5276542
          ],
          [
            -68.2154347,
            -16.5276536
          ],
          [
            -68.2154101,
            -16.5276505
          ],
          [
            -68.2153861,
            -16.5276448
          ],
          [
            -68.2153628,
            -16.5276366
          ],
          [
            -68.2153406,
            -16.527626
          ],
          [
            -68.2153197,
            -16.5276131
          ],
          [
            -68.2153005,
            -16.5275981
          ],
          [
            -68.2152831,
            -16.5275812
          ],
          [
            -68.2152677,
            -16.5275625
          ],
          [
            -68.2152545,
            -16.5275424
          ],
          [
            -68.2152438,
            -16.527521
          ],
          [
            -68.2152355,
            -16.5274986
          ],
          [
            -68.2152299,
            -16.5274754
          ],
          [
            -68.2152269,
            -16.5274518
          ],
          [
            -68.2152266,
            -16.527428
          ],
          [
            -68.2152291,
            -16.5274044
          ]
        ]
      },
      "id": "way/240780911"
    },
    {
      "type": "Feature",
      "properties": {
        "@id": "way/240780913",
        "foot": "no",
        "hgv": "designated",
        "highway": "primary",
        "junction": "roundabout",
        "lanes": "2",
        "name": "Rotonda Litoral y Julio Cesar Valdez",
        "oneway": "yes",
        "surface": "asphalt"
      },
      "geometry": {
        "type": "LineString",
        "coordinates": [
          [
            -68.2116281,
            -16.531099
          ],
          [
            -68.2115997,
            -16.5311555
          ],
          [
            -68.2115594,
            -16.531205
          ],
          [
            -68.2115091,
            -16.5312452
          ],
          [
            -68.2114581,
            -16.5312716
          ],
          [
            -68.2114028,
            -16.5312883
          ],
          [
            -68.2113452,
            -16.5312948
          ],
          [
            -68.2112873,
            -16.5312908
          ],
          [
            -68.2112482,
            -16.5312819
          ],
          [
            -68.2111956,
            -16.5312611
          ],
          [
            -68.2111478,
            -16.5312313
          ],
          [
            -68.2111065,
            -16.5311936
          ],
          [
            -68.2110732,
            -16.5311492
          ],
          [
            -68.2110491,
            -16.5310997
          ],
          [
            -68.2110349,
            -16.5310468
          ],
          [
            -68.2110314,
            -16.531014
          ],
          [
            -68.2110355,
            -16.5309498
          ],
          [
            -68.2110542,
            -16.530888
          ],
          [
            -68.2110944,
            -16.5308209
          ],
          [
            -68.2111515,
            -16.5307662
          ],
          [
            -68.2112067,
            -16.5307338
          ],
          [
            -68.2112678,
            -16.5307133
          ],
          [
            -68.211332,
            -16.5307055
          ],
          [
            -68.2113964,
            -16.5307108
          ],
          [
            -68.2114624,
            -16.5307305
          ],
          [
            -68.2115222,
            -16.5307638
          ],
          [
            -68.2115725,
            -16.5308091
          ],
          [
            -68.2116111,
            -16.5308642
          ],
          [
            -68.211636,
            -16.530926
          ],
          [
            -68.2116431,
            -16.530961
          ],
          [
            -68.2116458,
            -16.5309965
          ],
          [
            -68.2116453,
            -16.5310172
          ],
          [
            -68.2116433,
            -16.5310379
          ],
          [
            -68.2116281,
            -16.531099
          ]
        ]
      },
      "id": "way/240780913"
    },
    {
      "type": "Feature",
      "properties": {
        "@id": "way/240780918",
        "hgv": "designated",
        "highway": "primary",
        "lanes": "2",
        "name": "Avenida Litoral",
        "oneway": "yes",
        "surface": "asphalt"
      },
      "geometry": {
        "type": "LineString",
        "coordinates": [
          [
            -68.2136315,
            -16.5292584
          ],
          [
            -68.2132604,
            -16.529608
          ],
          [
            -68.2120066,
            -16.5307087
          ],
          [
            -68.2117686,
            -16.5309124
          ],
          [
            -68.2116458,
            -16.5309965
          ]
        ]
      },
      "id": "way/240780918"
    },
    {
      "type": "Feature",
      "properties": {
        "@id": "way/240780920",
        "hgv": "designated",
        "highway": "primary",
        "lanes": "2",
        "maxspeed": "40",
        "name": "Avenida Litoral",
        "oneway": "yes",
        "surface": "asphalt"
      },
      "geometry": {
        "type": "LineString",
        "coordinates": [
          [
            -68.2113964,
            -16.5307108
          ],
          [
            -68.2115041,
            -16.5306231
          ],
          [
            -68.2115122,
            -16.5306165
          ],
          [
            -68.211618,
            -16.53053
          ],
          [
            -68.2121777,
            -16.5300511
          ],
          [
            -68.2128908,
            -16.5294275
          ],
          [
            -68.2132899,
            -16.5290752
          ],
          [
            -68.2144007,
            -16.5281163
          ],
          [
            -68.2152291,
            -16.5274044
          ]
        ]
      },
      "id": "way/240780920"
    },
    {
      "type": "Feature",
      "properties": {
        "@id": "way/240780923",
        "hgv": "designated",
        "highway": "primary",
        "lanes": "2",
        "name": "Avenida Litoral",
        "oneway": "yes",
        "surface": "asphalt"
      },
      "geometry": {
        "type": "LineString",
        "coordinates": [
          [
            -68.215443,
            -16.5272212
          ],
          [
            -68.2162181,
            -16.5265581
          ],
          [
            -68.2166604,
            -16.5261798
          ],
          [
            -68.2170182,
            -16.5258737
          ],
          [
            -68.2173375,
            -16.5256006
          ]
        ]
      },
      "id": "way/240780923"
    },
    {
      "type": "Feature",
      "properties": {
        "@id": "way/240789787",
        "hgv": "designated",
        "highway": "primary",
        "name": "Avenida Litoral",
        "oneway": "yes",
        "surface": "asphalt"
      },
      "geometry": {
        "type": "LineString",
        "coordinates": [
          [
            -68.2174718,
            -16.5254507
          ],
          [
            -68.2177423,
            -16.5251169
          ],
          [
            -68.2180357,
            -16.5247233
          ],
          [
            -68.2183373,
            -16.5242869
          ],
          [
            -68.2187014,
            -16.5237705
          ],
          [
            -68.2190258,
            -16.5232814
          ],
          [
            -68.2197516,
            -16.5222683
          ],
          [
            -68.2199665,
            -16.5219649
          ],
          [
            -68.220112,
            -16.52178
          ],
          [
            -68.2202598,
            -16.5216045
          ],
          [
            -68.2204723,
            -16.5213647
          ],
          [
            -68.220975,
            -16.5208515
          ],
          [
            -68.2213871,
            -16.5204829
          ],
          [
            -68.2221681,
            -16.5198507
          ]
        ]
      },
      "id": "way/240789787"
    },
    {
      "type": "Feature",
      "properties": {
        "@id": "way/240789793",
        "hgv": "no",
        "highway": "primary",
        "lanes": "2",
        "name": "Avenida Litoral",
        "oneway": "yes",
        "surface": "asphalt"
      },
      "geometry": {
        "type": "LineString",
        "coordinates": [
          [
            -68.2223812,
            -16.5197247
          ],
          [
            -68.2225381,
            -16.5196325
          ],
          [
            -68.2225928,
            -16.5195901
          ],
          [
            -68.2226486,
            -16.5195373
          ],
          [
            -68.2226919,
            -16.5194753
          ],
          [
            -68.2227451,
            -16.5193739
          ],
          [
            -68.2227872,
            -16.5193031
          ],
          [
            -68.2228227,
            -16.5192596
          ],
          [
            -68.2228666,
            -16.5192191
          ]
        ]
      },
      "id": "way/240789793"
    },
    {
      "type": "Feature",
      "properties": {
        "@id": "way/240789794",
        "hgv": "designated",
        "highway": "primary",
        "junction": "roundabout",
        "lane_markings": "no",
        "surface": "asphalt"
      },
      "geometry": {
        "type": "LineString",
        "coordinates": [
          [
            -68.2176951,
            -16.5255886
          ],
          [
            -68.2176972,
            -16.5256013
          ],
          [
            -68.2176981,
            -16.5256143
          ],
          [
            -68.2176979,
            -16.5256272
          ],
          [
            -68.2176967,
            -16.5256401
          ],
          [
            -68.2176931,
            -16.5256589
          ],
          [
            -68.2176874,
            -16.5256772
          ],
          [
            -68.2176797,
            -16.5256948
          ],
          [
            -68.2176699,
            -16.5257114
          ],
          [
            -68.2176584,
            -16.5257269
          ],
          [
            -68.2176451,
            -16.5257412
          ],
          [
            -68.2176303,
            -16.5257539
          ],
          [
            -68.2176141,
            -16.525765
          ],
          [
            -68.2175967,
            -16.5257743
          ],
          [
            -68.2175784,
            -16.5257818
          ],
          [
            -68.2175592,
            -16.5257871
          ],
          [
            -68.2175394,
            -16.5257906
          ],
          [
            -68.2175192,
            -16.525792
          ],
          [
            -68.217499,
            -16.5257911
          ],
          [
            -68.217479,
            -16.5257882
          ],
          [
            -68.2174595,
            -16.5257831
          ],
          [
            -68.2174407,
            -16.5257759
          ],
          [
            -68.2174229,
            -16.5257668
          ],
          [
            -68.2174062,
            -16.5257558
          ],
          [
            -68.217391,
            -16.5257431
          ],
          [
            -68.2173772,
            -16.5257289
          ],
          [
            -68.2173653,
            -16.5257133
          ],
          [
            -68.2173552,
            -16.5256965
          ],
          [
            -68.2173471,
            -16.5256787
          ],
          [
            -68.2173412,
            -16.5256602
          ],
          [
            -68.2173374,
            -16.5256411
          ],
          [
            -68.2173359,
            -16.5256218
          ],
          [
            -68.2173375,
            -16.5256006
          ],
          [
            -68.2173397,
            -16.5255841
          ],
          [
            -68.2173443,
            -16.5255661
          ],
          [
            -68.2173509,
            -16.5255487
          ],
          [
            -68.2173595,
            -16.5255321
          ],
          [
            -68.2173699,
            -16.5255165
          ],
          [
            -68.217382,
            -16.5255021
          ],
          [
            -68.2173957,
            -16.525489
          ],
          [
            -68.2174108,
            -16.5254775
          ],
          [
            -68.2174249,
            -16.5254687
          ],
          [
            -68.2174399,
            -16.5254613
          ],
          [
            -68.2174556,
            -16.5254553
          ],
          [
            -68.2174718,
            -16.5254507
          ],
          [
            -68.217489,
            -16.5254472
          ],
          [
            -68.2175064,
            -16.5254452
          ],
          [
            -68.217524,
            -16.5254449
          ],
          [
            -68.2175416,
            -16.5254463
          ],
          [
            -68.2175589,
            -16.5254493
          ],
          [
            -68.2175758,
            -16.5254539
          ],
          [
            -68.2175922,
            -16.5254601
          ],
          [
            -68.2176078,
            -16.5254678
          ],
          [
            -68.2176226,
            -16.5254769
          ],
          [
            -68.2176364,
            -16.5254874
          ],
          [
            -68.2176491,
            -16.5254991
          ],
          [
            -68.2176605,
            -16.5255119
          ],
          [
            -68.2176705,
            -16.5255258
          ],
          [
            -68.217679,
            -16.5255405
          ],
          [
            -68.217686,
            -16.525556
          ],
          [
            -68.2176914,
            -16.5255721
          ],
          [
            -68.2176951,
            -16.5255886
          ]
        ]
      },
      "id": "way/240789794"
    },
    {
      "type": "Feature",
      "properties": {
        "@id": "way/240789796",
        "hgv": "designated",
        "highway": "primary",
        "lanes": "2",
        "name": "Avenida Litoral",
        "oneway": "yes",
        "surface": "asphalt"
      },
      "geometry": {
        "type": "LineString",
        "coordinates": [
          [
            -68.2229196,
            -16.5192738
          ],
          [
            -68.2228815,
            -16.5193108
          ],
          [
            -68.2228558,
            -16.5193455
          ],
          [
            -68.2228277,
            -16.5194099
          ],
          [
            -68.2228124,
            -16.5194735
          ],
          [
            -68.2227926,
            -16.51964
          ],
          [
            -68.2227761,
            -16.5197236
          ],
          [
            -68.2227418,
            -16.5197992
          ],
          [
            -68.2226676,
            -16.5199082
          ],
          [
            -68.22256,
            -16.5200029
          ]
        ]
      },
      "id": "way/240789796"
    },
    {
      "type": "Feature",
      "properties": {
        "@id": "way/240789797",
        "hgv": "designated",
        "highway": "primary",
        "lanes": "2",
        "name": "Avenida Litoral",
        "oneway": "yes",
        "surface": "asphalt"
      },
      "geometry": {
        "type": "LineString",
        "coordinates": [
          [
            -68.2071754,
            -16.5344214
          ],
          [
            -68.2082543,
            -16.5334772
          ],
          [
            -68.2088676,
            -16.5329404
          ],
          [
            -68.2092659,
            -16.5325918
          ]
        ]
      },
      "id": "way/240789797"
    },
    {
      "type": "Feature",
      "properties": {
        "@id": "way/240789800",
        "foot": "yes",
        "hgv": "designated",
        "highway": "primary",
        "junction": "roundabout",
        "lanes": "2",
        "name": "Rotonda Litoral y Cochabamba",
        "oneway": "yes",
        "surface": "asphalt"
      },
      "geometry": {
        "type": "LineString",
        "coordinates": [
          [
            -68.2056956,
            -16.5362006
          ],
          [
            -68.2056315,
            -16.5362055
          ],
          [
            -68.205569,
            -16.536191
          ],
          [
            -68.2055142,
            -16.5361588
          ],
          [
            -68.2054725,
            -16.5361118
          ],
          [
            -68.205448,
            -16.5360548
          ],
          [
            -68.2054431,
            -16.5359933
          ],
          [
            -68.2054584,
            -16.5359334
          ],
          [
            -68.2054922,
            -16.535881
          ],
          [
            -68.2055413,
            -16.5358412
          ],
          [
            -68.2056008,
            -16.5358179
          ],
          [
            -68.205665,
            -16.5358134
          ],
          [
            -68.2057163,
            -16.535824
          ],
          [
            -68.2057631,
            -16.5358468
          ],
          [
            -68.2058023,
            -16.5358802
          ],
          [
            -68.2058315,
            -16.535922
          ],
          [
            -68.2058486,
            -16.5359696
          ],
          [
            -68.2058526,
            -16.5360197
          ],
          [
            -68.2058431,
            -16.5360692
          ],
          [
            -68.2058209,
            -16.5361148
          ],
          [
            -68.2057873,
            -16.5361535
          ],
          [
            -68.2057446,
            -16.5361827
          ],
          [
            -68.2056956,
            -16.5362006
          ]
        ]
      },
      "id": "way/240789800"
    },
    {
      "type": "Feature",
      "properties": {
        "@id": "way/240789804",
        "hgv": "designated",
        "highway": "primary",
        "lanes": "2",
        "name": "Avenida Litoral",
        "oneway": "yes",
        "surface": "asphalt"
      },
      "geometry": {
        "type": "LineString",
        "coordinates": [
          [
            -68.2048987,
            -16.5369133
          ],
          [
            -68.2041185,
            -16.5376291
          ],
          [
            -68.2038508,
            -16.5378657
          ],
          [
            -68.2025351,
            -16.539028
          ],
          [
            -68.2012531,
            -16.5401606
          ],
          [
            -68.2009086,
            -16.540465
          ],
          [
            -68.1999867,
            -16.5412795
          ],
          [
            -68.1996522,
            -16.541575
          ],
          [
            -68.1993109,
            -16.5418765
          ]
        ]
      },
      "id": "way/240789804"
    },
    {
      "type": "Feature",
      "properties": {
        "@id": "way/240852042",
        "highway": "primary",
        "lanes": "1",
        "name": "Camino El Alto-Achocalla",
        "oneway": "yes",
        "surface": "asphalt"
      },
      "geometry": {
        "type": "LineString",
        "coordinates": [
          [
            -68.1787077,
            -16.5548284
          ],
          [
            -68.1789422,
            -16.554704
          ],
          [
            -68.1790904,
            -16.5545678
          ],
          [
            -68.1791716,
            -16.5544576
          ],
          [
            -68.1793617,
            -16.5541287
          ]
        ]
      },
      "id": "way/240852042"
    },
    {
      "type": "Feature",
      "properties": {
        "@id": "way/240852043",
        "destination": "Achocalla;Mallasa",
        "highway": "primary",
        "lanes": "1",
        "name": "Camino El Alto-Achocalla",
        "oneway": "yes",
        "surface": "asphalt"
      },
      "geometry": {
        "type": "LineString",
        "coordinates": [
          [
            -68.1796652,
            -16.5549516
          ],
          [
            -68.1795809,
            -16.5549277
          ],
          [
            -68.1795343,
            -16.5548999
          ],
          [
            -68.1793392,
            -16.5548272
          ],
          [
            -68.1791335,
            -16.55479
          ],
          [
            -68.1789241,
            -16.5547897
          ],
          [
            -68.1787077,
            -16.5548284
          ]
        ]
      },
      "id": "way/240852043"
    },
    {
      "type": "Feature",
      "properties": {
        "@id": "way/241148037",
        "hgv": "designated",
        "highway": "primary",
        "lanes": "2",
        "maxspeed": "80",
        "name": "Avenida Bautista Oquendo",
        "note": "Road mainly used by trucks and other types of heavy goods vehicles to avoid the downtown Area of El Alto. Therefore the most appropriate classification is Primary.",
        "oneway": "yes",
        "ref": "F42",
        "source": "bing",
        "surface": "unpaved"
      },
      "geometry": {
        "type": "LineString",
        "coordinates": [
          [
            -68.2309819,
            -16.5110439
          ],
          [
            -68.2309413,
            -16.5118329
          ],
          [
            -68.2309181,
            -16.5130654
          ]
        ]
      },
      "id": "way/241148037"
    },
    {
      "type": "Feature",
      "properties": {
        "@id": "way/241148083",
        "hgv": "designated",
        "highway": "primary",
        "lanes": "2",
        "maxspeed": "80",
        "name": "Avenida Bautista Oquendo",
        "note": "Road mainly used by truck to evade the downtown Area of El Alto. Therefore the most apropiate classification is Primary.",
        "oneway": "yes",
        "ref": "F42",
        "source": "bing",
        "surface": "unpaved"
      },
      "geometry": {
        "type": "LineString",
        "coordinates": [
          [
            -68.2310144,
            -16.5034109
          ],
          [
            -68.2310403,
            -16.5040529
          ],
          [
            -68.2310557,
            -16.5045411
          ],
          [
            -68.2310672,
            -16.5050185
          ],
          [
            -68.2310688,
            -16.505086
          ],
          [
            -68.2310806,
            -16.5056574
          ],
          [
            -68.2310791,
            -16.5061597
          ],
          [
            -68.2310799,
            -16.5066538
          ],
          [
            -68.231056,
            -16.5071563
          ],
          [
            -68.2310573,
            -16.5073313
          ],
          [
            -68.2310597,
            -16.5076633
          ],
          [
            -68.2310584,
            -16.5081846
          ],
          [
            -68.2310358,
            -16.5086925
          ],
          [
            -68.231022,
            -16.5091812
          ],
          [
            -68.2310041,
            -16.5096968
          ],
          [
            -68.2310177,
            -16.5102024
          ],
          [
            -68.2309819,
            -16.5110439
          ]
        ]
      },
      "id": "way/241148083"
    },
    {
      "type": "Feature",
      "properties": {
        "@id": "way/241162968",
        "bridge": "yes",
        "highway": "trunk",
        "lanes": "2",
        "layer": "1",
        "length": "31.4",
        "maxspeed": "80",
        "name": "Puente Seke",
        "oneway": "no",
        "ref": "F1",
        "surface": "concrete",
        "width": "8.0"
      },
      "geometry": {
        "type": "LineString",
        "coordinates": [
          [
            -68.2373454,
            -16.5005169
          ],
          [
            -68.2370715,
            -16.5004346
          ]
        ]
      },
      "id": "way/241162968"
    },
    {
      "type": "Feature",
      "properties": {
        "@id": "way/243049412",
        "highway": "primary",
        "name": "Carretera Costanera I",
        "ref": "PI-100",
        "surface": "asphalt"
      },
      "geometry": {
        "type": "LineString",
        "coordinates": [
          [
            -81.2256509,
            -4.2660695
          ],
          [
            -81.2257646,
            -4.2661382
          ],
          [
            -81.2266115,
            -4.2667398
          ],
          [
            -81.2272234,
            -4.2672429
          ],
          [
            -81.227431,
            -4.267305
          ],
          [
            -81.2276247,
            -4.2672876
          ],
          [
            -81.2280129,
            -4.2671243
          ],
          [
            -81.2281661,
            -4.2671235
          ],
          [
            -81.2283869,
            -4.2672272
          ],
          [
            -81.2285168,
            -4.267414
          ],
          [
            -81.2285288,
            -4.2681693
          ],
          [
            -81.2286245,
            -4.2684703
          ],
          [
            -81.2288555,
            -4.2687069
          ],
          [
            -81.2291948,
            -4.2688669
          ],
          [
            -81.2296967,
            -4.2688765
          ],
          [
            -81.2298801,
            -4.2689356
          ],
          [
            -81.2303558,
            -4.2694744
          ],
          [
            -81.2307978,
            -4.2697655
          ],
          [
            -81.2310457,
            -4.2697713
          ],
          [
            -81.2312168,
            -4.2696672
          ],
          [
            -81.2312929,
            -4.2693959
          ],
          [
            -81.231216,
            -4.2690994
          ],
          [
            -81.2310979,
            -4.2689778
          ],
          [
            -81.2307118,
            -4.268848
          ],
          [
            -81.2301022,
            -4.2677154
          ],
          [
            -81.2298766,
            -4.2674322
          ],
          [
            -81.2297588,
            -4.267192
          ],
          [
            -81.229729,
            -4.2669367
          ],
          [
            -81.2298404,
            -4.266365
          ],
          [
            -81.229726,
            -4.2656629
          ],
          [
            -81.2298367,
            -4.2650062
          ],
          [
            -81.2298519,
            -4.2647481
          ],
          [
            -81.2299093,
            -4.2646477
          ],
          [
            -81.2299666,
            -4.2645808
          ],
          [
            -81.2302177,
            -4.2644828
          ],
          [
            -81.2303699,
            -4.2643891
          ],
          [
            -81.2306952,
            -4.2640766
          ],
          [
            -81.2308042,
            -4.2640079
          ],
          [
            -81.2311195,
            -4.2638698
          ],
          [
            -81.2312055,
            -4.2637451
          ],
          [
            -81.2312138,
            -4.2635945
          ],
          [
            -81.2311005,
            -4.2632085
          ],
          [
            -81.2310479,
            -4.2628875
          ],
          [
            -81.2309856,
            -4.2627507
          ],
          [
            -81.2308659,
            -4.2626475
          ],
          [
            -81.2307136,
            -4.262594
          ],
          [
            -81.2303765,
            -4.2625217
          ],
          [
            -81.2298547,
            -4.2621516
          ],
          [
            -81.2297999,
            -4.2620506
          ],
          [
            -81.2298159,
            -4.261983
          ],
          [
            -81.2299231,
            -4.2619032
          ],
          [
            -81.2300983,
            -4.2619168
          ],
          [
            -81.2303776,
            -4.2620206
          ],
          [
            -81.2305787,
            -4.2620161
          ],
          [
            -81.2311499,
            -4.2617448
          ],
          [
            -81.2314511,
            -4.2617521
          ],
          [
            -81.2318262,
            -4.2618317
          ],
          [
            -81.2321283,
            -4.261757
          ],
          [
            -81.2326221,
            -4.2612883
          ],
          [
            -81.2331034,
            -4.260745
          ],
          [
            -81.2338916,
            -4.2594
          ],
          [
            -81.2340149,
            -4.2591786
          ],
          [
            -81.2341314,
            -4.2589325
          ],
          [
            -81.2341536,
            -4.2588127
          ],
          [
            -81.2341339,
            -4.2585597
          ],
          [
            -81.2340437,
            -4.2583265
          ],
          [
            -81.2339314,
            -4.2582099
          ],
          [
            -81.2337395,
            -4.2581637
          ],
          [
            -81.2333219,
            -4.2581671
          ],
          [
            -81.2331144,
            -4.2581299
          ],
          [
            -81.2329691,
            -4.2580276
          ],
          [
            -81.2329085,
            -4.2578374
          ],
          [
            -81.2329642,
            -4.2576874
          ],
          [
            -81.2331329,
            -4.2575452
          ],
          [
            -81.2340263,
            -4.2569312
          ],
          [
            -81.2340868,
            -4.2567795
          ],
          [
            -81.2340455,
            -4.2565763
          ],
          [
            -81.233941,
            -4.2564787
          ],
          [
            -81.2337215,
            -4.2564688
          ],
          [
            -81.23281,
            -4.2569268
          ],
          [
            -81.2326243,
            -4.2569429
          ],
          [
            -81.2323799,
            -4.2566883
          ],
          [
            -81.2323135,
            -4.2565439
          ],
          [
            -81.2322943,
            -4.256298
          ],
          [
            -81.2324153,
            -4.2559859
          ],
          [
            -81.2326974,
            -4.2556413
          ],
          [
            -81.2332836,
            -4.2554219
          ],
          [
            -81.2334209,
            -4.2553321
          ],
          [
            -81.2339436,
            -4.2546209
          ],
          [
            -81.2344368,
            -4.2541497
          ],
          [
            -81.2344945,
            -4.2540152
          ],
          [
            -81.2345549,
            -4.2538743
          ],
          [
            -81.2346925,
            -4.2526976
          ],
          [
            -81.2347528,
            -4.2524505
          ],
          [
            -81.2349232,
            -4.2522926
          ],
          [
            -81.2350854,
            -4.2522846
          ],
          [
            -81.2352569,
            -4.252463
          ],
          [
            -81.2354251,
            -4.2526036
          ],
          [
            -81.2355215,
            -4.2526469
          ],
          [
            -81.2355479,
            -4.2526985
          ]
        ]
      },
      "id": "way/243049412"
    },
    {
      "type": "Feature",
      "properties": {
        "@id": "way/243705669",
        "highway": "trunk",
        "lanes": "2",
        "maxspeed": "80",
        "name": "Avenida Panamericana",
        "oneway": "yes",
        "ref": "F2",
        "shoulder": "right",
        "smoothness": "intermediate",
        "source": "yahoo",
        "surface": "asphalt"
      },
      "geometry": {
        "type": "LineString",
        "coordinates": [
          [
            -68.2283516,
            -16.4856524
          ],
          [
            -68.2292569,
            -16.4854525
          ],
          [
            -68.2325373,
            -16.4847364
          ]
        ]
      },
      "id": "way/243705669"
    },
    {
      "type": "Feature",
      "properties": {
        "@id": "way/252576209",
        "foot": "no",
        "highway": "trunk",
        "lane_markings": "yes",
        "lanes": "2",
        "lit": "yes",
        "maxspeed": "70",
        "name": "Avenida 6 de Marzo",
        "oneway": "yes",
        "ref": "F1",
        "shoulder": "no",
        "sidewalk": "no",
        "surface": "asphalt"
      },
      "geometry": {
        "type": "LineString",
        "coordinates": [
          [
            -68.1738158,
            -16.5365572
          ],
          [
            -68.1738561,
            -16.536763
          ],
          [
            -68.1745769,
            -16.5389675
          ],
          [
            -68.1750971,
            -16.5404534
          ],
          [
            -68.1751358,
            -16.5405639
          ],
          [
            -68.175165,
            -16.5406473
          ],
          [
            -68.1752373,
            -16.540864
          ],
          [
            -68.1759338,
            -16.5429399
          ],
          [
            -68.1766188,
            -16.5449694
          ],
          [
            -68.1767687,
            -16.5454135
          ],
          [
            -68.1776741,
            -16.5481027
          ],
          [
            -68.1782437,
            -16.5497685
          ],
          [
            -68.1791259,
            -16.5523485
          ],
          [
            -68.1795957,
            -16.5537241
          ],
          [
            -68.1796121,
            -16.5537723
          ]
        ]
      },
      "id": "way/252576209"
    },
    {
      "type": "Feature",
      "properties": {
        "@id": "way/252576210",
        "foot": "no",
        "hgv": "no",
        "highway": "trunk",
        "lane_markings": "yes",
        "lanes": "2",
        "lit": "yes",
        "maxspeed": "70",
        "name": "Avenida 6 de Marzo",
        "oneway": "yes",
        "ref": "F1",
        "shoulder": "no",
        "sidewalk": "no",
        "surface": "asphalt"
      },
      "geometry": {
        "type": "LineString",
        "coordinates": [
          [
            -68.1795438,
            -16.553788
          ],
          [
            -68.179042,
            -16.5523853
          ],
          [
            -68.1781678,
            -16.5497941
          ],
          [
            -68.1776,
            -16.5481111
          ],
          [
            -68.1766991,
            -16.545449
          ],
          [
            -68.1765538,
            -16.5450213
          ],
          [
            -68.1757378,
            -16.5426155
          ],
          [
            -68.1751545,
            -16.5408873
          ],
          [
            -68.1750986,
            -16.5407217
          ],
          [
            -68.1750658,
            -16.5406246
          ],
          [
            -68.1750133,
            -16.5404789
          ],
          [
            -68.1744758,
            -16.5389051
          ],
          [
            -68.1737223,
            -16.5366963
          ]
        ]
      },
      "id": "way/252576210"
    },
    {
      "type": "Feature",
      "properties": {
        "@id": "way/252576211",
        "highway": "trunk",
        "lane_markings": "yes",
        "lanes": "2",
        "lit": "yes",
        "motorroad": "yes",
        "name": "Avenida 6 de Marzo",
        "oneway": "yes",
        "ref": "F1",
        "sidewalk": "no",
        "surface": "asphalt"
      },
      "geometry": {
        "type": "LineString",
        "coordinates": [
          [
            -68.1842238,
            -16.565461
          ],
          [
            -68.1854438,
            -16.5683378
          ],
          [
            -68.1855782,
            -16.5686774
          ],
          [
            -68.1857186,
            -16.5690652
          ],
          [
            -68.1858401,
            -16.5695292
          ],
          [
            -68.185914,
            -16.5699889
          ],
          [
            -68.1859319,
            -16.5702976
          ],
          [
            -68.1859357,
            -16.5705315
          ],
          [
            -68.1859344,
            -16.5707067
          ],
          [
            -68.1859287,
            -16.5709748
          ],
          [
            -68.1858244,
            -16.5725067
          ],
          [
            -68.1857129,
            -16.5740386
          ],
          [
            -68.1854316,
            -16.5778052
          ],
          [
            -68.1853567,
            -16.5789413
          ]
        ]
      },
      "id": "way/252576211"
    },
    {
      "type": "Feature",
      "properties": {
        "@id": "way/252576212",
        "foot": "no",
        "highway": "trunk",
        "lane_markings": "yes",
        "lanes": "2",
        "lit": "yes",
        "name": "Avenida 6 de Marzo",
        "oneway": "yes",
        "ref": "F1",
        "shoulder": "no",
        "sidewalk": "no",
        "surface": "asphalt"
      },
      "geometry": {
        "type": "LineString",
        "coordinates": [
          [
            -68.1796121,
            -16.5537723
          ],
          [
            -68.1800438,
            -16.5550243
          ],
          [
            -68.180059,
            -16.5550683
          ]
        ]
      },
      "id": "way/252576212"
    },
    {
      "type": "Feature",
      "properties": {
        "@id": "way/252576213",
        "foot": "no",
        "highway": "trunk",
        "lane_markings": "yes",
        "lanes": "2",
        "lit": "yes",
        "name": "Avenida 6 de Marzo",
        "oneway": "yes",
        "ref": "F1",
        "shoulder": "no",
        "sidewalk": "no",
        "surface": "asphalt"
      },
      "geometry": {
        "type": "LineString",
        "coordinates": [
          [
            -68.1799891,
            -16.5550869
          ],
          [
            -68.1795644,
            -16.5538479
          ],
          [
            -68.1795438,
            -16.553788
          ]
        ]
      },
      "id": "way/252576213"
    },
    {
      "type": "Feature",
      "properties": {
        "@id": "way/252576214",
        "foot": "no",
        "highway": "trunk",
        "lane_markings": "yes",
        "lanes": "2",
        "lit": "yes",
        "name": "Avenida 6 de Marzo",
        "oneway": "yes",
        "ref": "F1",
        "shoulder": "no",
        "sidewalk": "no",
        "surface": "asphalt"
      },
      "geometry": {
        "type": "LineString",
        "coordinates": [
          [
            -68.184135,
            -16.5654905
          ],
          [
            -68.1837986,
            -16.564686
          ],
          [
            -68.1837668,
            -16.5646119
          ],
          [
            -68.1828851,
            -16.5625002
          ],
          [
            -68.1820956,
            -16.5606053
          ],
          [
            -68.1809645,
            -16.5579682
          ],
          [
            -68.1808294,
            -16.5575971
          ],
          [
            -68.1800036,
            -16.5551302
          ],
          [
            -68.1799891,
            -16.5550869
          ]
        ]
      },
      "id": "way/252576214"
    },
    {
      "type": "Feature",
      "properties": {
        "@id": "way/252576215",
        "foot": "no",
        "highway": "trunk",
        "lane_markings": "yes",
        "lanes": "2",
        "lit": "yes",
        "name": "Avenida 6 de Marzo",
        "oneway": "yes",
        "ref": "F1",
        "shoulder": "no",
        "sidewalk": "no",
        "surface": "asphalt"
      },
      "geometry": {
        "type": "LineString",
        "coordinates": [
          [
            -68.180059,
            -16.5550683
          ],
          [
            -68.1808868,
            -16.5575233
          ],
          [
            -68.1810478,
            -16.5579347
          ],
          [
            -68.1821715,
            -16.5605878
          ],
          [
            -68.1829643,
            -16.5624526
          ],
          [
            -68.1838101,
            -16.5644942
          ],
          [
            -68.1839181,
            -16.5647372
          ],
          [
            -68.1839832,
            -16.5648819
          ],
          [
            -68.1841581,
            -16.5652994
          ],
          [
            -68.1842238,
            -16.565461
          ]
        ]
      },
      "id": "way/252576215"
    },
    {
      "type": "Feature",
      "properties": {
        "@id": "way/252576216",
        "hgv": "designated",
        "highway": "trunk",
        "junction": "circular",
        "lanes": "2",
        "loc_name": "Rotonda Cruce Achocalla",
        "maxspeed": "80",
        "name": "Rotonda 6 de Marzo y Litoral",
        "oneway": "yes",
        "ref": "F1",
        "surface": "asphalt"
      },
      "geometry": {
        "type": "LineString",
        "coordinates": [
          [
            -68.1796652,
            -16.5549516
          ],
          [
            -68.1796283,
            -16.554917
          ],
          [
            -68.1795489,
            -16.5548158
          ],
          [
            -68.1794624,
            -16.5546758
          ],
          [
            -68.1794188,
            -16.5545656
          ],
          [
            -68.1793801,
            -16.5544198
          ],
          [
            -68.1793637,
            -16.5542914
          ],
          [
            -68.1793617,
            -16.5541287
          ],
          [
            -68.1793771,
            -16.5540597
          ],
          [
            -68.1793954,
            -16.5539732
          ],
          [
            -68.1794422,
            -16.5538595
          ]
        ]
      },
      "id": "way/252576216"
    },
    {
      "type": "Feature",
      "properties": {
        "@id": "way/265381895",
        "highway": "primary",
        "name": "Carretera Costanera I",
        "oneway": "yes",
        "ref": "PI-100",
        "surface": "asphalt"
      },
      "geometry": {
        "type": "LineString",
        "coordinates": [
          [
            -81.2352209,
            -4.251833
          ],
          [
            -81.2353111,
            -4.2518543
          ],
          [
            -81.235372,
            -4.251886
          ],
          [
            -81.2354424,
            -4.2519328
          ],
          [
            -81.2355049,
            -4.2519816
          ],
          [
            -81.2355626,
            -4.2520332
          ],
          [
            -81.2356073,
            -4.2520827
          ],
          [
            -81.2356545,
            -4.2521448
          ],
          [
            -81.2356941,
            -4.2522083
          ],
          [
            -81.235733,
            -4.2522795
          ],
          [
            -81.2357637,
            -4.2523577
          ],
          [
            -81.2357804,
            -4.2524098
          ],
          [
            -81.2357907,
            -4.2524643
          ],
          [
            -81.2357892,
            -4.2525217
          ],
          [
            -81.2357804,
            -4.2525673
          ],
          [
            -81.2357589,
            -4.2526141
          ],
          [
            -81.2357383,
            -4.2526467
          ],
          [
            -81.2357133,
            -4.2526726
          ],
          [
            -81.235682,
            -4.2526901
          ],
          [
            -81.2356417,
            -4.2527019
          ],
          [
            -81.2355972,
            -4.2527072
          ],
          [
            -81.2355479,
            -4.2526985
          ]
        ]
      },
      "id": "way/265381895"
    },
    {
      "type": "Feature",
      "properties": {
        "@id": "way/265381899",
        "highway": "primary",
        "name": "Carretera Costanera I",
        "ref": "PI-100",
        "source": "Bing",
        "surface": "asphalt"
      },
      "geometry": {
        "type": "LineString",
        "coordinates": [
          [
            -81.2352209,
            -4.251833
          ],
          [
            -81.2350677,
            -4.2517856
          ],
          [
            -81.2337859,
            -4.2513437
          ],
          [
            -81.2335374,
            -4.2512294
          ],
          [
            -81.2331801,
            -4.2509361
          ],
          [
            -81.2330276,
            -4.2508165
          ],
          [
            -81.2325414,
            -4.2506016
          ],
          [
            -81.2323631,
            -4.2505514
          ],
          [
            -81.2322879,
            -4.2505461
          ],
          [
            -81.2320693,
            -4.2507158
          ],
          [
            -81.2318855,
            -4.2508723
          ],
          [
            -81.2317689,
            -4.2509699
          ],
          [
            -81.2316646,
            -4.2510447
          ],
          [
            -81.2316079,
            -4.2510796
          ],
          [
            -81.2315516,
            -4.2510997
          ],
          [
            -81.2314872,
            -4.2511171
          ],
          [
            -81.2314228,
            -4.2511211
          ],
          [
            -81.2313642,
            -4.2511169
          ],
          [
            -81.2309957,
            -4.251032
          ],
          [
            -81.2309015,
            -4.2510029
          ],
          [
            -81.2306358,
            -4.2509396
          ],
          [
            -81.2303143,
            -4.2508546
          ],
          [
            -81.2300901,
            -4.2507883
          ],
          [
            -81.2297702,
            -4.2506034
          ],
          [
            -81.2294136,
            -4.2503849
          ],
          [
            -81.2293002,
            -4.2502743
          ],
          [
            -81.2289111,
            -4.2498917
          ],
          [
            -81.2284336,
            -4.2494487
          ],
          [
            -81.2281935,
            -4.2492534
          ],
          [
            -81.2280948,
            -4.2492142
          ],
          [
            -81.2278436,
            -4.249158
          ],
          [
            -81.2275556,
            -4.2491061
          ],
          [
            -81.2272872,
            -4.2490654
          ],
          [
            -81.2269447,
            -4.2490362
          ],
          [
            -81.2266732,
            -4.2490029
          ],
          [
            -81.2263475,
            -4.2489508
          ],
          [
            -81.2262416,
            -4.2489265
          ],
          [
            -81.2261157,
            -4.24888
          ],
          [
            -81.2259382,
            -4.24883
          ],
          [
            -81.2256584,
            -4.2487447
          ],
          [
            -81.2255069,
            -4.248709
          ],
          [
            -81.2253472,
            -4.2486947
          ],
          [
            -81.2251259,
            -4.2486676
          ],
          [
            -81.2249964,
            -4.2486447
          ],
          [
            -81.2248022,
            -4.2485947
          ],
          [
            -81.224583,
            -4.2485489
          ],
          [
            -81.2244667,
            -4.2485279
          ],
          [
            -81.2243804,
            -4.2485427
          ],
          [
            -81.223831,
            -4.2486971
          ]
        ]
      },
      "id": "way/265381899"
    },
    {
      "type": "Feature",
      "properties": {
        "@id": "way/338561719",
        "bridge": "yes",
        "highway": "trunk",
        "lanes": "2",
        "layer": "1",
        "lit": "yes",
        "maxspeed": "80",
        "name": "Doble Vía La Paz-Oruro",
        "oneway": "yes",
        "ref": "F1",
        "shoulder": "right",
        "surface": "asphalt"
      },
      "geometry": {
        "type": "LineString",
        "coordinates": [
          [
            -68.181003,
            -16.6394187
          ],
          [
            -68.1810123,
            -16.639269
          ]
        ]
      },
      "id": "way/338561719"
    },
    {
      "type": "Feature",
      "properties": {
        "@id": "way/338561721",
        "bridge": "yes",
        "highway": "trunk",
        "lanes": "2",
        "layer": "1",
        "lit": "yes",
        "maxspeed": "80",
        "name": "Doble Vía La Paz-Oruro",
        "oneway": "yes",
        "ref": "F1",
        "shoulder": "right",
        "surface": "asphalt"
      },
      "geometry": {
        "type": "LineString",
        "coordinates": [
          [
            -68.1810839,
            -16.6392724
          ],
          [
            -68.1810745,
            -16.6394292
          ]
        ]
      },
      "id": "way/338561721"
    },
    {
      "type": "Feature",
      "properties": {
        "@id": "way/369403470",
        "highway": "trunk",
        "lanes": "2",
        "lit": "yes",
        "maxspeed": "80",
        "name": "Doble Vía La Paz-Oruro",
        "oneway": "yes",
        "ref": "F1",
        "shoulder": "right",
        "surface": "asphalt"
      },
      "geometry": {
        "type": "LineString",
        "coordinates": [
          [
            -68.1844195,
            -16.5922973
          ],
          [
            -68.1843292,
            -16.5935491
          ],
          [
            -68.1841331,
            -16.5965137
          ],
          [
            -68.1840204,
            -16.5982611
          ],
          [
            -68.1840075,
            -16.5984227
          ],
          [
            -68.1840049,
            -16.5985556
          ],
          [
            -68.1839594,
            -16.599094
          ],
          [
            -68.1838772,
            -16.6004103
          ],
          [
            -68.1838142,
            -16.601248
          ],
          [
            -68.1837124,
            -16.6025453
          ],
          [
            -68.1837004,
            -16.6028106
          ],
          [
            -68.1836655,
            -16.6031993
          ],
          [
            -68.1836302,
            -16.6038754
          ],
          [
            -68.1835801,
            -16.6044175
          ],
          [
            -68.1835556,
            -16.6047872
          ],
          [
            -68.183542,
            -16.6050966
          ],
          [
            -68.1834468,
            -16.6062183
          ],
          [
            -68.1833893,
            -16.6071417
          ],
          [
            -68.1832866,
            -16.6084923
          ],
          [
            -68.183265,
            -16.6086658
          ],
          [
            -68.1830178,
            -16.6119302
          ],
          [
            -68.1828468,
            -16.6143211
          ],
          [
            -68.1827532,
            -16.6155232
          ],
          [
            -68.1826522,
            -16.6169374
          ]
        ]
      },
      "id": "way/369403470"
    },
    {
      "type": "Feature",
      "properties": {
        "@id": "way/369405193",
        "highway": "trunk",
        "lane_markings": "yes",
        "lanes": "2",
        "lit": "yes",
        "motorroad": "yes",
        "name": "Avenida 6 de Marzo",
        "oneway": "yes",
        "ref": "F1",
        "sidewalk": "no",
        "surface": "asphalt"
      },
      "geometry": {
        "type": "LineString",
        "coordinates": [
          [
            -68.1852729,
            -16.5789549
          ],
          [
            -68.1853503,
            -16.5777959
          ]
        ]
      },
      "id": "way/369405193"
    },
    {
      "type": "Feature",
      "properties": {
        "@id": "way/373637309",
        "embankment": "yes",
        "highway": "trunk",
        "incline": "down",
        "lanes": "3",
        "maxspeed": "80",
        "name": "Avenida Juan Pablo II",
        "oneway": "yes",
        "ref": "F2",
        "sidewalk": "right",
        "surface": "asphalt"
      },
      "geometry": {
        "type": "LineString",
        "coordinates": [
          [
            -68.1638313,
            -16.5031118
          ],
          [
            -68.1628316,
            -16.5035784
          ]
        ]
      },
      "id": "way/373637309"
    },
    {
      "type": "Feature",
      "properties": {
        "@id": "way/373637310",
        "highway": "trunk",
        "lanes": "3",
        "maxspeed": "80",
        "name": "Avenida Juan Pablo II",
        "oneway": "yes",
        "ref": "F2",
        "smoothness": "intermediate",
        "surface": "asphalt",
        "turn:lanes": "left|none|none"
      },
      "geometry": {
        "type": "LineString",
        "coordinates": [
          [
            -68.1637926,
            -16.5030289
          ],
          [
            -68.1640285,
            -16.5029143
          ],
          [
            -68.1641956,
            -16.5028331
          ],
          [
            -68.1644671,
            -16.5027285
          ]
        ]
      },
      "id": "way/373637310"
    },
    {
      "type": "Feature",
      "properties": {
        "@id": "way/374499890",
        "bicycle": "yes",
        "highway": "primary",
        "lanes": "2",
        "maxspeed": "40",
        "motor_vehicle:conditional": "no @ (Su 09:00-13:00)",
        "name": "Avenida Cívica",
        "oneway": "yes",
        "surface": "asphalt",
        "wheelchair": "limited"
      },
      "geometry": {
        "type": "LineString",
        "coordinates": [
          [
            -68.157343,
            -16.5213362
          ],
          [
            -68.1572453,
            -16.5210841
          ],
          [
            -68.1572097,
            -16.5210005
          ],
          [
            -68.1570333,
            -16.52058
          ]
        ]
      },
      "id": "way/374499890"
    },
    {
      "type": "Feature",
      "properties": {
        "@id": "way/374499891",
        "bicycle": "yes",
        "highway": "primary",
        "lanes": "2",
        "lit": "yes",
        "maxspeed": "40",
        "motor_vehicle:conditional": "no @ (Su 09:00-13:00)",
        "name": "Avenida Cívica",
        "oneway": "yes",
        "smoothness": "excellent",
        "surface": "concrete",
        "wheelchair": "limited"
      },
      "geometry": {
        "type": "LineString",
        "coordinates": [
          [
            -68.1588082,
            -16.5239467
          ],
          [
            -68.1588739,
            -16.5240881
          ],
          [
            -68.1591515,
            -16.5247213
          ],
          [
            -68.1592333,
            -16.5248942
          ]
        ]
      },
      "id": "way/374499891"
    },
    {
      "type": "Feature",
      "properties": {
        "@id": "way/374584162",
        "highway": "trunk",
        "lanes": "3",
        "maxspeed": "80",
        "name": "Avenida Ladislao Cabrera",
        "oneway": "yes",
        "ref": "F19",
        "sidewalk": "both",
        "source": "yahoo",
        "surface": "concrete"
      },
      "geometry": {
        "type": "LineString",
        "coordinates": [
          [
            -68.1889824,
            -16.5325672
          ],
          [
            -68.1892964,
            -16.5328957
          ]
        ]
      },
      "id": "way/374584162"
    },
    {
      "type": "Feature",
      "properties": {
        "@id": "way/374584164",
        "bridge": "viaduct",
        "foot": "no",
        "highway": "trunk",
        "lanes": "2",
        "layer": "1",
        "maxspeed": "80",
        "name": "Avenida Ladislao Cabrera",
        "oneway": "yes",
        "ref": "F19",
        "source": "yahoo",
        "surface": "concrete"
      },
      "geometry": {
        "type": "LineString",
        "coordinates": [
          [
            -68.1914108,
            -16.5353597
          ],
          [
            -68.1909547,
            -16.534993
          ],
          [
            -68.1902517,
            -16.5342052
          ],
          [
            -68.1899477,
            -16.5337359
          ]
        ]
      },
      "id": "way/374584164"
    },
    {
      "type": "Feature",
      "properties": {
        "@id": "way/374584165",
        "bridge": "viaduct",
        "foot": "no",
        "highway": "trunk",
        "lanes": "2",
        "layer": "1",
        "maxspeed": "80",
        "name": "Avenida Ladislao Cabrera",
        "oneway": "yes",
        "ref": "F19",
        "source": "yahoo",
        "surface": "concrete"
      },
      "geometry": {
        "type": "LineString",
        "coordinates": [
          [
            -68.1900094,
            -16.5336848
          ],
          [
            -68.190306,
            -16.5341558
          ],
          [
            -68.1906984,
            -16.5346009
          ],
          [
            -68.1910098,
            -16.5349541
          ],
          [
            -68.1914671,
            -16.535311
          ]
        ]
      },
      "id": "way/374584165"
    },
    {
      "type": "Feature",
      "properties": {
        "@id": "way/374584166",
        "highway": "trunk",
        "lanes": "2",
        "name": "Avenida Ladislao Cabrera",
        "oneway": "yes",
        "ref": "F19",
        "source": "yahoo",
        "surface": "concrete"
      },
      "geometry": {
        "type": "LineString",
        "coordinates": [
          [
            -68.1917597,
            -16.5356021
          ],
          [
            -68.1919277,
            -16.5357911
          ]
        ]
      },
      "id": "way/374584166"
    },
    {
      "type": "Feature",
      "properties": {
        "@id": "way/374584167",
        "highway": "trunk",
        "lanes": "2",
        "maxspeed": "80",
        "name": "Avenida Ladislao Cabrera",
        "oneway": "yes",
        "ref": "F19",
        "source": "yahoo",
        "surface": "concrete"
      },
      "geometry": {
        "type": "LineString",
        "coordinates": [
          [
            -68.1892964,
            -16.5328957
          ],
          [
            -68.189347,
            -16.5330065
          ],
          [
            -68.1900094,
            -16.5336848
          ]
        ]
      },
      "id": "way/374584167"
    },
    {
      "type": "Feature",
      "properties": {
        "@id": "way/374584169",
        "bicycle": "yes",
        "highway": "trunk",
        "lanes": "3",
        "maxspeed": "80",
        "motor_vehicle:conditional": "no @ (Su 09:00-13:00)",
        "name": "Avenida Ladislao Cabrera",
        "oneway": "yes",
        "ref": "F19",
        "sidewalk": "both",
        "source": "yahoo",
        "surface": "concrete:plates"
      },
      "geometry": {
        "type": "LineString",
        "coordinates": [
          [
            -68.1885812,
            -16.5323778
          ],
          [
            -68.1871676,
            -16.530825
          ],
          [
            -68.1861434,
            -16.5297179
          ],
          [
            -68.1852777,
            -16.5287821
          ],
          [
            -68.1852008,
            -16.5286991
          ],
          [
            -68.1851417,
            -16.5286352
          ],
          [
            -68.1847554,
            -16.5282176
          ],
          [
            -68.1837967,
            -16.527182
          ],
          [
            -68.1833202,
            -16.5266663
          ],
          [
            -68.1832775,
            -16.5266202
          ],
          [
            -68.1827317,
            -16.5260303
          ],
          [
            -68.1822066,
            -16.5254626
          ],
          [
            -68.1821319,
            -16.5253819
          ],
          [
            -68.1815431,
            -16.5247455
          ],
          [
            -68.1809489,
            -16.5241032
          ],
          [
            -68.1807673,
            -16.5239076
          ],
          [
            -68.1803823,
            -16.5234907
          ],
          [
            -68.1797731,
            -16.5228322
          ],
          [
            -68.1791706,
            -16.5221819
          ],
          [
            -68.1786121,
            -16.5215774
          ],
          [
            -68.178557,
            -16.5215177
          ]
        ]
      },
      "id": "way/374584169"
    },
    {
      "type": "Feature",
      "properties": {
        "@id": "way/375809173",
        "bicycle": "yes",
        "foot": "no",
        "highway": "primary",
        "incline": "0%",
        "lanes": "2",
        "lit": "yes",
        "maxspeed:type": "BO:urban",
        "name": "Avenida Max Fernandez",
        "oneway": "yes",
        "sidewalk": "right",
        "sidewalk:right:surface": "concrete",
        "smoothness": "excellent",
        "surface": "concrete",
        "wheelchair": "limited",
        "width": "7.7"
      },
      "geometry": {
        "type": "LineString",
        "coordinates": [
          [
            -68.1474249,
            -16.530609
          ],
          [
            -68.1473942,
            -16.5305537
          ],
          [
            -68.1472948,
            -16.5303702
          ],
          [
            -68.147219,
            -16.5302396
          ],
          [
            -68.1471735,
            -16.5301581
          ],
          [
            -68.1471471,
            -16.5301125
          ]
        ]
      },
      "id": "way/375809173"
    },
    {
      "type": "Feature",
      "properties": {
        "@id": "way/375822630",
        "bicycle": "yes",
        "foot": "no",
        "highway": "primary",
        "incline": "0%",
        "lanes": "2",
        "lit": "yes",
        "maxspeed:type": "BO:urban",
        "name": "Avenida Satélite",
        "oneway": "yes",
        "shoulder": "no",
        "sidewalk": "right",
        "sidewalk:right:surface": "concrete",
        "smoothness": "good",
        "surface": "concrete",
        "wheelchair": "limited",
        "width": "13"
      },
      "geometry": {
        "type": "LineString",
        "coordinates": [
          [
            -68.1480048,
            -16.5251846
          ],
          [
            -68.147819,
            -16.5252557
          ]
        ]
      },
      "id": "way/375822630"
    },
    {
      "type": "Feature",
      "properties": {
        "@id": "way/375822633",
        "alt_name": "Calle 12",
        "bicycle": "yes",
        "foot": "no",
        "highway": "primary",
        "incline": "0%",
        "lanes": "2",
        "lit": "yes",
        "maxspeed:type": "BO:urban",
        "name": "Avenida Satélite",
        "oneway": "yes",
        "parking:lane:left": "no_parking",
        "parking:lane:right": "parallel",
        "sidewalk": "both",
        "sidewalk:both:surface": "concrete",
        "smoothness": "good",
        "surface": "concrete",
        "wheelchair": "limited",
        "width": "8"
      },
      "geometry": {
        "type": "LineString",
        "coordinates": [
          [
            -68.1479584,
            -16.5250715
          ],
          [
            -68.1480137,
            -16.5250641
          ],
          [
            -68.1480519,
            -16.5250489
          ],
          [
            -68.1483647,
            -16.524924
          ],
          [
            -68.148482,
            -16.5248772
          ],
          [
            -68.1487347,
            -16.5247763
          ],
          [
            -68.1488026,
            -16.5247486
          ]
        ]
      },
      "id": "way/375822633"
    },
    {
      "type": "Feature",
      "properties": {
        "@id": "way/379961363",
        "highway": "primary",
        "name": "Carretera Costanera I",
        "ref": "PI-100",
        "surface": "unpaved"
      },
      "geometry": {
        "type": "LineString",
        "coordinates": [
          [
            -81.2573603,
            -4.4427674
          ],
          [
            -81.2573475,
            -4.4426315
          ],
          [
            -81.257376,
            -4.4425067
          ],
          [
            -81.2573979,
            -4.4423557
          ],
          [
            -81.2574067,
            -4.4422244
          ],
          [
            -81.2574001,
            -4.4420909
          ],
          [
            -81.2573694,
            -4.4414058
          ],
          [
            -81.2573475,
            -4.4407536
          ],
          [
            -81.2573167,
            -4.440097
          ],
          [
            -81.257286,
            -4.4392982
          ],
          [
            -81.2572465,
            -4.4383986
          ],
          [
            -81.257203,
            -4.4382497
          ],
          [
            -81.2571209,
            -4.438046
          ],
          [
            -81.2569223,
            -4.4375079
          ],
          [
            -81.2570179,
            -4.4368679
          ],
          [
            -81.2570038,
            -4.4358545
          ],
          [
            -81.2570829,
            -4.4351022
          ],
          [
            -81.257101,
            -4.4346146
          ],
          [
            -81.2570681,
            -4.4335379
          ],
          [
            -81.2570206,
            -4.4310554
          ],
          [
            -81.2570065,
            -4.430723
          ],
          [
            -81.256983,
            -4.4304843
          ],
          [
            -81.2569713,
            -4.4302525
          ],
          [
            -81.256983,
            -4.4300723
          ],
          [
            -81.2570088,
            -4.4298851
          ],
          [
            -81.2570793,
            -4.4296182
          ],
          [
            -81.2572201,
            -4.4290565
          ],
          [
            -81.2573939,
            -4.428366
          ],
          [
            -81.2576145,
            -4.4274859
          ],
          [
            -81.2578869,
            -4.4263835
          ],
          [
            -81.2580653,
            -4.4257024
          ],
          [
            -81.2582179,
            -4.4251078
          ],
          [
            -81.2583681,
            -4.4245297
          ],
          [
            -81.2584479,
            -4.4241365
          ],
          [
            -81.2584667,
            -4.4239843
          ],
          [
            -81.2584902,
            -4.4235841
          ],
          [
            -81.258509,
            -4.4232189
          ],
          [
            -81.2585113,
            -4.4230153
          ],
          [
            -81.2584996,
            -4.4228327
          ],
          [
            -81.2584691,
            -4.4226361
          ],
          [
            -81.2584151,
            -4.4223903
          ],
          [
            -81.2583094,
            -4.4219995
          ],
          [
            -81.2581827,
            -4.4215196
          ],
          [
            -81.2580559,
            -4.4210562
          ],
          [
            -81.257962,
            -4.4206793
          ],
          [
            -81.257854,
            -4.4202791
          ],
          [
            -81.257638,
            -4.419502
          ],
          [
            -81.2574831,
            -4.4189449
          ],
          [
            -81.2573845,
            -4.4186406
          ],
          [
            -81.2572647,
            -4.4182099
          ],
          [
            -81.2571685,
            -4.4178542
          ],
          [
            -81.2570957,
            -4.4176341
          ],
          [
            -81.2570159,
            -4.4173767
          ],
          [
            -81.2569079,
            -4.4169741
          ],
          [
            -81.2568656,
            -4.4167962
          ],
          [
            -81.2568351,
            -4.4166042
          ],
          [
            -81.2568116,
            -4.4163725
          ],
          [
            -81.2567929,
            -4.4161782
          ],
          [
            -81.2567271,
            -4.4158014
          ],
          [
            -81.2566426,
            -4.4154316
          ],
          [
            -81.2565792,
            -4.4151554
          ],
          [
            -81.2564759,
            -4.4146123
          ],
          [
            -81.2563679,
            -4.4140435
          ],
          [
            -81.2562717,
            -4.4134677
          ],
          [
            -81.2562318,
            -4.4132079
          ],
          [
            -81.2561684,
            -4.4128615
          ],
          [
            -81.2561003,
            -4.4125034
          ],
          [
            -81.2560792,
            -4.4123091
          ],
          [
            -81.2560721,
            -4.4120212
          ],
          [
            -81.2560698,
            -4.4115624
          ],
          [
            -81.2560275,
            -4.4110311
          ],
          [
            -81.2560064,
            -4.4105302
          ],
          [
            -81.25599,
            -4.4103242
          ],
          [
            -81.2559712,
            -4.4101767
          ],
          [
            -81.2559524,
            -4.4100667
          ],
          [
            -81.2559266,
            -4.4099801
          ],
          [
            -81.2558749,
            -4.409821
          ],
          [
            -81.2557411,
            -4.4094535
          ],
          [
            -81.2553021,
            -4.408145
          ],
          [
            -81.255119,
            -4.4076371
          ],
          [
            -81.255011,
            -4.4073398
          ],
          [
            -81.2549711,
            -4.4072158
          ],
          [
            -81.2549617,
            -4.4071104
          ],
          [
            -81.2549758,
            -4.4070192
          ],
          [
            -81.255018,
            -4.4069583
          ],
          [
            -81.255065,
            -4.4069138
          ],
          [
            -81.2552012,
            -4.4068576
          ],
          [
            -81.2553162,
            -4.4068085
          ],
          [
            -81.2553913,
            -4.4067593
          ],
          [
            -81.2554336,
            -4.4066985
          ],
          [
            -81.255443,
            -4.4066517
          ],
          [
            -81.2554336,
            -4.4065744
          ],
          [
            -81.2553819,
            -4.4064035
          ],
          [
            -81.255227,
            -4.4059799
          ],
          [
            -81.255065,
            -4.4055281
          ],
          [
            -81.2548936,
            -4.4050483
          ],
          [
            -81.2547316,
            -4.404545
          ],
          [
            -81.2546917,
            -4.4044584
          ],
          [
            -81.2546518,
            -4.4044093
          ],
          [
            -81.2545742,
            -4.4043609
          ],
          [
            -81.254438,
            -4.4043351
          ],
          [
            -81.2543019,
            -4.4043094
          ],
          [
            -81.2541986,
            -4.4042649
          ],
          [
            -81.2541023,
            -4.404197
          ],
          [
            -81.2540295,
            -4.4041174
          ],
          [
            -81.2539685,
            -4.4040121
          ],
          [
            -81.2539051,
            -4.4038365
          ],
          [
            -81.253837,
            -4.4035908
          ],
          [
            -81.2537314,
            -4.4031554
          ],
          [
            -81.2535835,
            -4.4025936
          ],
          [
            -81.2534027,
            -4.4018961
          ],
          [
            -81.2531069,
            -4.4007632
          ],
          [
            -81.2527712,
            -4.3994688
          ],
          [
            -81.2525083,
            -4.3985442
          ],
          [
            -81.2523533,
            -4.3979426
          ],
          [
            -81.2522336,
            -4.3974417
          ],
          [
            -81.2520927,
            -4.3969291
          ],
          [
            -81.2518627,
            -4.3959905
          ],
          [
            -81.2516819,
            -4.3953093
          ],
          [
            -81.2515176,
            -4.3946703
          ],
          [
            -81.2512992,
            -4.3937434
          ],
          [
            -81.2512429,
            -4.3935116
          ],
          [
            -81.2512194,
            -4.3934414
          ],
          [
            -81.2511725,
            -4.3933712
          ],
          [
            -81.2511161,
            -4.393315
          ],
          [
            -81.2510081,
            -4.3932354
          ],
          [
            -81.2509236,
            -4.3931582
          ],
          [
            -81.2508602,
            -4.3930669
          ],
          [
            -81.2508133,
            -4.3929779
          ],
          [
            -81.2507851,
            -4.3928703
          ],
          [
            -81.2507734,
            -4.3927509
          ],
          [
            -81.250771,
            -4.3926619
          ],
          [
            -81.2507828,
            -4.392573
          ],
          [
            -81.2508062,
            -4.3924723
          ],
          [
            -81.2508438,
            -4.3923389
          ],
          [
            -81.2508626,
            -4.3922406
          ],
          [
            -81.2508743,
            -4.3921423
          ],
          [
            -81.2508743,
            -4.3920463
          ],
          [
            -81.2508579,
            -4.3919316
          ],
          [
            -81.2508227,
            -4.3917865
          ],
          [
            -81.2507898,
            -4.3916882
          ],
          [
            -81.2507499,
            -4.3916063
          ],
          [
            -81.2506795,
            -4.3915196
          ],
          [
            -81.2505809,
            -4.3914284
          ],
          [
            -81.2505057,
            -4.3913605
          ],
          [
            -81.2504541,
            -4.3912739
          ],
          [
            -81.2504142,
            -4.3911966
          ],
          [
            -81.2503883,
            -4.3910398
          ],
          [
            -81.2503649,
            -4.3909181
          ],
          [
            -81.2503555,
            -4.3908315
          ],
          [
            -81.2503297,
            -4.3907636
          ],
          [
            -81.2503015,
            -4.3907168
          ],
          [
            -81.2502663,
            -4.3906676
          ],
          [
            -81.2502029,
            -4.3905974
          ],
          [
            -81.2500761,
            -4.3904897
          ],
          [
            -81.2499634,
            -4.3903867
          ],
          [
            -81.249893,
            -4.3902931
          ],
          [
            -81.2498484,
            -4.3902112
          ],
          [
            -81.2498273,
            -4.3901082
          ],
          [
            -81.2498296,
            -4.3900286
          ],
          [
            -81.2498437,
            -4.3899303
          ],
          [
            -81.2498789,
            -4.3898039
          ],
          [
            -81.249893,
            -4.3897196
          ],
          [
            -81.249886,
            -4.3896213
          ],
          [
            -81.2498883,
            -4.3895417
          ],
          [
            -81.2499141,
            -4.3894668
          ],
          [
            -81.2499493,
            -4.3893896
          ],
          [
            -81.2500127,
            -4.3892913
          ],
          [
            -81.2500456,
            -4.3892257
          ],
          [
            -81.2500644,
            -4.3891555
          ],
          [
            -81.2500573,
            -4.3890619
          ],
          [
            -81.250008,
            -4.3887903
          ],
          [
            -81.2499846,
            -4.3886335
          ],
          [
            -81.2499658,
            -4.388369
          ],
          [
            -81.2499329,
            -4.387847
          ],
          [
            -81.2499212,
            -4.3876714
          ],
          [
            -81.2499024,
            -4.3875778
          ],
          [
            -81.2498672,
            -4.387517
          ],
          [
            -81.2498155,
            -4.3874514
          ],
          [
            -81.2497427,
            -4.3873882
          ],
          [
            -81.2496841,
            -4.387325
          ],
          [
            -81.2496559,
            -4.3872501
          ],
          [
            -81.2496348,
            -4.3871588
          ],
          [
            -81.249616,
            -4.3870722
          ],
          [
            -81.2495948,
            -4.3869856
          ],
          [
            -81.2495784,
            -4.3869271
          ],
          [
            -81.2495878,
            -4.3868592
          ],
          [
            -81.2496113,
            -4.386789
          ],
          [
            -81.2496488,
            -4.3867094
          ],
          [
            -81.2497146,
            -4.3866322
          ],
          [
            -81.2497874,
            -4.3865409
          ],
          [
            -81.2498249,
            -4.3864496
          ],
          [
            -81.2498414,
            -4.3863794
          ],
          [
            -81.2498507,
            -4.3863021
          ],
          [
            -81.249839,
            -4.3861944
          ],
          [
            -81.2498296,
            -4.3860751
          ],
          [
            -81.249832,
            -4.385855
          ],
          [
            -81.2498343,
            -4.3857076
          ],
          [
            -81.2498155,
            -4.3855062
          ],
          [
            -81.2497756,
            -4.3849538
          ],
          [
            -81.2497733,
            -4.3846144
          ],
          [
            -81.2497451,
            -4.3837998
          ],
          [
            -81.2497075,
            -4.3834838
          ],
          [
            -81.2496841,
            -4.3830133
          ],
          [
            -81.2496301,
            -4.3820583
          ],
          [
            -81.2495737,
            -4.3809428
          ],
          [
            -81.2495554,
            -4.3807425
          ],
          [
            -81.2495405,
            -4.3805207
          ],
          [
            -81.2495305,
            -4.3803668
          ],
          [
            -81.2495189,
            -4.3802807
          ],
          [
            -81.249489,
            -4.3801814
          ],
          [
            -81.2494509,
            -4.3800937
          ],
          [
            -81.2494044,
            -4.3799993
          ],
          [
            -81.2493513,
            -4.3799033
          ],
          [
            -81.2492998,
            -4.3798239
          ],
          [
            -81.249245,
            -4.3797643
          ],
          [
            -81.2491902,
            -4.3797047
          ],
          [
            -81.2491222,
            -4.3796501
          ],
          [
            -81.2490026,
            -4.3795789
          ],
          [
            -81.2487221,
            -4.3794184
          ],
          [
            -81.2485528,
            -4.3793273
          ],
          [
            -81.248342,
            -4.3792115
          ],
          [
            -81.2482722,
            -4.3791668
          ],
          [
            -81.2482058,
            -4.3791022
          ],
          [
            -81.2481677,
            -4.379046
          ],
          [
            -81.2481494,
            -4.3789831
          ],
          [
            -81.2481511,
            -4.3789119
          ],
          [
            -81.248166,
            -4.3788556
          ],
          [
            -81.2481942,
            -4.3788076
          ],
          [
            -81.2482274,
            -4.3787745
          ],
          [
            -81.2482872,
            -4.3787447
          ],
          [
            -81.2483503,
            -4.3787315
          ],
          [
            -81.2484499,
            -4.3787298
          ],
          [
            -81.2486192,
            -4.3787265
          ],
          [
            -81.2487321,
            -4.3787249
          ],
          [
            -81.2488682,
            -4.3787133
          ],
          [
            -81.2490109,
            -4.3786967
          ],
          [
            -81.2491471,
            -4.3786719
          ],
          [
            -81.2492517,
            -4.3786454
          ],
          [
            -81.2493181,
            -4.3786123
          ],
          [
            -81.2493645,
            -4.3785726
          ],
          [
            -81.2494044,
            -4.378518
          ],
          [
            -81.2494243,
            -4.3784683
          ],
          [
            -81.2494276,
            -4.3784037
          ],
          [
            -81.2494139,
            -4.3783354
          ],
          [
            -81.2493962,
            -4.3782618
          ],
          [
            -81.2493829,
            -4.3781808
          ],
          [
            -81.2493799,
            -4.3780734
          ],
          [
            -81.2493873,
            -4.3780027
          ],
          [
            -81.249408,
            -4.3779306
          ],
          [
            -81.2494523,
            -4.3778672
          ],
          [
            -81.2494995,
            -4.3778069
          ],
          [
            -81.2495689,
            -4.3777509
          ],
          [
            -81.2496546,
            -4.3776906
          ],
          [
            -81.2497048,
            -4.3776405
          ],
          [
            -81.2497432,
            -4.3775875
          ],
          [
            -81.2497653,
            -4.377508
          ],
          [
            -81.2497698,
            -4.37743
          ],
          [
            -81.2497624,
            -4.3773416
          ],
          [
            -81.2497417,
            -4.3772033
          ],
          [
            -81.2497196,
            -4.3770958
          ],
          [
            -81.249693,
            -4.3770104
          ],
          [
            -81.2496398,
            -4.3769014
          ],
          [
            -81.249597,
            -4.3768219
          ],
          [
            -81.2495394,
            -4.3767233
          ],
          [
            -81.2494863,
            -4.3766364
          ],
          [
            -81.2494434,
            -4.3765452
          ],
          [
            -81.2493991,
            -4.3764333
          ],
          [
            -81.2493607,
            -4.3763214
          ],
          [
            -81.2493386,
            -4.3762021
          ],
          [
            -81.2493253,
            -4.3760785
          ],
          [
            -81.2493164,
            -4.3759459
          ],
          [
            -81.2493179,
            -4.375809
          ],
          [
            -81.249315,
            -4.3756692
          ],
          [
            -81.2493179,
            -4.3755205
          ],
          [
            -81.2493209,
            -4.3753865
          ],
          [
            -81.2493194,
            -4.3752437
          ],
          [
            -81.249315,
            -4.3751347
          ],
          [
            -81.2493076,
            -4.3750125
          ],
          [
            -81.2492899,
            -4.3748712
          ],
          [
            -81.2492751,
            -4.3747608
          ],
          [
            -81.2492603,
            -4.3745149
          ],
          [
            -81.2492544,
            -4.3742219
          ],
          [
            -81.2492382,
            -4.3739039
          ],
          [
            -81.2492249,
            -4.3736109
          ],
          [
            -81.2491998,
            -4.3732223
          ],
          [
            -81.2491791,
            -4.3728616
          ],
          [
            -81.2491555,
            -4.3724817
          ],
          [
            -81.2491274,
            -4.3720386
          ],
          [
            -81.2491009,
            -4.3716823
          ],
          [
            -81.2490832,
            -4.3712568
          ],
          [
            -81.249061,
            -4.3708225
          ],
          [
            -81.2490521,
            -4.3705354
          ],
          [
            -81.2490374,
            -4.3701673
          ],
          [
            -81.249027,
            -4.3698316
          ],
          [
            -81.2490179,
            -4.3695418
          ],
          [
            -81.2490096,
            -4.369317
          ],
          [
            -81.2489783,
            -4.3688651
          ],
          [
            -81.248972,
            -4.3685986
          ],
          [
            -81.248949,
            -4.3682926
          ],
          [
            -81.2489302,
            -4.3679219
          ],
          [
            -81.2489135,
            -4.3675451
          ],
          [
            -81.2488926,
            -4.3671599
          ],
          [
            -81.2488697,
            -4.3667206
          ],
          [
            -81.2488446,
            -4.3662104
          ],
          [
            -81.2488258,
            -4.365844
          ],
          [
            -81.248807,
            -4.3654921
          ],
          [
            -81.2487899,
            -4.3651584
          ],
          [
            -81.2487737,
            -4.3647786
          ],
          [
            -81.2487648,
            -4.3645268
          ],
          [
            -81.24875,
            -4.3643413
          ],
          [
            -81.2487294,
            -4.3641941
          ],
          [
            -81.2487013,
            -4.3639615
          ],
          [
            -81.2486792,
            -4.3637951
          ],
          [
            -81.2486703,
            -4.3635831
          ],
          [
            -81.2486659,
            -4.3632474
          ],
          [
            -81.2486732,
            -4.3630177
          ],
          [
            -81.2486821,
            -4.3627306
          ],
          [
            -81.2486806,
            -4.3625422
          ],
          [
            -81.248657,
            -4.3622448
          ],
          [
            -81.2486201,
            -4.3617368
          ],
          [
            -81.2485758,
            -4.3613157
          ],
          [
            -81.2485581,
            -4.361061
          ],
          [
            -81.2485271,
            -4.3607151
          ],
          [
            -81.2485034,
            -4.3604559
          ],
          [
            -81.2484783,
            -4.3601998
          ],
          [
            -81.2484577,
            -4.3601011
          ],
          [
            -81.2484311,
            -4.3599907
          ],
          [
            -81.2483927,
            -4.3598847
          ],
          [
            -81.2483322,
            -4.3597846
          ],
          [
            -81.2482465,
            -4.3596683
          ],
          [
            -81.2481742,
            -4.3595534
          ],
          [
            -81.2481151,
            -4.3594239
          ],
          [
            -81.248056,
            -4.3592899
          ],
          [
            -81.2479793,
            -4.3591662
          ],
          [
            -81.2478892,
            -4.3590308
          ],
          [
            -81.2477784,
            -4.3588659
          ],
          [
            -81.2476264,
            -4.3586538
          ],
          [
            -81.2474787,
            -4.3584168
          ],
          [
            -81.2473813,
            -4.3582328
          ],
          [
            -81.2473104,
            -4.358062
          ],
          [
            -81.2472572,
            -4.3579089
          ],
          [
            -81.2472203,
            -4.3577749
          ],
          [
            -81.2471908,
            -4.3575923
          ],
          [
            -81.2471716,
            -4.3573833
          ],
          [
            -81.2471612,
            -4.3572846
          ],
          [
            -81.2471494,
            -4.3572066
          ],
          [
            -81.2471347,
            -4.3571418
          ],
          [
            -81.2471066,
            -4.3570476
          ],
          [
            -81.2470771,
            -4.3569607
          ],
          [
            -81.2470549,
            -4.3568886
          ],
          [
            -81.2470357,
            -4.3567811
          ],
          [
            -81.2470121,
            -4.3566456
          ],
          [
            -81.2469973,
            -4.3565175
          ],
          [
            -81.2469929,
            -4.3564292
          ],
          [
            -81.2469929,
            -4.35636
          ],
          [
            -81.2470047,
            -4.3562908
          ],
          [
            -81.2470224,
            -4.3562275
          ],
          [
            -81.2470446,
            -4.3561701
          ],
          [
            -81.247083,
            -4.3560758
          ],
          [
            -81.2471066,
            -4.3559993
          ],
          [
            -81.2471155,
            -4.3559257
          ],
          [
            -81.2471288,
            -4.3558359
          ],
          [
            -81.2471465,
            -4.3557475
          ],
          [
            -81.2471672,
            -4.3556621
          ],
          [
            -81.2471952,
            -4.3555826
          ],
          [
            -81.2472336,
            -4.3554987
          ],
          [
            -81.2472808,
            -4.355403
          ],
          [
            -81.2473251,
            -4.3553044
          ],
          [
            -81.2473517,
            -4.3552263
          ],
          [
            -81.2473694,
            -4.355135
          ],
          [
            -81.2473901,
            -4.3549996
          ],
          [
            -81.2474388,
            -4.3546448
          ],
          [
            -81.2474861,
            -4.3543003
          ],
          [
            -81.2475319,
            -4.3539719
          ],
          [
            -81.2475584,
            -4.3537953
          ],
          [
            -81.2476013,
            -4.353567
          ],
          [
            -81.2476574,
            -4.3532696
          ],
          [
            -81.2477194,
            -4.3529325
          ],
          [
            -81.2477844,
            -4.352535
          ],
          [
            -81.2478478,
            -4.3522479
          ],
          [
            -81.2478966,
            -4.3519563
          ],
          [
            -81.2479512,
            -4.3516295
          ],
          [
            -81.2480132,
            -4.3512761
          ],
          [
            -81.2480871,
            -4.3509493
          ],
          [
            -81.2481358,
            -4.3507947
          ],
          [
            -81.2482096,
            -4.3506106
          ],
          [
            -81.2482391,
            -4.3504943
          ],
          [
            -81.248268,
            -4.3503188
          ],
          [
            -81.2482901,
            -4.3501996
          ],
          [
            -81.2483005,
            -4.3501009
          ],
          [
            -81.2483079,
            -4.3499935
          ],
          [
            -81.2483197,
            -4.3498389
          ],
          [
            -81.2483197,
            -4.349674
          ],
          [
            -81.2483167,
            -4.349568
          ],
          [
            -81.2483182,
            -4.3494089
          ],
          [
            -81.2483167,
            -4.3492293
          ],
          [
            -81.2483241,
            -4.348873
          ],
          [
            -81.2483315,
            -4.3486404
          ],
          [
            -81.2483389,
            -4.3485344
          ],
          [
            -81.2483433,
            -4.3484652
          ],
          [
            -81.2483536,
            -4.348396
          ],
          [
            -81.2484068,
            -4.348209
          ],
          [
            -81.2484555,
            -4.3480014
          ],
          [
            -81.248488,
            -4.3478174
          ],
          [
            -81.2485072,
            -4.3476009
          ],
          [
            -81.2485297,
            -4.3473249
          ],
          [
            -81.248535,
            -4.3472103
          ],
          [
            -81.2485391,
            -4.3470864
          ],
          [
            -81.2485381,
            -4.3470011
          ],
          [
            -81.2485297,
            -4.3468793
          ],
          [
            -81.2485078,
            -4.3466211
          ],
          [
            -81.2484953,
            -4.3465472
          ],
          [
            -81.2484817,
            -4.3464899
          ],
          [
            -81.248464,
            -4.346441
          ],
          [
            -81.248441,
            -4.3464014
          ],
          [
            -81.2484128,
            -4.346365
          ],
          [
            -81.2483804,
            -4.3463348
          ],
          [
            -81.2483282,
            -4.3463056
          ],
          [
            -81.2482802,
            -4.3462723
          ],
          [
            -81.2482541,
            -4.3462476
          ],
          [
            -81.2482349,
            -4.346202
          ],
          [
            -81.2482423,
            -4.3461505
          ],
          [
            -81.2482688,
            -4.3461004
          ],
          [
            -81.2483338,
            -4.345987
          ],
          [
            -81.2483796,
            -4.3459134
          ],
          [
            -81.2484136,
            -4.3458266
          ],
          [
            -81.2484283,
            -4.3457412
          ],
          [
            -81.2484357,
            -4.3456587
          ],
          [
            -81.2484283,
            -4.3455777
          ],
          [
            -81.2484121,
            -4.3454806
          ],
          [
            -81.2483574,
            -4.3451434
          ],
          [
            -81.2483323,
            -4.3449976
          ],
          [
            -81.2483146,
            -4.344871
          ],
          [
            -81.2483102,
            -4.3447562
          ],
          [
            -81.2483072,
            -4.3445795
          ],
          [
            -81.2483146,
            -4.3443807
          ],
          [
            -81.248356,
            -4.344151
          ],
          [
            -81.2484062,
            -4.343889
          ],
          [
            -81.2484357,
            -4.3437152
          ],
          [
            -81.2485007,
            -4.3434119
          ],
          [
            -81.2485464,
            -4.3431911
          ],
          [
            -81.2485981,
            -4.342904
          ],
          [
            -81.2486409,
            -4.342664
          ],
          [
            -81.2486587,
            -4.3425315
          ],
          [
            -81.2486646,
            -4.3424078
          ],
          [
            -81.2486601,
            -4.3423342
          ],
          [
            -81.2486395,
            -4.3422356
          ],
          [
            -81.2486247,
            -4.3421472
          ],
          [
            -81.2486144,
            -4.3420736
          ],
          [
            -81.2486144,
            -4.3419602
          ],
          [
            -81.248607,
            -4.3418292
          ],
          [
            -81.2486144,
            -4.3416982
          ],
          [
            -81.2486217,
            -4.3415583
          ],
          [
            -81.2486439,
            -4.341467
          ],
          [
            -81.2486764,
            -4.3413757
          ],
          [
            -81.2487192,
            -4.3412874
          ],
          [
            -81.2487738,
            -4.3411976
          ],
          [
            -81.2488388,
            -4.3411225
          ],
          [
            -81.2489525,
            -4.3410062
          ],
          [
            -81.2491518,
            -4.3408103
          ],
          [
            -81.2492493,
            -4.340722
          ],
          [
            -81.2493275,
            -4.340641
          ],
          [
            -81.2493845,
            -4.3405619
          ],
          [
            -81.2494391,
            -4.3404471
          ],
          [
            -81.2494761,
            -4.3403381
          ],
          [
            -81.2495071,
            -4.3402218
          ],
          [
            -81.2495351,
            -4.3400937
          ],
          [
            -81.2495646,
            -4.3399479
          ],
          [
            -81.2496208,
            -4.3396711
          ],
          [
            -81.2496606,
            -4.3394415
          ],
          [
            -81.2496872,
            -4.3393355
          ],
          [
            -81.2497064,
            -4.3392236
          ],
          [
            -81.2497167,
            -4.3391131
          ],
          [
            -81.2497197,
            -4.3390233
          ],
          [
            -81.2497108,
            -4.3389364
          ],
          [
            -81.2496902,
            -4.3388658
          ],
          [
            -81.2496621,
            -4.338801
          ],
          [
            -81.2496222,
            -4.3387185
          ],
          [
            -81.2495868,
            -4.3386361
          ],
          [
            -81.2495735,
            -4.3385551
          ],
          [
            -81.249572,
            -4.3384903
          ],
          [
            -81.2495912,
            -4.3382356
          ],
          [
            -81.2496193,
            -4.3377939
          ],
          [
            -81.2496414,
            -4.3374818
          ],
          [
            -81.2496562,
            -4.337308
          ],
          [
            -81.2496577,
            -4.3371932
          ],
          [
            -81.2496577,
            -4.3370563
          ],
          [
            -81.2496577,
            -4.3368973
          ],
          [
            -81.2496621,
            -4.336697
          ],
          [
            -81.2496724,
            -4.3365601
          ],
          [
            -81.2496961,
            -4.3363613
          ],
          [
            -81.2497049,
            -4.3362038
          ],
          [
            -81.2497049,
            -4.3361199
          ],
          [
            -81.2496931,
            -4.33598
          ],
          [
            -81.2496828,
            -4.3358607
          ],
          [
            -81.2496887,
            -4.3357341
          ],
          [
            -81.2497108,
            -4.3355869
          ],
          [
            -81.2497285,
            -4.3354308
          ],
          [
            -81.2497433,
            -4.3352954
          ],
          [
            -81.2497433,
            -4.335126
          ],
          [
            -81.2497374,
            -4.3349759
          ],
          [
            -81.2497359,
            -4.3349008
          ],
          [
            -81.2497433,
            -4.3348522
          ],
          [
            -81.2497655,
            -4.334783
          ],
          [
            -81.2497876,
            -4.3347167
          ],
          [
            -81.2498009,
            -4.3346357
          ],
          [
            -81.2498216,
            -4.3344326
          ],
          [
            -81.2498437,
            -4.3341337
          ],
          [
            -81.249857,
            -4.3339747
          ],
          [
            -81.2498673,
            -4.3337052
          ],
          [
            -81.2498777,
            -4.3335639
          ],
          [
            -81.2498895,
            -4.3334461
          ],
          [
            -81.2499161,
            -4.3332267
          ],
          [
            -81.2499618,
            -4.3328616
          ],
          [
            -81.2499914,
            -4.3325745
          ],
          [
            -81.2499929,
            -4.3324537
          ],
          [
            -81.2499855,
            -4.3323742
          ],
          [
            -81.2499604,
            -4.3322697
          ],
          [
            -81.2499338,
            -4.332174
          ],
          [
            -81.2498984,
            -4.332068
          ],
          [
            -81.2498747,
            -4.3319944
          ],
          [
            -81.2498673,
            -4.3319369
          ],
          [
            -81.2498732,
            -4.3318839
          ],
          [
            -81.249891,
            -4.331828
          ],
          [
            -81.2499353,
            -4.3317308
          ],
          [
            -81.2499958,
            -4.3315924
          ],
          [
            -81.250018,
            -4.3314687
          ],
          [
            -81.2500294,
            -4.3312999
          ],
          [
            -81.2500383,
            -4.3311556
          ],
          [
            -81.2500412,
            -4.3310423
          ],
          [
            -81.2500265,
            -4.3309377
          ],
          [
            -81.2500028,
            -4.3308332
          ],
          [
            -81.2499644,
            -4.3307036
          ],
          [
            -81.2498463,
            -4.3304239
          ],
          [
            -81.2497858,
            -4.3302752
          ],
          [
            -81.249771,
            -4.3302001
          ],
          [
            -81.2497695,
            -4.3300985
          ],
          [
            -81.2497725,
            -4.3300087
          ],
          [
            -81.2497828,
            -4.3299115
          ],
          [
            -81.2497991,
            -4.3298158
          ],
          [
            -81.2498242,
            -4.329726
          ],
          [
            -81.2498567,
            -4.3296273
          ],
          [
            -81.2498995,
            -4.3295346
          ],
          [
            -81.2499497,
            -4.3294344
          ],
          [
            -81.2500737,
            -4.3292224
          ],
          [
            -81.2502553,
            -4.3288823
          ],
          [
            -81.2504148,
            -4.3285363
          ],
          [
            -81.2504931,
            -4.3283979
          ],
          [
            -81.2505757,
            -4.3282624
          ],
          [
            -81.2506407,
            -4.3281653
          ],
          [
            -81.2506939,
            -4.328102
          ],
          [
            -81.2507544,
            -4.3280504
          ],
          [
            -81.2508253,
            -4.3280004
          ],
          [
            -81.2509375,
            -4.3279312
          ],
          [
            -81.2510556,
            -4.3278605
          ],
          [
            -81.2511235,
            -4.3278016
          ],
          [
            -81.2511841,
            -4.3277339
          ],
          [
            -81.2512269,
            -4.3276514
          ],
          [
            -81.2512535,
            -4.3275587
          ],
          [
            -81.2512682,
            -4.3274703
          ],
          [
            -81.2512682,
            -4.3273614
          ],
          [
            -81.2512564,
            -4.3272509
          ],
          [
            -81.2512313,
            -4.3271081
          ],
          [
            -81.2511826,
            -4.3268755
          ],
          [
            -81.2511427,
            -4.3267106
          ],
          [
            -81.2510984,
            -4.3265472
          ],
          [
            -81.2510468,
            -4.3264029
          ],
          [
            -81.2509803,
            -4.3262527
          ],
          [
            -81.2508873,
            -4.3260598
          ],
          [
            -81.2507544,
            -4.3258124
          ],
          [
            -81.2505816,
            -4.3254723
          ],
          [
            -81.2504502,
            -4.3252029
          ],
          [
            -81.2503144,
            -4.3249599
          ],
          [
            -81.250189,
            -4.3247373
          ],
          [
            -81.2501138,
            -4.3246019
          ],
          [
            -81.2500773,
            -4.3245426
          ],
          [
            -81.2500209,
            -4.3244687
          ],
          [
            -81.2499781,
            -4.3244176
          ],
          [
            -81.2499387,
            -4.3243357
          ],
          [
            -81.2499018,
            -4.3242341
          ],
          [
            -81.2498693,
            -4.3241413
          ],
          [
            -81.2498369,
            -4.3240736
          ],
          [
            -81.2497852,
            -4.3239838
          ],
          [
            -81.2497483,
            -4.3238984
          ],
          [
            -81.2497261,
            -4.3238365
          ],
          [
            -81.2497128,
            -4.3237732
          ],
          [
            -81.2496966,
            -4.323704
          ],
          [
            -81.24967,
            -4.323626
          ],
          [
            -81.2496449,
            -4.3235597
          ],
          [
            -81.2495977,
            -4.3234522
          ],
          [
            -81.2494899,
            -4.3232152
          ],
          [
            -81.2493791,
            -4.3229516
          ],
          [
            -81.2492728,
            -4.322691
          ],
          [
            -81.2492433,
            -4.3226086
          ],
          [
            -81.2492285,
            -4.3225408
          ],
          [
            -81.2492241,
            -4.3224775
          ],
          [
            -81.2492344,
            -4.3224275
          ],
          [
            -81.249261,
            -4.3223804
          ],
          [
            -81.2492935,
            -4.3223377
          ],
          [
            -81.2493304,
            -4.3223082
          ],
          [
            -81.2493806,
            -4.3222788
          ],
          [
            -81.2494323,
            -4.3222655
          ],
          [
            -81.2494884,
            -4.3222626
          ],
          [
            -81.2495312,
            -4.3222714
          ],
          [
            -81.2495829,
            -4.3222891
          ],
          [
            -81.249639,
            -4.3223082
          ],
          [
            -81.2496833,
            -4.3223229
          ],
          [
            -81.2497335,
            -4.3223347
          ],
          [
            -81.2497881,
            -4.3223332
          ],
          [
            -81.2498354,
            -4.322317
          ],
          [
            -81.2498826,
            -4.3222861
          ],
          [
            -81.2499269,
            -4.3222346
          ],
          [
            -81.2499535,
            -4.3221816
          ],
          [
            -81.2499698,
            -4.3221301
          ],
          [
            -81.2499698,
            -4.3220756
          ],
          [
            -81.2499638,
            -4.3220182
          ],
          [
            -81.2499506,
            -4.3219519
          ],
          [
            -81.2499195,
            -4.3218135
          ],
          [
            -81.249862,
            -4.3216
          ],
          [
            -81.2498132,
            -4.3214248
          ],
          [
            -81.2497793,
            -4.3212967
          ],
          [
            -81.2497527,
            -4.3212084
          ],
          [
            -81.2497187,
            -4.3211068
          ],
          [
            -81.2496818,
            -4.3210302
          ],
          [
            -81.2496449,
            -4.3209595
          ],
          [
            -81.2495888,
            -4.3208594
          ],
          [
            -81.249512,
            -4.3207342
          ],
          [
            -81.2494485,
            -4.320612
          ],
          [
            -81.2493836,
            -4.3204722
          ],
          [
            -81.2493334,
            -4.3203882
          ],
          [
            -81.249292,
            -4.3203205
          ],
          [
            -81.2492418,
            -4.3202587
          ],
          [
            -81.2492019,
            -4.3202086
          ],
          [
            -81.2491606,
            -4.3201718
          ],
          [
            -81.2490897,
            -4.3201203
          ],
          [
            -81.2490041,
            -4.3200437
          ],
          [
            -81.2489406,
            -4.319973
          ],
          [
            -81.2488919,
            -4.3199112
          ],
          [
            -81.2488638,
            -4.3198552
          ],
          [
            -81.2487671,
            -4.3197399
          ],
          [
            -81.248726,
            -4.3195656
          ],
          [
            -81.2488342,
            -4.3193151
          ],
          [
            -81.2490794,
            -4.3191235
          ],
          [
            -81.2491355,
            -4.3190646
          ],
          [
            -81.2492064,
            -4.3190057
          ],
          [
            -81.2492758,
            -4.31896
          ],
          [
            -81.2493599,
            -4.3189159
          ],
          [
            -81.2494426,
            -4.3188791
          ],
          [
            -81.2495401,
            -4.3188334
          ],
          [
            -81.2496021,
            -4.3187981
          ],
          [
            -81.2496626,
            -4.3187539
          ],
          [
            -81.2497128,
            -4.3187038
          ],
          [
            -81.2497689,
            -4.3186273
          ],
          [
            -81.2498383,
            -4.3185389
          ],
          [
            -81.24989,
            -4.3184845
          ],
          [
            -81.2499314,
            -4.3184506
          ],
          [
            -81.2500008,
            -4.3184094
          ],
          [
            -81.2500702,
            -4.318377
          ],
          [
            -81.2501425,
            -4.3183534
          ],
          [
            -81.250237,
            -4.318321
          ],
          [
            -81.2503064,
            -4.3182931
          ],
          [
            -81.2503581,
            -4.318268
          ],
          [
            -81.2504201,
            -4.318218
          ],
          [
            -81.2504777,
            -4.3181502
          ],
          [
            -81.250506,
            -4.3180813
          ],
          [
            -81.2505222,
            -4.3180283
          ],
          [
            -81.2505356,
            -4.3179644
          ],
          [
            -81.2505561,
            -4.3178606
          ],
          [
            -81.2505913,
            -4.3177787
          ],
          [
            -81.250628,
            -4.3177084
          ],
          [
            -81.2506749,
            -4.3176368
          ],
          [
            -81.2508304,
            -4.3174291
          ],
          [
            -81.2508759,
            -4.317353
          ],
          [
            -81.2509213,
            -4.3172492
          ],
          [
            -81.2509536,
            -4.3171205
          ],
          [
            -81.2509683,
            -4.3170225
          ],
          [
            -81.2509712,
            -4.3169215
          ],
          [
            -81.2509551,
            -4.3168235
          ],
          [
            -81.2509316,
            -4.3167036
          ],
          [
            -81.2508304,
            -4.3162341
          ],
          [
            -81.2507981,
            -4.316082
          ],
          [
            -81.2507923,
            -4.3160191
          ],
          [
            -81.2507981,
            -4.3159649
          ],
          [
            -81.2508245,
            -4.3159181
          ],
          [
            -81.2508641,
            -4.3158816
          ],
          [
            -81.2509091,
            -4.3158615
          ],
          [
            -81.2509864,
            -4.3158215
          ],
          [
            -81.251135,
            -4.3157445
          ],
          [
            -81.2512758,
            -4.3156509
          ],
          [
            -81.2513752,
            -4.3155711
          ],
          [
            -81.2514386,
            -4.3153695
          ],
          [
            -81.2515258,
            -4.3151408
          ],
          [
            -81.2518564,
            -4.3148544
          ],
          [
            -81.2522113,
            -4.3147526
          ],
          [
            -81.2522913,
            -4.3147241
          ],
          [
            -81.2523389,
            -4.3146968
          ],
          [
            -81.2523871,
            -4.3146553
          ],
          [
            -81.2524101,
            -4.3145953
          ],
          [
            -81.2524195,
            -4.3145396
          ],
          [
            -81.2524514,
            -4.3144664
          ],
          [
            -81.2524593,
            -4.314366
          ],
          [
            -81.2523481,
            -4.3141907
          ],
          [
            -81.252261,
            -4.3140459
          ],
          [
            -81.2521635,
            -4.3138618
          ],
          [
            -81.2520597,
            -4.3136404
          ],
          [
            -81.2518399,
            -4.3131936
          ],
          [
            -81.2515826,
            -4.3126827
          ],
          [
            -81.2514208,
            -4.3122938
          ],
          [
            -81.2512238,
            -4.3118449
          ],
          [
            -81.2511034,
            -4.3115988
          ],
          [
            -81.2510495,
            -4.3114788
          ],
          [
            -81.2509707,
            -4.3112678
          ],
          [
            -81.2509022,
            -4.3110341
          ],
          [
            -81.2508753,
            -4.3109451
          ],
          [
            -81.2508469,
            -4.310874
          ],
          [
            -81.2508075,
            -4.310816
          ],
          [
            -81.2507515,
            -4.310754
          ],
          [
            -81.2506727,
            -4.3106857
          ],
          [
            -81.2505731,
            -4.3106113
          ],
          [
            -81.2504839,
            -4.3105306
          ],
          [
            -81.2503802,
            -4.3104334
          ],
          [
            -81.2502765,
            -4.3103382
          ],
          [
            -81.2501644,
            -4.3101831
          ],
          [
            -81.2500773,
            -4.310059
          ],
          [
            -81.2500068,
            -4.3099266
          ],
          [
            -81.2499487,
            -4.3098004
          ],
          [
            -81.2499093,
            -4.3097073
          ],
          [
            -81.2498491,
            -4.3096121
          ],
          [
            -81.2497807,
            -4.3095253
          ],
          [
            -81.2496541,
            -4.3094115
          ],
          [
            -81.2495608,
            -4.3093391
          ],
          [
            -81.2494529,
            -4.3092895
          ],
          [
            -81.2493367,
            -4.3092564
          ],
          [
            -81.2492683,
            -4.3092564
          ],
          [
            -81.2491895,
            -4.3092564
          ],
          [
            -81.2490754,
            -4.3092895
          ],
          [
            -81.2489717,
            -4.3093515
          ],
          [
            -81.2488721,
            -4.3094322
          ],
          [
            -81.2486045,
            -4.3096494
          ],
          [
            -81.2482311,
            -4.3099638
          ],
          [
            -81.2480776,
            -4.3100921
          ],
          [
            -81.2479116,
            -4.3102182
          ],
          [
            -81.2477892,
            -4.3102948
          ],
          [
            -81.2476814,
            -4.3103568
          ],
          [
            -81.247588,
            -4.3103899
          ],
          [
            -81.2474967,
            -4.3104127
          ],
          [
            -81.2474158,
            -4.3104085
          ],
          [
            -81.2473287,
            -4.3103837
          ],
          [
            -81.2472499,
            -4.310332
          ],
          [
            -81.2471877,
            -4.3102513
          ],
          [
            -81.2471296,
            -4.3101272
          ],
          [
            -81.2470715,
            -4.3099783
          ],
          [
            -81.2470134,
            -4.3098025
          ],
          [
            -81.2469574,
            -4.3095439
          ],
          [
            -81.2469035,
            -4.3092336
          ],
          [
            -81.2468682,
            -4.308975
          ],
          [
            -81.2468495,
            -4.3087413
          ],
          [
            -81.2468558,
            -4.3085272
          ],
          [
            -81.246862,
            -4.308279
          ],
          [
            -81.2468869,
            -4.3080183
          ],
          [
            -81.2468973,
            -4.3078404
          ],
          [
            -81.2469097,
            -4.3077411
          ],
          [
            -81.246972,
            -4.3075363
          ],
          [
            -81.2469989,
            -4.3074453
          ],
          [
            -81.2470373,
            -4.3072041
          ],
          [
            -81.2470535,
            -4.3070988
          ],
          [
            -81.2470593,
            -4.3070257
          ],
          [
            -81.2470608,
            -4.3069569
          ],
          [
            -81.2470549,
            -4.3068955
          ],
          [
            -81.24703,
            -4.3067697
          ],
          [
            -81.2470139,
            -4.3066863
          ],
          [
            -81.2470051,
            -4.3066103
          ],
          [
            -81.2470007,
            -4.3065503
          ],
          [
            -81.2469963,
            -4.3064728
          ],
          [
            -81.2469977,
            -4.3063645
          ],
          [
            -81.2469977,
            -4.3062592
          ],
          [
            -81.2469963,
            -4.3061729
          ],
          [
            -81.2469889,
            -4.3060983
          ],
          [
            -81.2469699,
            -4.3059784
          ],
          [
            -81.2469567,
            -4.3058789
          ],
          [
            -81.2469508,
            -4.3058014
          ],
          [
            -81.2469581,
            -4.3057224
          ],
          [
            -81.2469669,
            -4.3056566
          ],
          [
            -81.2469875,
            -4.305582
          ],
          [
            -81.2470109,
            -4.3055235
          ],
          [
            -81.2470417,
            -4.3054621
          ],
          [
            -81.2471151,
            -4.3053377
          ],
          [
            -81.2471341,
            -4.3052865
          ],
          [
            -81.2471459,
            -4.3052324
          ],
          [
            -81.2471532,
            -4.3051783
          ],
          [
            -81.2471561,
            -4.3051198
          ],
          [
            -81.2471532,
            -4.3050189
          ],
          [
            -81.2471253,
            -4.3043855
          ],
          [
            -81.2471063,
            -4.3040125
          ],
          [
            -81.247096,
            -4.3039189
          ],
          [
            -81.2470843,
            -4.303837
          ],
          [
            -81.2470652,
            -4.3037507
          ],
          [
            -81.2470373,
            -4.3036688
          ],
          [
            -81.2469992,
            -4.303581
          ],
          [
            -81.2469479,
            -4.303502
          ],
          [
            -81.2468877,
            -4.3034143
          ],
          [
            -81.2466486,
            -4.3031247
          ],
          [
            -81.2464931,
            -4.3029199
          ],
          [
            -81.2464477,
            -4.3028482
          ],
          [
            -81.2463963,
            -4.3027502
          ],
          [
            -81.2463714,
            -4.3026712
          ],
          [
            -81.2463567,
            -4.3025922
          ],
          [
            -81.2463523,
            -4.3024972
          ],
          [
            -81.2463509,
            -4.3023948
          ],
          [
            -81.2463582,
            -4.302269
          ],
          [
            -81.2463729,
            -4.3021432
          ],
          [
            -81.2464081,
            -4.3019662
          ],
          [
            -81.2464286,
            -4.3018624
          ],
          [
            -81.2464345,
            -4.3017673
          ],
          [
            -81.2464286,
            -4.3016854
          ],
          [
            -81.2464125,
            -4.3015932
          ],
          [
            -81.2463846,
            -4.301504
          ],
          [
            -81.2463435,
            -4.3014192
          ],
          [
            -81.2462892,
            -4.3013226
          ],
          [
            -81.2462188,
            -4.3012056
          ],
          [
            -81.2461558,
            -4.301112
          ],
          [
            -81.2460971,
            -4.3010491
          ],
          [
            -81.2460414,
            -4.3010023
          ],
          [
            -81.245968,
            -4.3009687
          ],
          [
            -81.2458903,
            -4.3009511
          ],
          [
            -81.2457993,
            -4.300957
          ],
          [
            -81.2457304,
            -4.300973
          ],
          [
            -81.2456468,
            -4.3010125
          ],
          [
            -81.2455544,
            -4.3010754
          ],
          [
            -81.2453739,
            -4.3012466
          ],
          [
            -81.2452654,
            -4.301346
          ],
          [
            -81.2450996,
            -4.3014864
          ],
          [
            -81.2450116,
            -4.301564
          ],
          [
            -81.2447153,
            -4.3018989
          ],
          [
            -81.2446479,
            -4.301956
          ],
          [
            -81.2445745,
            -4.3019911
          ],
          [
            -81.2444733,
            -4.3020145
          ],
          [
            -81.2443648,
            -4.3020233
          ],
          [
            -81.2442562,
            -4.3020116
          ],
          [
            -81.2441506,
            -4.3019969
          ],
          [
            -81.2440597,
            -4.3019648
          ],
          [
            -81.2439805,
            -4.3019179
          ],
          [
            -81.2438836,
            -4.3018463
          ],
          [
            -81.2437678,
            -4.3017453
          ],
          [
            -81.2435712,
            -4.3015888
          ],
          [
            -81.2434539,
            -4.3014894
          ],
          [
            -81.2433893,
            -4.3014236
          ],
          [
            -81.2433263,
            -4.3013519
          ],
          [
            -81.2432822,
            -4.3012861
          ],
          [
            -81.2432441,
            -4.3012085
          ],
          [
            -81.2432133,
            -4.3011252
          ],
          [
            -81.2431898,
            -4.3010345
          ]
        ]
      },
      "id": "way/379961363"
    },
    {
      "type": "Feature",
      "properties": {
        "@id": "way/392199850",
        "highway": "trunk",
        "lanes": "3",
        "maxspeed": "80",
        "name": "Avenida Juan Pablo II",
        "oneway": "yes",
        "ref": "F2",
        "smoothness": "intermediate",
        "surface": "asphalt"
      },
      "geometry": {
        "type": "LineString",
        "coordinates": [
          [
            -68.1967259,
            -16.4931015
          ],
          [
            -68.1978657,
            -16.4926033
          ],
          [
            -68.1979656,
            -16.4925617
          ]
        ]
      },
      "id": "way/392199850"
    },
    {
      "type": "Feature",
      "properties": {
        "@id": "way/392199851",
        "destination": "Milluni;La Cumbre",
        "destination:ref": "F41",
        "foot": "yes",
        "highway": "primary",
        "lanes": "2",
        "name": "Avenida Sucre A",
        "oneway": "yes",
        "ref": "F41",
        "source": "yahoo",
        "surface": "concrete"
      },
      "geometry": {
        "type": "LineString",
        "coordinates": [
          [
            -68.1938559,
            -16.4940109
          ],
          [
            -68.1937218,
            -16.4935408
          ],
          [
            -68.1935808,
            -16.493074
          ],
          [
            -68.1934348,
            -16.492591
          ],
          [
            -68.19328,
            -16.4920784
          ],
          [
            -68.1931401,
            -16.4916156
          ],
          [
            -68.1929991,
            -16.4911489
          ],
          [
            -68.1928583,
            -16.490683
          ],
          [
            -68.1927117,
            -16.4901976
          ],
          [
            -68.1926917,
            -16.4901301
          ],
          [
            -68.192574,
            -16.489742
          ]
        ]
      },
      "id": "way/392199851"
    },
    {
      "type": "Feature",
      "properties": {
        "@id": "way/392199852",
        "highway": "primary",
        "lanes": "2",
        "name": "Avenida Santa Vera Cruz",
        "oneway": "yes",
        "ref": "F41",
        "surface": "asphalt"
      },
      "geometry": {
        "type": "LineString",
        "coordinates": [
          [
            -68.19167,
            -16.486283
          ],
          [
            -68.1916836,
            -16.48644
          ]
        ]
      },
      "id": "way/392199852"
    },
    {
      "type": "Feature",
      "properties": {
        "@id": "way/408044327",
        "highway": "primary",
        "name": "Carretera Costanera I",
        "oneway": "yes",
        "ref": "PI-100",
        "surface": "asphalt"
      },
      "geometry": {
        "type": "LineString",
        "coordinates": [
          [
            -81.2237497,
            -4.268639
          ],
          [
            -81.2238198,
            -4.2686408
          ],
          [
            -81.2238905,
            -4.268639
          ],
          [
            -81.2239673,
            -4.2686181
          ],
          [
            -81.2240317,
            -4.26859
          ],
          [
            -81.2240961,
            -4.2685486
          ],
          [
            -81.2241548,
            -4.2684919
          ],
          [
            -81.2242272,
            -4.2683688
          ],
          [
            -81.2243432,
            -4.2681288
          ],
          [
            -81.224704,
            -4.2674339
          ],
          [
            -81.2249436,
            -4.2669624
          ],
          [
            -81.225264,
            -4.2662429
          ],
          [
            -81.2253003,
            -4.2661528
          ],
          [
            -81.2253339,
            -4.2661038
          ],
          [
            -81.2253862,
            -4.2660624
          ],
          [
            -81.225439,
            -4.266036
          ],
          [
            -81.2255069,
            -4.2660209
          ],
          [
            -81.2255595,
            -4.2660262
          ],
          [
            -81.2256142,
            -4.266049
          ],
          [
            -81.2256509,
            -4.2660695
          ]
        ]
      },
      "id": "way/408044327"
    },
    {
      "type": "Feature",
      "properties": {
        "@id": "way/408044329",
        "highway": "primary",
        "name": "Carretera Costanera I",
        "oneway": "yes",
        "ref": "PI-100",
        "surface": "asphalt"
      },
      "geometry": {
        "type": "LineString",
        "coordinates": [
          [
            -81.2256509,
            -4.2660695
          ],
          [
            -81.225574,
            -4.2660717
          ],
          [
            -81.2255096,
            -4.2660811
          ],
          [
            -81.2254496,
            -4.266104
          ],
          [
            -81.2253943,
            -4.266152
          ],
          [
            -81.2253582,
            -4.2661967
          ],
          [
            -81.225321,
            -4.2662728
          ],
          [
            -81.22502,
            -4.2669664
          ],
          [
            -81.224763,
            -4.2674639
          ],
          [
            -81.2244011,
            -4.2681625
          ],
          [
            -81.2242798,
            -4.2683984
          ],
          [
            -81.2241742,
            -4.2686129
          ]
        ]
      },
      "id": "way/408044329"
    },
    {
      "type": "Feature",
      "properties": {
        "@id": "way/426044684",
        "highway": "trunk",
        "lanes": "3",
        "maxspeed": "80",
        "name": "Avenida Juan Pablo II",
        "oneway": "yes",
        "ref": "F2",
        "smoothness": "intermediate",
        "surface": "asphalt"
      },
      "geometry": {
        "type": "LineString",
        "coordinates": [
          [
            -68.1939435,
            -16.4943183
          ],
          [
            -68.194009,
            -16.494286
          ],
          [
            -68.1941427,
            -16.494223
          ],
          [
            -68.1948226,
            -16.4939451
          ],
          [
            -68.1948933,
            -16.4939141
          ]
        ]
      },
      "id": "way/426044684"
    },
    {
      "type": "Feature",
      "properties": {
        "@id": "way/426044689",
        "highway": "trunk",
        "lanes": "2",
        "maxspeed": "80",
        "name": "Avenida Buenos Aires",
        "oneway": "yes",
        "ref": "F1",
        "surface": "concrete"
      },
      "geometry": {
        "type": "LineString",
        "coordinates": [
          [
            -68.2294293,
            -16.4978558
          ],
          [
            -68.2279881,
            -16.4973183
          ]
        ]
      },
      "id": "way/426044689"
    },
    {
      "type": "Feature",
      "properties": {
        "@id": "way/426044696",
        "foot": "no",
        "highway": "trunk",
        "lanes": "2",
        "lit": "yes",
        "maxspeed": "80",
        "motorroad": "yes",
        "name": "Avenida Juan Pablo II",
        "oneway": "yes",
        "ref": "F2",
        "sidewalk": "no",
        "smoothness": "intermediate",
        "source": "yahoo",
        "surface": "asphalt"
      },
      "geometry": {
        "type": "LineString",
        "coordinates": [
          [
            -68.2233192,
            -16.4868104
          ],
          [
            -68.2231549,
            -16.486845
          ],
          [
            -68.2189198,
            -16.487737
          ],
          [
            -68.2151214,
            -16.4885124
          ],
          [
            -68.211301,
            -16.4892892
          ]
        ]
      },
      "id": "way/426044696"
    },
    {
      "type": "Feature",
      "properties": {
        "@id": "way/426044701",
        "highway": "trunk",
        "lanes": "3",
        "lit": "yes",
        "maxspeed": "80",
        "name": "Avenida Juan Pablo II",
        "oneway": "yes",
        "ref": "F2",
        "sidewalk": "right",
        "smoothness": "intermediate",
        "surface": "asphalt"
      },
      "geometry": {
        "type": "LineString",
        "coordinates": [
          [
            -68.2025612,
            -16.4909245
          ],
          [
            -68.2027491,
            -16.4908869
          ],
          [
            -68.2038087,
            -16.4906751
          ],
          [
            -68.2042276,
            -16.4905913
          ],
          [
            -68.2042846,
            -16.4905799
          ]
        ]
      },
      "id": "way/426044701"
    },
    {
      "type": "Feature",
      "properties": {
        "@id": "way/426514865",
        "highway": "trunk",
        "lanes": "4",
        "name": "Avenida 6 de Marzo",
        "oneway": "yes",
        "ref": "F1",
        "sidewalk": "both",
        "surface": "asphalt"
      },
      "geometry": {
        "type": "LineString",
        "coordinates": [
          [
            -68.1689379,
            -16.5225668
          ],
          [
            -68.1680307,
            -16.5197228
          ],
          [
            -68.1678118,
            -16.5190851
          ]
        ]
      },
      "id": "way/426514865"
    },
    {
      "type": "Feature",
      "properties": {
        "@id": "way/435956688",
        "highway": "primary",
        "lanes": "2",
        "name": "Avenida Julio Cesar Valdez",
        "oneway": "yes",
        "surface": "concrete"
      },
      "geometry": {
        "type": "LineString",
        "coordinates": [
          [
            -68.1799024,
            -16.5160708
          ],
          [
            -68.1800761,
            -16.5160665
          ],
          [
            -68.1801917,
            -16.5161011
          ],
          [
            -68.1802869,
            -16.5161377
          ],
          [
            -68.180375,
            -16.5161773
          ],
          [
            -68.1804789,
            -16.5162261
          ],
          [
            -68.1812958,
            -16.51661
          ],
          [
            -68.1819736,
            -16.5169285
          ],
          [
            -68.1822296,
            -16.5170516
          ],
          [
            -68.1826671,
            -16.5172617
          ],
          [
            -68.182802,
            -16.5173263
          ],
          [
            -68.1830522,
            -16.5174459
          ],
          [
            -68.1833305,
            -16.517579
          ]
        ]
      },
      "id": "way/435956688"
    },
    {
      "type": "Feature",
      "properties": {
        "@id": "way/435967354",
        "highway": "primary",
        "junction": "circular",
        "lanes": "3",
        "maxspeed:type": "BO:urban",
        "name": "Avenida Panamericana",
        "oneway": "yes",
        "smoothness": "good",
        "surface": "concrete",
        "wheelchair": "limited"
      },
      "geometry": {
        "type": "LineString",
        "coordinates": [
          [
            -68.1541085,
            -16.5119671
          ],
          [
            -68.1541113,
            -16.512228
          ],
          [
            -68.1541247,
            -16.512563
          ]
        ]
      },
      "id": "way/435967354"
    },
    {
      "type": "Feature",
      "properties": {
        "@id": "way/437349715",
        "highway": "trunk",
        "lanes": "4",
        "maxspeed": "40",
        "name": "Avenida 6 de Marzo",
        "oneway": "yes",
        "ref": "F1",
        "surface": "asphalt"
      },
      "geometry": {
        "type": "LineString",
        "coordinates": [
          [
            -68.1676113,
            -16.518501
          ],
          [
            -68.1675449,
            -16.5183029
          ],
          [
            -68.1674746,
            -16.5180935
          ],
          [
            -68.1668656,
            -16.5163485
          ],
          [
            -68.1668475,
            -16.5162959
          ]
        ]
      },
      "id": "way/437349715"
    },
    {
      "type": "Feature",
      "properties": {
        "@id": "way/437769327",
        "highway": "trunk",
        "lanes": "4",
        "maxspeed": "70",
        "name": "Avenida 6 de Marzo",
        "oneway": "yes",
        "ref": "F1",
        "surface": "asphalt"
      },
      "geometry": {
        "type": "LineString",
        "coordinates": [
          [
            -68.1735831,
            -16.5358716
          ],
          [
            -68.173756,
            -16.5363809
          ],
          [
            -68.1738158,
            -16.5365572
          ]
        ]
      },
      "id": "way/437769327"
    },
    {
      "type": "Feature",
      "properties": {
        "@id": "way/437772579",
        "hgv": "designated",
        "highway": "trunk",
        "junction": "circular",
        "lanes": "2",
        "loc_name": "Rotonda Cruce Achocalla",
        "maxspeed": "80",
        "name": "Rotonda 6 de Marzo y Litoral",
        "oneway": "yes",
        "ref": "F1",
        "surface": "asphalt"
      },
      "geometry": {
        "type": "LineString",
        "coordinates": [
          [
            -68.180059,
            -16.5550683
          ],
          [
            -68.1799891,
            -16.5550869
          ]
        ]
      },
      "id": "way/437772579"
    },
    {
      "type": "Feature",
      "properties": {
        "@id": "way/437772580",
        "hgv": "designated",
        "highway": "trunk",
        "junction": "circular",
        "lanes": "2",
        "loc_name": "Rotonda Cruce Achocalla",
        "maxspeed": "80",
        "name": "Rotonda 6 de Marzo y Litoral",
        "oneway": "yes",
        "ref": "F1",
        "surface": "asphalt"
      },
      "geometry": {
        "type": "LineString",
        "coordinates": [
          [
            -68.1795438,
            -16.553788
          ],
          [
            -68.1796121,
            -16.5537723
          ]
        ]
      },
      "id": "way/437772580"
    },
    {
      "type": "Feature",
      "properties": {
        "@id": "way/437889805",
        "highway": "primary",
        "lanes": "2",
        "name": "Avenida Costanera",
        "oneway": "no",
        "surface": "concrete"
      },
      "geometry": {
        "type": "LineString",
        "coordinates": [
          [
            -68.2026152,
            -16.4910529
          ],
          [
            -68.2034115,
            -16.4923536
          ],
          [
            -68.203521,
            -16.4925103
          ],
          [
            -68.2041744,
            -16.4934985
          ],
          [
            -68.2041972,
            -16.4935345
          ],
          [
            -68.2048751,
            -16.4945375
          ],
          [
            -68.2051236,
            -16.4948964
          ],
          [
            -68.2053713,
            -16.4952885
          ],
          [
            -68.2054263,
            -16.4953798
          ],
          [
            -68.205928,
            -16.4961488
          ],
          [
            -68.2061613,
            -16.496474
          ],
          [
            -68.2072006,
            -16.4979849
          ],
          [
            -68.2074944,
            -16.4984004
          ],
          [
            -68.208295,
            -16.4997286
          ],
          [
            -68.2090166,
            -16.5009145
          ],
          [
            -68.2091841,
            -16.5012549
          ],
          [
            -68.2092355,
            -16.5013853
          ],
          [
            -68.2093906,
            -16.5017449
          ],
          [
            -68.2097406,
            -16.502735
          ],
          [
            -68.2098949,
            -16.5030848
          ],
          [
            -68.2099592,
            -16.5032185
          ],
          [
            -68.2100601,
            -16.5034127
          ],
          [
            -68.2103014,
            -16.5038825
          ],
          [
            -68.2109658,
            -16.5049769
          ],
          [
            -68.2110282,
            -16.505092
          ],
          [
            -68.211032,
            -16.5051
          ],
          [
            -68.2110675,
            -16.5051751
          ],
          [
            -68.211124,
            -16.5053446
          ]
        ]
      },
      "id": "way/437889805"
    },
    {
      "type": "Feature",
      "properties": {
        "@id": "way/440083174",
        "bicycle": "yes",
        "highway": "primary",
        "lanes": "2",
        "lit": "yes",
        "motor_vehicle:conditional": "no @ (Su 09:00-13:00)",
        "name": "Avenida Cívica",
        "oneway": "yes",
        "smoothness": "excellent",
        "surface": "concrete",
        "wheelchair": "limited"
      },
      "geometry": {
        "type": "LineString",
        "coordinates": [
          [
            -68.1591059,
            -16.5253642
          ],
          [
            -68.1588789,
            -16.5248624
          ],
          [
            -68.1588578,
            -16.5248151
          ],
          [
            -68.1587693,
            -16.5245953
          ]
        ]
      },
      "id": "way/440083174"
    },
    {
      "type": "Feature",
      "properties": {
        "@id": "way/440084060",
        "highway": "primary",
        "lanes": "2",
        "lit": "yes",
        "maxspeed": "40",
        "name": "Avenida Cívica",
        "oneway": "yes",
        "sidewalk": "both",
        "surface": "concrete"
      },
      "geometry": {
        "type": "LineString",
        "coordinates": [
          [
            -68.163386,
            -16.5328477
          ],
          [
            -68.1645033,
            -16.5347264
          ],
          [
            -68.165378,
            -16.5362125
          ],
          [
            -68.1657332,
            -16.5368061
          ],
          [
            -68.1662835,
            -16.5377258
          ],
          [
            -68.1666376,
            -16.5383176
          ],
          [
            -68.1667257,
            -16.5384648
          ],
          [
            -68.167602,
            -16.5399441
          ],
          [
            -68.1685126,
            -16.5414678
          ],
          [
            -68.16855,
            -16.5415313
          ],
          [
            -68.16859,
            -16.5416029
          ]
        ]
      },
      "id": "way/440084060"
    },
    {
      "type": "Feature",
      "properties": {
        "@id": "way/440084062",
        "bicycle": "yes",
        "foot": "no",
        "highway": "primary",
        "lanes": "2",
        "lit": "yes",
        "maxspeed": "BO:urban",
        "maxspeed:type": "BO:urban",
        "motor_vehicle:conditional": "no @ (Su 09:00-13:00)",
        "name": "Avenida Cívica",
        "oneway": "yes",
        "smoothness": "excellent",
        "surface": "concrete",
        "wheelchair": "limited",
        "width": "13"
      },
      "geometry": {
        "type": "LineString",
        "coordinates": [
          [
            -68.1610409,
            -16.5298621
          ],
          [
            -68.1609715,
            -16.5297598
          ],
          [
            -68.1609155,
            -16.5296591
          ],
          [
            -68.1608599,
            -16.5295201
          ]
        ]
      },
      "id": "way/440084062"
    },
    {
      "type": "Feature",
      "properties": {
        "@id": "way/440099079",
        "highway": "trunk",
        "lanes": "3",
        "maxspeed": "80",
        "name": "Avenida Ladislao Cabrera",
        "oneway": "yes",
        "ref": "F19",
        "shoulder": "no",
        "surface": "concrete"
      },
      "geometry": {
        "type": "LineString",
        "coordinates": [
          [
            -68.1740644,
            -16.5163094
          ],
          [
            -68.1745995,
            -16.5168988
          ],
          [
            -68.1749117,
            -16.5172443
          ],
          [
            -68.175121,
            -16.5174786
          ],
          [
            -68.1751868,
            -16.5175523
          ],
          [
            -68.1757171,
            -16.5181208
          ],
          [
            -68.1757821,
            -16.5181926
          ],
          [
            -68.1758395,
            -16.5182544
          ],
          [
            -68.1762356,
            -16.5186929
          ],
          [
            -68.1762444,
            -16.5187026
          ],
          [
            -68.176353,
            -16.5188228
          ],
          [
            -68.1776511,
            -16.5202016
          ],
          [
            -68.1777008,
            -16.5202553
          ],
          [
            -68.1783104,
            -16.5209064
          ],
          [
            -68.1784552,
            -16.5210611
          ]
        ]
      },
      "id": "way/440099079"
    },
    {
      "type": "Feature",
      "properties": {
        "@id": "way/440207841",
        "bicycle": "yes",
        "highway": "primary",
        "lanes": "3",
        "maxspeed": "40",
        "motor_vehicle:conditional": "no @ (Su 09:00-13:00)",
        "name": "Avenida Cívica",
        "oneway": "yes",
        "surface": "concrete"
      },
      "geometry": {
        "type": "LineString",
        "coordinates": [
          [
            -68.1631479,
            -16.5324294
          ],
          [
            -68.16326,
            -16.5326315
          ],
          [
            -68.1632684,
            -16.5326707
          ],
          [
            -68.163272,
            -16.5326956
          ]
        ]
      },
      "id": "way/440207841"
    },
    {
      "type": "Feature",
      "properties": {
        "@id": "way/441058524",
        "alt_name": "Calle 12",
        "bicycle": "yes",
        "foot": "no",
        "highway": "primary",
        "lanes": "2",
        "lit": "yes",
        "maxspeed:type": "BO:urban",
        "name": "Avenida Ciudad Satélite",
        "oneway": "yes",
        "parking:lane:left": "no_parking",
        "parking:lane:right": "parallel",
        "sidewalk": "right",
        "sidewalk:right:surface": "concrete",
        "smoothness": "good",
        "surface": "concrete",
        "wheelchair": "limited",
        "width": "6.5"
      },
      "geometry": {
        "type": "LineString",
        "coordinates": [
          [
            -68.1557344,
            -16.5220078
          ],
          [
            -68.1557517,
            -16.5220009
          ],
          [
            -68.155805,
            -16.5219796
          ],
          [
            -68.1561093,
            -16.5218591
          ],
          [
            -68.1564483,
            -16.5217248
          ],
          [
            -68.1565258,
            -16.5216938
          ]
        ]
      },
      "id": "way/441058524"
    },
    {
      "type": "Feature",
      "properties": {
        "@id": "way/441058527",
        "alt_name": "Calle 12",
        "bicycle": "yes",
        "foot": "no",
        "highway": "primary",
        "lanes": "2",
        "lit": "yes",
        "maxspeed:type": "BO:urban",
        "name": "Avenida Satélite",
        "oneway": "yes",
        "parking:lane:left": "no_parking",
        "parking:lane:right": "parallel",
        "sidewalk": "right",
        "sidewalk:right:surface": "concrete",
        "smoothness": "good",
        "surface": "concrete",
        "wheelchair": "limited",
        "width": "6.5"
      },
      "geometry": {
        "type": "LineString",
        "coordinates": [
          [
            -68.1557648,
            -16.5220782
          ],
          [
            -68.1557151,
            -16.5220973
          ],
          [
            -68.1555621,
            -16.5221586
          ],
          [
            -68.1555045,
            -16.5221813
          ]
        ]
      },
      "id": "way/441058527"
    },
    {
      "type": "Feature",
      "properties": {
        "@id": "way/441500522",
        "highway": "trunk",
        "lanes": "2",
        "maxspeed": "80",
        "name": "Avenida Buenos Aires",
        "oneway": "no",
        "ref": "F1",
        "surface": "asphalt"
      },
      "geometry": {
        "type": "LineString",
        "coordinates": [
          [
            -68.2300582,
            -16.4980654
          ],
          [
            -68.2301167,
            -16.4980857
          ],
          [
            -68.2302282,
            -16.4981241
          ],
          [
            -68.2304072,
            -16.4981857
          ],
          [
            -68.2316515,
            -16.4986376
          ],
          [
            -68.2321913,
            -16.4988279
          ],
          [
            -68.2325628,
            -16.4989654
          ],
          [
            -68.2327773,
            -16.4990365
          ],
          [
            -68.2330024,
            -16.4991124
          ],
          [
            -68.2334042,
            -16.4992553
          ],
          [
            -68.2338278,
            -16.4994048
          ],
          [
            -68.234266,
            -16.49955
          ],
          [
            -68.2348049,
            -16.4997199
          ],
          [
            -68.2353693,
            -16.4999088
          ],
          [
            -68.2367794,
            -16.500345
          ],
          [
            -68.2370715,
            -16.5004346
          ]
        ]
      },
      "id": "way/441500522"
    },
    {
      "type": "Feature",
      "properties": {
        "@id": "way/442217728",
        "hgv": "designated",
        "highway": "primary",
        "lanes": "2",
        "name": "Avenida Litoral",
        "oneway": "yes",
        "surface": "concrete"
      },
      "geometry": {
        "type": "LineString",
        "coordinates": [
          [
            -68.1973328,
            -16.543865
          ],
          [
            -68.1968931,
            -16.544378
          ],
          [
            -68.1964458,
            -16.5448915
          ],
          [
            -68.1958523,
            -16.5455926
          ],
          [
            -68.1954129,
            -16.546112
          ],
          [
            -68.1949829,
            -16.5466047
          ]
        ]
      },
      "id": "way/442217728"
    },
    {
      "type": "Feature",
      "properties": {
        "@id": "way/444039659",
        "highway": "trunk",
        "lanes": "4",
        "maxspeed": "40",
        "name": "Avenida 6 de Marzo",
        "oneway": "yes",
        "ref": "F1",
        "sidewalk": "both",
        "surface": "asphalt"
      },
      "geometry": {
        "type": "LineString",
        "coordinates": [
          [
            -68.1679397,
            -16.5190508
          ],
          [
            -68.1680561,
            -16.5194017
          ],
          [
            -68.1681077,
            -16.5195507
          ],
          [
            -68.1686223,
            -16.5211404
          ],
          [
            -68.1688681,
            -16.5218901
          ],
          [
            -68.1690791,
            -16.5225337
          ]
        ]
      },
      "id": "way/444039659"
    },
    {
      "type": "Feature",
      "properties": {
        "@id": "way/444039660",
        "highway": "trunk",
        "lanes": "4",
        "maxheight": "7",
        "maxspeed": "40",
        "name": "Avenida 6 de Marzo",
        "oneway": "yes",
        "ref": "F1",
        "surface": "asphalt"
      },
      "geometry": {
        "type": "LineString",
        "coordinates": [
          [
            -68.1661159,
            -16.5140791
          ],
          [
            -68.1657166,
            -16.5129611
          ],
          [
            -68.1653973,
            -16.5119978
          ],
          [
            -68.16539,
            -16.5119747
          ],
          [
            -68.1653517,
            -16.5118545
          ]
        ]
      },
      "id": "way/444039660"
    },
    {
      "type": "Feature",
      "properties": {
        "@id": "way/444039661",
        "alt_name": "Calle 11",
        "highway": "primary",
        "lanes": "2",
        "name": "Avenida Satélite",
        "oneway": "no",
        "surface": "concrete:plates"
      },
      "geometry": {
        "type": "LineString",
        "coordinates": [
          [
            -68.1668475,
            -16.5162959
          ],
          [
            -68.1667959,
            -16.5163103
          ],
          [
            -68.1667443,
            -16.5163247
          ],
          [
            -68.166186,
            -16.5165001
          ]
        ]
      },
      "id": "way/444039661"
    },
    {
      "type": "Feature",
      "properties": {
        "@id": "way/445547594",
        "highway": "trunk",
        "lanes": "4",
        "maxspeed": "40",
        "name": "Avenida 6 de Marzo",
        "oneway": "yes",
        "ref": "F1",
        "surface": "asphalt"
      },
      "geometry": {
        "type": "LineString",
        "coordinates": [
          [
            -68.1638684,
            -16.5073869
          ],
          [
            -68.1638364,
            -16.5072932
          ],
          [
            -68.1635,
            -16.5063125
          ],
          [
            -68.1634796,
            -16.506253
          ],
          [
            -68.1629724,
            -16.5047955
          ],
          [
            -68.1626679,
            -16.5039236
          ]
        ]
      },
      "id": "way/445547594"
    },
    {
      "type": "Feature",
      "properties": {
        "@id": "way/446970563",
        "check_date": "2024-05-01",
        "highway": "trunk",
        "lanes": "2",
        "maxspeed": "80",
        "name": "Avenida Buenos Aires",
        "oneway": "no",
        "ref": "F1",
        "surface": "asphalt"
      },
      "geometry": {
        "type": "LineString",
        "coordinates": [
          [
            -68.2530273,
            -16.5052645
          ],
          [
            -68.2529479,
            -16.5052407
          ],
          [
            -68.2527183,
            -16.5051663
          ],
          [
            -68.2518567,
            -16.5048926
          ],
          [
            -68.2516824,
            -16.5048416
          ],
          [
            -68.2506315,
            -16.5045199
          ],
          [
            -68.2503933,
            -16.5044496
          ],
          [
            -68.2496699,
            -16.5042226
          ],
          [
            -68.2482217,
            -16.5037863
          ]
        ]
      },
      "id": "way/446970563"
    },
    {
      "type": "Feature",
      "properties": {
        "@id": "way/446970564",
        "bridge": "yes",
        "check_date": "2024-05-01",
        "highway": "trunk",
        "lanes": "2",
        "layer": "1",
        "maxspeed": "80",
        "name": "Avenida Buenos Aires",
        "oneway": "no",
        "ref": "F1",
        "surface": "asphalt"
      },
      "geometry": {
        "type": "LineString",
        "coordinates": [
          [
            -68.2531484,
            -16.5052998
          ],
          [
            -68.2530273,
            -16.5052645
          ]
        ]
      },
      "id": "way/446970564"
    },
    {
      "type": "Feature",
      "properties": {
        "@id": "way/447274581",
        "highway": "trunk",
        "lanes": "3",
        "maxspeed": "80",
        "name": "Avenida Juan Pablo II",
        "oneway": "yes",
        "ref": "F2",
        "smoothness": "intermediate",
        "surface": "asphalt"
      },
      "geometry": {
        "type": "LineString",
        "coordinates": [
          [
            -68.2006359,
            -16.491558
          ],
          [
            -68.2004147,
            -16.4916405
          ],
          [
            -68.1996784,
            -16.4919811
          ],
          [
            -68.1986582,
            -16.4924278
          ],
          [
            -68.1982749,
            -16.4925878
          ],
          [
            -68.1980422,
            -16.4926849
          ],
          [
            -68.197778,
            -16.4927951
          ],
          [
            -68.1967955,
            -16.4932117
          ],
          [
            -68.195875,
            -16.4936219
          ],
          [
            -68.1949715,
            -16.4940314
          ],
          [
            -68.1948971,
            -16.4940623
          ]
        ]
      },
      "id": "way/447274581"
    },
    {
      "type": "Feature",
      "properties": {
        "@id": "way/461499229",
        "alt_name": "Señor de la Cruz",
        "highway": "primary",
        "name": "Calle Calacoto",
        "oneway": "yes",
        "ref": "F41",
        "source": "bing",
        "surface": "concrete"
      },
      "geometry": {
        "type": "LineString",
        "coordinates": [
          [
            -68.1854375,
            -16.4593263
          ],
          [
            -68.1842026,
            -16.4604199
          ],
          [
            -68.183905,
            -16.4606882
          ],
          [
            -68.1838098,
            -16.4607676
          ],
          [
            -68.183403,
            -16.4611378
          ],
          [
            -68.1828588,
            -16.4616218
          ],
          [
            -68.1826408,
            -16.4618148
          ],
          [
            -68.1824727,
            -16.4619684
          ],
          [
            -68.1820313,
            -16.4623771
          ]
        ]
      },
      "id": "way/461499229"
    },
    {
      "type": "Feature",
      "properties": {
        "@id": "way/462425826",
        "highway": "primary",
        "lanes": "2",
        "name": "Avenida Julio Cesar Valdez",
        "oneway": "yes",
        "surface": "concrete"
      },
      "geometry": {
        "type": "LineString",
        "coordinates": [
          [
            -68.1833305,
            -16.517579
          ],
          [
            -68.1834979,
            -16.517652
          ],
          [
            -68.1837317,
            -16.5177641
          ],
          [
            -68.1853792,
            -16.5185344
          ],
          [
            -68.1858358,
            -16.5187572
          ],
          [
            -68.1862717,
            -16.5189602
          ],
          [
            -68.1867474,
            -16.5191792
          ],
          [
            -68.1872319,
            -16.5194036
          ],
          [
            -68.1884,
            -16.5199577
          ],
          [
            -68.188749,
            -16.5201233
          ],
          [
            -68.1896339,
            -16.5205238
          ],
          [
            -68.1900997,
            -16.5207507
          ],
          [
            -68.1905726,
            -16.5209801
          ],
          [
            -68.1910291,
            -16.5211764
          ],
          [
            -68.1920063,
            -16.5216471
          ],
          [
            -68.1923955,
            -16.5218172
          ],
          [
            -68.1931366,
            -16.5221411
          ],
          [
            -68.1932498,
            -16.522191
          ],
          [
            -68.1945494,
            -16.5226946
          ],
          [
            -68.1950292,
            -16.5228829
          ],
          [
            -68.1954919,
            -16.5230625
          ],
          [
            -68.1966468,
            -16.5235299
          ],
          [
            -68.197482,
            -16.5238499
          ],
          [
            -68.1983176,
            -16.5241028
          ],
          [
            -68.1985925,
            -16.5241863
          ]
        ]
      },
      "id": "way/462425826"
    },
    {
      "type": "Feature",
      "properties": {
        "@id": "way/463926217",
        "highway": "primary",
        "name": "Avenida Estructurante",
        "oneway": "yes",
        "source": "bing",
        "surface": "paved"
      },
      "geometry": {
        "type": "LineString",
        "coordinates": [
          [
            -68.1940788,
            -16.5615185
          ],
          [
            -68.1952211,
            -16.5610272
          ],
          [
            -68.1965132,
            -16.5604887
          ],
          [
            -68.1977533,
            -16.5599776
          ],
          [
            -68.1978129,
            -16.5599396
          ],
          [
            -68.1978899,
            -16.5598565
          ]
        ]
      },
      "id": "way/463926217"
    },
    {
      "type": "Feature",
      "properties": {
        "@id": "way/479791552",
        "highway": "trunk",
        "lanes": "3",
        "maxspeed": "80",
        "name": "Avenida Juan Pablo II",
        "oneway": "yes",
        "ref": "F2",
        "smoothness": "intermediate",
        "surface": "asphalt",
        "turn:lanes": "left|none|none"
      },
      "geometry": {
        "type": "LineString",
        "coordinates": [
          [
            -68.1792303,
            -16.4986682
          ],
          [
            -68.1798667,
            -16.4984951
          ],
          [
            -68.1799966,
            -16.4984597
          ]
        ]
      },
      "id": "way/479791552"
    },
    {
      "type": "Feature",
      "properties": {
        "@id": "way/480098026",
        "highway": "trunk",
        "lanes": "3",
        "maxspeed": "80",
        "name": "Avenida Juan Pablo II",
        "oneway": "yes",
        "ref": "F2",
        "smoothness": "intermediate",
        "surface": "asphalt",
        "turn:lanes": "left|none|none"
      },
      "geometry": {
        "type": "LineString",
        "coordinates": [
          [
            -68.1713851,
            -16.5007342
          ],
          [
            -68.1716867,
            -16.5006561
          ],
          [
            -68.1719014,
            -16.5006005
          ]
        ]
      },
      "id": "way/480098026"
    },
    {
      "type": "Feature",
      "properties": {
        "@id": "way/482776298",
        "bicycle": "yes",
        "foot": "no",
        "highway": "primary",
        "incline": "0%",
        "lanes": "2",
        "lit": "yes",
        "maxspeed:type": "BO:urban",
        "name": "Avenida Marcelo Quiroga Santa Cruz",
        "noname": "yes",
        "oneway": "yes",
        "shoulder": "no",
        "sidewalk": "left",
        "smoothness": "excellent",
        "surface": "concrete",
        "wheelchair": "limited",
        "width": "8.7"
      },
      "geometry": {
        "type": "LineString",
        "coordinates": [
          [
            -68.1476494,
            -16.5250133
          ],
          [
            -68.1477266,
            -16.5250775
          ],
          [
            -68.1477468,
            -16.5251103
          ],
          [
            -68.1477686,
            -16.5251506
          ],
          [
            -68.147774,
            -16.5252045
          ],
          [
            -68.1477701,
            -16.5252328
          ],
          [
            -68.1477571,
            -16.5252596
          ],
          [
            -68.1477416,
            -16.5252907
          ]
        ]
      },
      "id": "way/482776298"
    },
    {
      "type": "Feature",
      "properties": {
        "@id": "way/482776299",
        "bicycle": "yes",
        "foot": "no",
        "highway": "primary",
        "incline": "0%",
        "lanes": "2",
        "lit": "yes",
        "maxspeed:type": "BO:urban",
        "name": "Avenida Marcelo Quiroga Santa Cruz",
        "noname": "yes",
        "oneway": "yes",
        "shoulder": "no",
        "sidewalk": "both",
        "sidewalk:both:surface": "concrete",
        "smoothness": "excellent",
        "surface": "concrete",
        "wheelchair": "limited",
        "width": "9"
      },
      "geometry": {
        "type": "LineString",
        "coordinates": [
          [
            -68.1474664,
            -16.5253924
          ],
          [
            -68.1474009,
            -16.5254026
          ],
          [
            -68.1473424,
            -16.5253928
          ],
          [
            -68.1473059,
            -16.5253724
          ],
          [
            -68.1472914,
            -16.525361
          ],
          [
            -68.1472574,
            -16.5253179
          ],
          [
            -68.1472438,
            -16.5252706
          ],
          [
            -68.1472426,
            -16.5252122
          ],
          [
            -68.147251,
            -16.5251424
          ]
        ]
      },
      "id": "way/482776299"
    },
    {
      "type": "Feature",
      "properties": {
        "@id": "way/485996792",
        "highway": "primary",
        "name": "Carretera Costanera I",
        "oneway": "yes"
      },
      "geometry": {
        "type": "LineString",
        "coordinates": [
          [
            -81.2241742,
            -4.2686129
          ],
          [
            -81.2241457,
            -4.2686917
          ],
          [
            -81.2241189,
            -4.2687692
          ],
          [
            -81.2240987,
            -4.2688428
          ],
          [
            -81.2240853,
            -4.2689177
          ],
          [
            -81.2240746,
            -4.2690033
          ],
          [
            -81.2240881,
            -4.2690942
          ]
        ]
      },
      "id": "way/485996792"
    },
    {
      "type": "Feature",
      "properties": {
        "@id": "way/490920222",
        "alt_name": "Calle 12",
        "bicycle": "yes",
        "foot": "no",
        "highway": "primary",
        "lanes": "2",
        "lit": "yes",
        "maxspeed:type": "BO:urban",
        "name": "Avenida Satélite",
        "oneway": "yes",
        "parking:lane:left": "no_parking",
        "parking:lane:right": "parallel",
        "sidewalk": "both",
        "sidewalk:both:surface": "concrete",
        "smoothness": "good",
        "surface": "concrete",
        "wheelchair": "limited",
        "width": "8.6"
      },
      "geometry": {
        "type": "LineString",
        "coordinates": [
          [
            -68.1513655,
            -16.5238382
          ],
          [
            -68.1512924,
            -16.5238673
          ],
          [
            -68.1512009,
            -16.5239021
          ],
          [
            -68.1511237,
            -16.5239319
          ]
        ]
      },
      "id": "way/490920222"
    },
    {
      "type": "Feature",
      "properties": {
        "@id": "way/490920224",
        "bicycle": "yes",
        "foot": "no",
        "highway": "primary",
        "junction": "roundabout",
        "lanes": "2",
        "lit": "yes",
        "maxspeed:type": "BO:urban",
        "name": "Plaza Sebastián Pagador",
        "oneway": "yes",
        "parking:left": "no",
        "parking:left:restriction": "no_parking",
        "parking:right": "yes",
        "parking:right:orientation": "parallel",
        "sidewalk": "left",
        "sidewalk:left:surface": "concrete",
        "smoothness": "good",
        "surface": "concrete",
        "wheelchair": "limited",
        "width": "13"
      },
      "geometry": {
        "type": "LineString",
        "coordinates": [
          [
            -68.1509944,
            -16.52387
          ],
          [
            -68.1510121,
            -16.5238975
          ],
          [
            -68.1510274,
            -16.523927
          ],
          [
            -68.1510413,
            -16.523962
          ]
        ]
      },
      "id": "way/490920224"
    },
    {
      "type": "Feature",
      "properties": {
        "@id": "way/490920225",
        "bicycle": "yes",
        "foot": "no",
        "highway": "primary",
        "junction": "roundabout",
        "lanes": "2",
        "lit": "yes",
        "maxspeed:type": "BO:urban",
        "name": "Plaza Sebastián Pagador",
        "oneway": "yes",
        "parking:left": "no",
        "parking:left:restriction": "no_parking",
        "parking:right": "yes",
        "parking:right:orientation": "parallel",
        "sidewalk": "left",
        "sidewalk:left:surface": "concrete",
        "smoothness": "good",
        "source": "Aeronave UAV",
        "surface": "concrete",
        "wheelchair": "limited",
        "width": "8"
      },
      "geometry": {
        "type": "LineString",
        "coordinates": [
          [
            -68.1503132,
            -16.5241531
          ],
          [
            -68.1503204,
            -16.5241036
          ],
          [
            -68.1503204,
            -16.5240506
          ],
          [
            -68.1503274,
            -16.5239975
          ],
          [
            -68.1503436,
            -16.5239474
          ],
          [
            -68.1503679,
            -16.5239013
          ],
          [
            -68.1503985,
            -16.5238587
          ],
          [
            -68.150434,
            -16.5238197
          ],
          [
            -68.150475,
            -16.523786
          ],
          [
            -68.1505207,
            -16.5237585
          ],
          [
            -68.1505684,
            -16.5237383
          ],
          [
            -68.1506186,
            -16.5237249
          ],
          [
            -68.1506704,
            -16.5237229
          ],
          [
            -68.1507218,
            -16.5237248
          ],
          [
            -68.1507722,
            -16.5237333
          ],
          [
            -68.1508272,
            -16.5237511
          ],
          [
            -68.150877,
            -16.5237757
          ],
          [
            -68.1509232,
            -16.5238068
          ],
          [
            -68.1509616,
            -16.523844
          ],
          [
            -68.1509944,
            -16.52387
          ]
        ]
      },
      "id": "way/490920225"
    },
    {
      "type": "Feature",
      "properties": {
        "@id": "way/490920226",
        "bicycle": "yes",
        "foot": "no",
        "highway": "primary",
        "junction": "roundabout",
        "lanes": "2",
        "lit": "yes",
        "maxspeed:type": "BO:urban",
        "name": "Plaza Sebastián Pagador",
        "oneway": "yes",
        "parking:left": "no",
        "parking:left:restriction": "no_parking",
        "parking:right": "yes",
        "parking:right:orientation": "parallel",
        "sidewalk": "both",
        "sidewalk:both:surface": "concrete",
        "smoothness": "good",
        "surface": "concrete",
        "wheelchair": "limited",
        "width": "11.9"
      },
      "geometry": {
        "type": "LineString",
        "coordinates": [
          [
            -68.1510532,
            -16.5240083
          ],
          [
            -68.151058,
            -16.5240465
          ],
          [
            -68.1510584,
            -16.524085
          ],
          [
            -68.1510544,
            -16.5241233
          ],
          [
            -68.151046,
            -16.524161
          ],
          [
            -68.1510334,
            -16.5241976
          ],
          [
            -68.1510167,
            -16.5242326
          ],
          [
            -68.1509961,
            -16.5242657
          ]
        ]
      },
      "id": "way/490920226"
    },
    {
      "type": "Feature",
      "properties": {
        "@id": "way/490920227",
        "bicycle": "yes",
        "foot": "no",
        "highway": "primary",
        "incline": "0%",
        "lanes": "2",
        "lit": "yes",
        "maxspeed:type": "BO:urban",
        "name": "Avenida Panorámica",
        "oneway": "yes",
        "shoulder": "no",
        "sidewalk": "both",
        "smoothness": "excellent",
        "surface": "concrete",
        "wheelchair": "limited",
        "width": "9.2"
      },
      "geometry": {
        "type": "LineString",
        "coordinates": [
          [
            -68.1474664,
            -16.5253924
          ],
          [
            -68.1474222,
            -16.52541
          ],
          [
            -68.1473047,
            -16.5254566
          ],
          [
            -68.1472554,
            -16.5254762
          ],
          [
            -68.1472387,
            -16.5254834
          ],
          [
            -68.147213,
            -16.5254944
          ],
          [
            -68.1471038,
            -16.5255673
          ],
          [
            -68.1470491,
            -16.5256121
          ],
          [
            -68.1470166,
            -16.5256401
          ],
          [
            -68.1469702,
            -16.5256802
          ],
          [
            -68.1469167,
            -16.5257555
          ],
          [
            -68.1468695,
            -16.5258242
          ],
          [
            -68.1468273,
            -16.5258859
          ],
          [
            -68.1467992,
            -16.525927
          ],
          [
            -68.1467286,
            -16.5260341
          ],
          [
            -68.1467152,
            -16.5260546
          ],
          [
            -68.1466965,
            -16.5260828
          ],
          [
            -68.1466254,
            -16.5261903
          ]
        ]
      },
      "id": "way/490920227"
    },
    {
      "type": "Feature",
      "properties": {
        "@id": "way/499932568",
        "highway": "trunk",
        "lanes": "2",
        "lit": "yes",
        "maxspeed": "80",
        "name": "Doble Vía La Paz-Oruro",
        "oneway": "yes",
        "ref": "F1",
        "shoulder": "right",
        "surface": "asphalt"
      },
      "geometry": {
        "type": "LineString",
        "coordinates": [
          [
            -68.1810745,
            -16.6394292
          ],
          [
            -68.18107,
            -16.6394862
          ],
          [
            -68.1810257,
            -16.6400506
          ],
          [
            -68.1808822,
            -16.6420708
          ],
          [
            -68.1807341,
            -16.6439892
          ],
          [
            -68.1806062,
            -16.6457838
          ],
          [
            -68.180565,
            -16.6462889
          ],
          [
            -68.1804552,
            -16.6476335
          ],
          [
            -68.1803522,
            -16.6489184
          ],
          [
            -68.1802484,
            -16.6502261
          ],
          [
            -68.1802257,
            -16.6505001
          ],
          [
            -68.1800543,
            -16.6527512
          ],
          [
            -68.1799262,
            -16.6543713
          ],
          [
            -68.1798136,
            -16.655956
          ],
          [
            -68.179814,
            -16.6564471
          ],
          [
            -68.179832,
            -16.6568911
          ],
          [
            -68.1798813,
            -16.6573629
          ],
          [
            -68.1800003,
            -16.6578937
          ],
          [
            -68.1800143,
            -16.6579385
          ],
          [
            -68.18017,
            -16.6584359
          ],
          [
            -68.1804979,
            -16.6594278
          ],
          [
            -68.18088,
            -16.6605281
          ],
          [
            -68.1815137,
            -16.6623115
          ],
          [
            -68.1825136,
            -16.6653957
          ],
          [
            -68.1832324,
            -16.6674616
          ],
          [
            -68.1832901,
            -16.6676273
          ],
          [
            -68.1836294,
            -16.6686153
          ],
          [
            -68.1839691,
            -16.669568
          ],
          [
            -68.1857618,
            -16.67432
          ],
          [
            -68.186321,
            -16.6759267
          ],
          [
            -68.1874032,
            -16.679052
          ],
          [
            -68.187517,
            -16.6793656
          ],
          [
            -68.1880389,
            -16.6810493
          ],
          [
            -68.1881777,
            -16.6814521
          ],
          [
            -68.1883306,
            -16.6818992
          ],
          [
            -68.1889029,
            -16.683555
          ],
          [
            -68.1898877,
            -16.6861613
          ],
          [
            -68.189938,
            -16.6863035
          ],
          [
            -68.1900376,
            -16.6865855
          ],
          [
            -68.1901498,
            -16.6869529
          ],
          [
            -68.1902427,
            -16.6873298
          ],
          [
            -68.1902954,
            -16.6877405
          ],
          [
            -68.1902998,
            -16.6881758
          ],
          [
            -68.1902864,
            -16.6883566
          ],
          [
            -68.1902531,
            -16.6888055
          ],
          [
            -68.1902194,
            -16.6892602
          ],
          [
            -68.190143,
            -16.6900417
          ],
          [
            -68.189996,
            -16.6918053
          ],
          [
            -68.1899082,
            -16.6925689
          ],
          [
            -68.1898059,
            -16.6933048
          ],
          [
            -68.1895871,
            -16.6950067
          ],
          [
            -68.189484,
            -16.6956516
          ],
          [
            -68.1887777,
            -16.700389
          ],
          [
            -68.1883607,
            -16.702785
          ],
          [
            -68.188157,
            -16.7039556
          ],
          [
            -68.1879043,
            -16.7053171
          ],
          [
            -68.1877345,
            -16.7061769
          ],
          [
            -68.1875969,
            -16.7068457
          ],
          [
            -68.1874592,
            -16.7074602
          ],
          [
            -68.1872354,
            -16.7084168
          ],
          [
            -68.1868784,
            -16.709895
          ],
          [
            -68.1865649,
            -16.7111042
          ],
          [
            -68.1863468,
            -16.7120452
          ],
          [
            -68.1861995,
            -16.7128098
          ],
          [
            -68.1861299,
            -16.7133786
          ],
          [
            -68.1859758,
            -16.7153876
          ],
          [
            -68.1858761,
            -16.7166882
          ],
          [
            -68.1857813,
            -16.7180243
          ],
          [
            -68.1857277,
            -16.7187631
          ],
          [
            -68.1856798,
            -16.7194756
          ],
          [
            -68.1856073,
            -16.7206015
          ],
          [
            -68.1855453,
            -16.7216489
          ]
        ]
      },
      "id": "way/499932568"
    },
    {
      "type": "Feature",
      "properties": {
        "@id": "way/516917510",
        "highway": "trunk",
        "lanes": "4",
        "maxspeed": "80",
        "name": "Avenida Juan Pablo II",
        "oneway": "yes",
        "ref": "F2",
        "surface": "asphalt"
      },
      "geometry": {
        "type": "LineString",
        "coordinates": [
          [
            -68.1680243,
            -16.5018404
          ],
          [
            -68.1676175,
            -16.5019544
          ],
          [
            -68.1672387,
            -16.5020629
          ],
          [
            -68.166863,
            -16.5021706
          ],
          [
            -68.166487,
            -16.5022783
          ],
          [
            -68.1660953,
            -16.5023905
          ],
          [
            -68.1657298,
            -16.5024953
          ],
          [
            -68.1651127,
            -16.5026721
          ]
        ]
      },
      "id": "way/516917510"
    },
    {
      "type": "Feature",
      "properties": {
        "@id": "way/527850026",
        "bridge": "yes",
        "highway": "trunk",
        "lanes": "2",
        "layer": "1",
        "name": "Avenida Panamericana",
        "oneway": "yes",
        "ref": "F2",
        "smoothness": "intermediate",
        "source": "yahoo",
        "surface": "asphalt"
      },
      "geometry": {
        "type": "LineString",
        "coordinates": [
          [
            -68.2833737,
            -16.4737759
          ],
          [
            -68.2830231,
            -16.4739021
          ]
        ]
      },
      "id": "way/527850026"
    },
    {
      "type": "Feature",
      "properties": {
        "@id": "way/527850027",
        "highway": "trunk",
        "lanes": "2",
        "name": "Avenida Panamericana",
        "oneway": "yes",
        "ref": "F2",
        "smoothness": "intermediate",
        "source": "yahoo",
        "surface": "asphalt"
      },
      "geometry": {
        "type": "LineString",
        "coordinates": [
          [
            -68.2715049,
            -16.4763022
          ],
          [
            -68.2709918,
            -16.4763879
          ],
          [
            -68.2703466,
            -16.4764929
          ],
          [
            -68.2695242,
            -16.4766318
          ],
          [
            -68.2691357,
            -16.4766974
          ],
          [
            -68.2683057,
            -16.4768341
          ],
          [
            -68.2666149,
            -16.4771126
          ],
          [
            -68.2657351,
            -16.4772695
          ],
          [
            -68.2652523,
            -16.4773595
          ],
          [
            -68.264779,
            -16.4774723
          ],
          [
            -68.2643135,
            -16.4775833
          ],
          [
            -68.2640984,
            -16.4776326
          ],
          [
            -68.262448,
            -16.478011
          ],
          [
            -68.2612913,
            -16.4782834
          ],
          [
            -68.2590514,
            -16.4787854
          ],
          [
            -68.2589388,
            -16.4788111
          ],
          [
            -68.2568728,
            -16.4792893
          ]
        ]
      },
      "id": "way/527850027"
    },
    {
      "type": "Feature",
      "properties": {
        "@id": "way/527850028",
        "highway": "trunk",
        "lanes": "2",
        "maxspeed": "80",
        "name": "Avenida Panamericana",
        "oneway": "yes",
        "ref": "F2",
        "smoothness": "good",
        "source": "yahoo",
        "surface": "asphalt"
      },
      "geometry": {
        "type": "LineString",
        "coordinates": [
          [
            -68.3076469,
            -16.4624716
          ],
          [
            -68.3073223,
            -16.4628194
          ],
          [
            -68.3058623,
            -16.4643838
          ],
          [
            -68.3053702,
            -16.4648698
          ],
          [
            -68.3048484,
            -16.4653464
          ],
          [
            -68.3046149,
            -16.4655301
          ],
          [
            -68.3043756,
            -16.465718
          ],
          [
            -68.3041743,
            -16.4658468
          ],
          [
            -68.3040328,
            -16.4659408
          ],
          [
            -68.3034605,
            -16.466299
          ],
          [
            -68.3028109,
            -16.4666466
          ],
          [
            -68.3022565,
            -16.4668754
          ],
          [
            -68.299947,
            -16.467733
          ],
          [
            -68.2997793,
            -16.4677953
          ],
          [
            -68.2996017,
            -16.467862
          ],
          [
            -68.2965531,
            -16.4690068
          ],
          [
            -68.2964251,
            -16.4690543
          ],
          [
            -68.2952676,
            -16.4694838
          ],
          [
            -68.2942395,
            -16.4698517
          ],
          [
            -68.2919364,
            -16.470676
          ],
          [
            -68.2907487,
            -16.4711002
          ],
          [
            -68.2890708,
            -16.4716951
          ],
          [
            -68.2889757,
            -16.4717274
          ],
          [
            -68.2881113,
            -16.4720488
          ],
          [
            -68.287281,
            -16.4723576
          ],
          [
            -68.2872014,
            -16.4723872
          ],
          [
            -68.2866241,
            -16.4725994
          ],
          [
            -68.285586,
            -16.472981
          ],
          [
            -68.2838907,
            -16.4735918
          ],
          [
            -68.2838278,
            -16.4736142
          ],
          [
            -68.2833966,
            -16.4737678
          ],
          [
            -68.2833737,
            -16.4737759
          ]
        ]
      },
      "id": "way/527850028"
    },
    {
      "type": "Feature",
      "properties": {
        "@id": "way/538684791",
        "highway": "primary",
        "lanes": "2",
        "lanes:backward": "1",
        "lanes:forward": "1",
        "name": "Camino El Alto-Achocalla",
        "oneway": "no",
        "smoothness": "good",
        "surface": "asphalt"
      },
      "geometry": {
        "type": "LineString",
        "coordinates": [
          [
            -68.1719597,
            -16.5670535
          ],
          [
            -68.1719333,
            -16.5669702
          ],
          [
            -68.1719315,
            -16.5668818
          ],
          [
            -68.1719881,
            -16.5667161
          ],
          [
            -68.172085,
            -16.566556
          ],
          [
            -68.1725322,
            -16.5660939
          ],
          [
            -68.1726799,
            -16.5659715
          ],
          [
            -68.1727791,
            -16.5659169
          ],
          [
            -68.1733302,
            -16.5657255
          ],
          [
            -68.1734384,
            -16.5656816
          ],
          [
            -68.1735692,
            -16.5656181
          ],
          [
            -68.1737289,
            -16.5654913
          ],
          [
            -68.1738815,
            -16.5653491
          ],
          [
            -68.1739394,
            -16.5652421
          ],
          [
            -68.1739744,
            -16.5651022
          ],
          [
            -68.1739894,
            -16.5649707
          ],
          [
            -68.1739775,
            -16.5648032
          ],
          [
            -68.1739115,
            -16.5645261
          ],
          [
            -68.1738735,
            -16.5642732
          ],
          [
            -68.173878,
            -16.5641844
          ],
          [
            -68.1739215,
            -16.5640829
          ],
          [
            -68.1739783,
            -16.564001
          ],
          [
            -68.1740782,
            -16.5639141
          ],
          [
            -68.1742186,
            -16.5638716
          ],
          [
            -68.1749984,
            -16.5637838
          ],
          [
            -68.1757608,
            -16.5636856
          ],
          [
            -68.1759744,
            -16.563642
          ],
          [
            -68.176113,
            -16.5636113
          ],
          [
            -68.1763904,
            -16.5635242
          ],
          [
            -68.1765296,
            -16.5634995
          ],
          [
            -68.1766872,
            -16.5635014
          ],
          [
            -68.1769863,
            -16.5635087
          ],
          [
            -68.177107,
            -16.5635091
          ],
          [
            -68.17719,
            -16.5634808
          ],
          [
            -68.17728,
            -16.5633938
          ],
          [
            -68.1773545,
            -16.5632333
          ],
          [
            -68.1774444,
            -16.5629081
          ],
          [
            -68.1775628,
            -16.5626377
          ],
          [
            -68.1776806,
            -16.5624728
          ],
          [
            -68.1780343,
            -16.562077
          ],
          [
            -68.1781173,
            -16.5619301
          ],
          [
            -68.1781458,
            -16.5618301
          ],
          [
            -68.1781625,
            -16.5617049
          ],
          [
            -68.1781431,
            -16.5615638
          ],
          [
            -68.1780866,
            -16.5614397
          ],
          [
            -68.1780249,
            -16.5612998
          ],
          [
            -68.1777414,
            -16.5607904
          ],
          [
            -68.1773055,
            -16.559948
          ],
          [
            -68.1772321,
            -16.5598378
          ],
          [
            -68.1771144,
            -16.5596955
          ],
          [
            -68.1769964,
            -16.5596019
          ],
          [
            -68.1764297,
            -16.5592194
          ],
          [
            -68.1762255,
            -16.559066
          ],
          [
            -68.176072,
            -16.5588795
          ],
          [
            -68.1759425,
            -16.5586815
          ],
          [
            -68.1757772,
            -16.5584095
          ],
          [
            -68.1755899,
            -16.5581111
          ],
          [
            -68.1754665,
            -16.557935
          ],
          [
            -68.1753843,
            -16.5578361
          ],
          [
            -68.1752697,
            -16.5576982
          ],
          [
            -68.1751522,
            -16.5575685
          ],
          [
            -68.1749606,
            -16.5573813
          ],
          [
            -68.174894,
            -16.5572922
          ],
          [
            -68.1748845,
            -16.5572286
          ],
          [
            -68.1748819,
            -16.5571716
          ],
          [
            -68.1749033,
            -16.5571247
          ],
          [
            -68.1749273,
            -16.5570891
          ],
          [
            -68.1749681,
            -16.5570582
          ],
          [
            -68.1750245,
            -16.5570281
          ],
          [
            -68.1750804,
            -16.5570215
          ],
          [
            -68.1751406,
            -16.5570264
          ],
          [
            -68.1752047,
            -16.5570432
          ],
          [
            -68.1752646,
            -16.5570705
          ],
          [
            -68.1753442,
            -16.5571274
          ],
          [
            -68.1757076,
            -16.5575549
          ],
          [
            -68.1758322,
            -16.5576931
          ],
          [
            -68.1759922,
            -16.5578159
          ],
          [
            -68.1761473,
            -16.5579046
          ],
          [
            -68.1764502,
            -16.5581172
          ],
          [
            -68.1765459,
            -16.558197
          ],
          [
            -68.1767079,
            -16.5583848
          ],
          [
            -68.1769082,
            -16.55866
          ],
          [
            -68.176964,
            -16.5587056
          ],
          [
            -68.1770176,
            -16.5587272
          ],
          [
            -68.1770797,
            -16.5587328
          ],
          [
            -68.1771417,
            -16.5587142
          ],
          [
            -68.1772009,
            -16.5586732
          ],
          [
            -68.1772368,
            -16.5586206
          ],
          [
            -68.1772569,
            -16.5585521
          ],
          [
            -68.1772518,
            -16.5584917
          ],
          [
            -68.1772232,
            -16.5584337
          ],
          [
            -68.1765922,
            -16.5576231
          ],
          [
            -68.1764612,
            -16.5574684
          ],
          [
            -68.1763267,
            -16.5573209
          ],
          [
            -68.1762202,
            -16.5571811
          ],
          [
            -68.1761588,
            -16.5570511
          ],
          [
            -68.1761118,
            -16.5568616
          ],
          [
            -68.1760399,
            -16.5566063
          ],
          [
            -68.1759617,
            -16.556351
          ],
          [
            -68.1758195,
            -16.5561761
          ],
          [
            -68.1756395,
            -16.5560237
          ],
          [
            -68.1752608,
            -16.5557702
          ],
          [
            -68.1750647,
            -16.5556571
          ],
          [
            -68.1749243,
            -16.555608
          ],
          [
            -68.1748334,
            -16.5555597
          ],
          [
            -68.1747824,
            -16.5555005
          ],
          [
            -68.174761,
            -16.5554151
          ],
          [
            -68.1747866,
            -16.5553513
          ],
          [
            -68.174862,
            -16.555294
          ],
          [
            -68.1749455,
            -16.5552856
          ],
          [
            -68.1750748,
            -16.5553165
          ],
          [
            -68.1758832,
            -16.5557086
          ],
          [
            -68.1760169,
            -16.5557549
          ],
          [
            -68.17616,
            -16.5557738
          ],
          [
            -68.1762863,
            -16.5557605
          ],
          [
            -68.1764062,
            -16.5557324
          ],
          [
            -68.1765337,
            -16.5556898
          ],
          [
            -68.1775358,
            -16.5553008
          ]
        ]
      },
      "id": "way/538684791"
    },
    {
      "type": "Feature",
      "properties": {
        "@id": "way/539643812",
        "hgv": "designated",
        "highway": "primary",
        "lanes": "2",
        "name": "Avenida Costanera",
        "oneway": "yes",
        "surface": "concrete:plates"
      },
      "geometry": {
        "type": "LineString",
        "coordinates": [
          [
            -68.2159037,
            -16.5126005
          ],
          [
            -68.2158215,
            -16.5124359
          ],
          [
            -68.2151523,
            -16.5116953
          ],
          [
            -68.2150838,
            -16.5116166
          ],
          [
            -68.2150014,
            -16.5115505
          ],
          [
            -68.214868,
            -16.5114844
          ],
          [
            -68.2147344,
            -16.5114312
          ],
          [
            -68.2146172,
            -16.5113996
          ],
          [
            -68.2143731,
            -16.5113353
          ],
          [
            -68.2141988,
            -16.5112787
          ],
          [
            -68.2140668,
            -16.5112223
          ],
          [
            -68.2139681,
            -16.5111655
          ],
          [
            -68.2130887,
            -16.510503
          ]
        ]
      },
      "id": "way/539643812"
    },
    {
      "type": "Feature",
      "properties": {
        "@id": "way/546708502",
        "bicycle": "yes",
        "foot": "no",
        "highway": "primary",
        "incline": "0%",
        "junction": "roundabout",
        "lanes": "2",
        "lit": "yes",
        "maxspeed:type": "BO:urban",
        "noname": "yes",
        "oneway": "yes",
        "parking:lane:left": "no_parking",
        "parking:lane:right": "no_parking",
        "shoulder": "no",
        "sidewalk": "no",
        "smoothness": "good",
        "surface": "concrete",
        "wheelchair": "limited",
        "width": "10"
      },
      "geometry": {
        "type": "LineString",
        "coordinates": [
          [
            -68.145502,
            -16.5289231
          ],
          [
            -68.145501,
            -16.528888
          ],
          [
            -68.1455099,
            -16.5288539
          ],
          [
            -68.1455282,
            -16.5288234
          ],
          [
            -68.1455545,
            -16.5287988
          ],
          [
            -68.1455921,
            -16.5287803
          ],
          [
            -68.1456339,
            -16.5287739
          ],
          [
            -68.1456756,
            -16.5287804
          ]
        ]
      },
      "id": "way/546708502"
    },
    {
      "type": "Feature",
      "properties": {
        "@id": "way/546708503",
        "bicycle": "yes",
        "foot": "no",
        "highway": "primary",
        "incline": "0%",
        "junction": "roundabout",
        "lanes": "2",
        "lit": "yes",
        "maxspeed:type": "BO:urban",
        "noname": "yes",
        "oneway": "yes",
        "parking:lane:left": "no_parking",
        "parking:lane:right": "no_parking",
        "shoulder": "no",
        "sidewalk": "no",
        "smoothness": "good",
        "surface": "concrete",
        "wheelchair": "limited",
        "width": "10"
      },
      "geometry": {
        "type": "LineString",
        "coordinates": [
          [
            -68.1457618,
            -16.5289381
          ],
          [
            -68.145748,
            -16.5289681
          ],
          [
            -68.1457266,
            -16.5289939
          ],
          [
            -68.1456989,
            -16.5290136
          ],
          [
            -68.1456669,
            -16.5290259
          ],
          [
            -68.1456327,
            -16.52903
          ]
        ]
      },
      "id": "way/546708503"
    },
    {
      "type": "Feature",
      "properties": {
        "@id": "way/546708505",
        "bicycle": "yes",
        "check_date": "2023-06-01",
        "foot": "no",
        "highway": "primary",
        "lanes": "2",
        "lit": "yes",
        "maxspeed:type": "BO:urban",
        "name": "Avenida Max Fernandez",
        "oneway": "yes",
        "smoothness": "excellent",
        "surface": "concrete",
        "wheelchair": "limited",
        "width": "6.9"
      },
      "geometry": {
        "type": "LineString",
        "coordinates": [
          [
            -68.1450625,
            -16.5304666
          ],
          [
            -68.1451625,
            -16.5304983
          ],
          [
            -68.1455177,
            -16.5306217
          ],
          [
            -68.1457284,
            -16.5307139
          ],
          [
            -68.1459202,
            -16.5308033
          ],
          [
            -68.146118,
            -16.5309145
          ],
          [
            -68.1463386,
            -16.5310495
          ],
          [
            -68.1464693,
            -16.5311407
          ],
          [
            -68.1466839,
            -16.5313041
          ],
          [
            -68.1468476,
            -16.53145
          ],
          [
            -68.1470729,
            -16.5316673
          ],
          [
            -68.14726,
            -16.5318749
          ],
          [
            -68.1474511,
            -16.5321243
          ],
          [
            -68.1475159,
            -16.5322112
          ],
          [
            -68.1475798,
            -16.5322969
          ],
          [
            -68.1477439,
            -16.5325805
          ],
          [
            -68.14797,
            -16.5329854
          ],
          [
            -68.1481473,
            -16.5333413
          ],
          [
            -68.1482115,
            -16.5334627
          ],
          [
            -68.1482658,
            -16.533572
          ],
          [
            -68.148308,
            -16.533635
          ],
          [
            -68.1483476,
            -16.5336812
          ],
          [
            -68.148389,
            -16.5337106
          ],
          [
            -68.148428,
            -16.5337267
          ],
          [
            -68.1484707,
            -16.53373
          ],
          [
            -68.1485139,
            -16.5337211
          ],
          [
            -68.1485461,
            -16.5337082
          ],
          [
            -68.1485736,
            -16.5336838
          ],
          [
            -68.1485984,
            -16.5336446
          ],
          [
            -68.1486098,
            -16.5336022
          ],
          [
            -68.1486111,
            -16.5335514
          ],
          [
            -68.1486073,
            -16.5335126
          ],
          [
            -68.1485836,
            -16.5334113
          ],
          [
            -68.1484953,
            -16.5331422
          ],
          [
            -68.148424,
            -16.5328716
          ],
          [
            -68.1483472,
            -16.5325786
          ],
          [
            -68.1483143,
            -16.5324637
          ],
          [
            -68.1482913,
            -16.5324059
          ],
          [
            -68.1482526,
            -16.5323086
          ],
          [
            -68.1481607,
            -16.5321215
          ],
          [
            -68.1479482,
            -16.5316866
          ],
          [
            -68.1477811,
            -16.5313469
          ],
          [
            -68.1474778,
            -16.5307283
          ],
          [
            -68.1474249,
            -16.530609
          ]
        ]
      },
      "id": "way/546708505"
    },
    {
      "type": "Feature",
      "properties": {
        "@id": "way/546850868",
        "hgv": "designated",
        "highway": "primary",
        "lanes": "2",
        "name": "Avenida Litoral",
        "oneway": "yes",
        "surface": "asphalt"
      },
      "geometry": {
        "type": "LineString",
        "coordinates": [
          [
            -68.1948797,
            -16.5464864
          ],
          [
            -68.1952834,
            -16.5460229
          ],
          [
            -68.1953097,
            -16.5459782
          ],
          [
            -68.1955696,
            -16.5453117
          ]
        ]
      },
      "id": "way/546850868"
    },
    {
      "type": "Feature",
      "properties": {
        "@id": "way/546851566",
        "hgv": "designated",
        "highway": "primary",
        "lanes": "2",
        "name": "Avenida Litoral",
        "oneway": "yes",
        "surface": "asphalt"
      },
      "geometry": {
        "type": "LineString",
        "coordinates": [
          [
            -68.1955696,
            -16.5453117
          ],
          [
            -68.1957576,
            -16.5450756
          ],
          [
            -68.1961676,
            -16.5445869
          ],
          [
            -68.1966095,
            -16.5440686
          ],
          [
            -68.1970427,
            -16.5435593
          ],
          [
            -68.1974615,
            -16.543054
          ],
          [
            -68.1976755,
            -16.5428307
          ],
          [
            -68.1979053,
            -16.5425724
          ]
        ]
      },
      "id": "way/546851566"
    },
    {
      "type": "Feature",
      "properties": {
        "@id": "way/546872709",
        "highway": "primary",
        "lanes": "3",
        "name": "Avenida Nestor Galindo",
        "oneway": "yes",
        "source": "yahoo",
        "surface": "asphalt"
      },
      "geometry": {
        "type": "LineString",
        "coordinates": [
          [
            -68.193651,
            -16.5614945
          ],
          [
            -68.1935959,
            -16.5614003
          ],
          [
            -68.19335,
            -16.5611513
          ],
          [
            -68.1925882,
            -16.560361
          ],
          [
            -68.1915471,
            -16.5592766
          ],
          [
            -68.1908186,
            -16.5585347
          ],
          [
            -68.1900715,
            -16.5577531
          ],
          [
            -68.1892277,
            -16.5568689
          ],
          [
            -68.1884565,
            -16.5560785
          ],
          [
            -68.187694,
            -16.5552945
          ],
          [
            -68.1867716,
            -16.55431
          ],
          [
            -68.1857616,
            -16.5530637
          ],
          [
            -68.185689,
            -16.5530009
          ],
          [
            -68.1855091,
            -16.5529226
          ]
        ]
      },
      "id": "way/546872709"
    },
    {
      "type": "Feature",
      "properties": {
        "@id": "way/546872710",
        "highway": "primary",
        "lanes": "2",
        "name": "Avenida Estructurante",
        "oneway": "no",
        "source": "bing",
        "surface": "concrete:plates"
      },
      "geometry": {
        "type": "LineString",
        "coordinates": [
          [
            -68.1846019,
            -16.5653081
          ],
          [
            -68.1859893,
            -16.564726
          ],
          [
            -68.1878335,
            -16.5639541
          ],
          [
            -68.1882372,
            -16.5637857
          ],
          [
            -68.1886027,
            -16.5636332
          ],
          [
            -68.1886957,
            -16.5635929
          ]
        ]
      },
      "id": "way/546872710"
    },
    {
      "type": "Feature",
      "properties": {
        "@id": "way/546872714",
        "highway": "primary",
        "lanes": "2",
        "name": "Avenida Estructurante",
        "oneway": "yes",
        "source": "bing",
        "surface": "paved"
      },
      "geometry": {
        "type": "LineString",
        "coordinates": [
          [
            -68.1978899,
            -16.5598565
          ],
          [
            -68.1979598,
            -16.5597838
          ],
          [
            -68.1980151,
            -16.5597325
          ],
          [
            -68.1980992,
            -16.5596797
          ],
          [
            -68.1981757,
            -16.5596385
          ],
          [
            -68.1983337,
            -16.5595726
          ],
          [
            -68.1995491,
            -16.5590691
          ],
          [
            -68.2000266,
            -16.5588667
          ],
          [
            -68.2004318,
            -16.5586911
          ],
          [
            -68.2009196,
            -16.5584854
          ],
          [
            -68.2022225,
            -16.5579468
          ],
          [
            -68.2032618,
            -16.5575412
          ],
          [
            -68.2036939,
            -16.5573702
          ],
          [
            -68.2041264,
            -16.5571988
          ],
          [
            -68.2045946,
            -16.5570153
          ],
          [
            -68.2050061,
            -16.5568426
          ],
          [
            -68.2058848,
            -16.5564662
          ],
          [
            -68.2063331,
            -16.5562771
          ],
          [
            -68.2064716,
            -16.5562266
          ],
          [
            -68.2067636,
            -16.5561051
          ],
          [
            -68.2072525,
            -16.555901
          ],
          [
            -68.2079943,
            -16.5556046
          ],
          [
            -68.2084421,
            -16.5554133
          ],
          [
            -68.2088909,
            -16.5552285
          ],
          [
            -68.208954,
            -16.5552016
          ],
          [
            -68.2093425,
            -16.5550386
          ],
          [
            -68.209369,
            -16.5550241
          ]
        ]
      },
      "id": "way/546872714"
    },
    {
      "type": "Feature",
      "properties": {
        "@id": "way/546872716",
        "highway": "primary",
        "junction": "circular",
        "oneway": "yes",
        "surface": "paved"
      },
      "geometry": {
        "type": "LineString",
        "coordinates": [
          [
            -68.1938335,
            -16.5614175
          ],
          [
            -68.1939049,
            -16.5614106
          ],
          [
            -68.1939746,
            -16.5614268
          ],
          [
            -68.1940349,
            -16.5614641
          ],
          [
            -68.1940788,
            -16.5615185
          ],
          [
            -68.1940916,
            -16.5615475
          ],
          [
            -68.1941011,
            -16.5615812
          ],
          [
            -68.1941141,
            -16.5616351
          ],
          [
            -68.1941074,
            -16.5617136
          ],
          [
            -68.1940822,
            -16.5617439
          ],
          [
            -68.1939922,
            -16.5617968
          ],
          [
            -68.1937908,
            -16.561867
          ],
          [
            -68.1937242,
            -16.5618711
          ],
          [
            -68.1936555,
            -16.5618382
          ],
          [
            -68.1936025,
            -16.561794
          ],
          [
            -68.1935675,
            -16.5617356
          ],
          [
            -68.1935542,
            -16.5616695
          ],
          [
            -68.1935635,
            -16.5616015
          ],
          [
            -68.1935962,
            -16.5615429
          ],
          [
            -68.193651,
            -16.5614945
          ],
          [
            -68.1938335,
            -16.5614175
          ]
        ]
      },
      "id": "way/546872716"
    },
    {
      "type": "Feature",
      "properties": {
        "@id": "way/546875763",
        "highway": "primary",
        "junction": "roundabout",
        "source": "yahoo",
        "surface": "asphalt"
      },
      "geometry": {
        "type": "LineString",
        "coordinates": [
          [
            -68.1855836,
            -16.5378666
          ],
          [
            -68.1856396,
            -16.5378496
          ],
          [
            -68.1856981,
            -16.5378404
          ],
          [
            -68.1857573,
            -16.5378413
          ],
          [
            -68.1858155,
            -16.5378523
          ],
          [
            -68.1858554,
            -16.5378661
          ],
          [
            -68.1858931,
            -16.5378846
          ]
        ]
      },
      "id": "way/546875763"
    },
    {
      "type": "Feature",
      "properties": {
        "@id": "way/546875765",
        "highway": "primary",
        "junction": "roundabout",
        "source": "yahoo",
        "surface": "asphalt"
      },
      "geometry": {
        "type": "LineString",
        "coordinates": [
          [
            -68.1859327,
            -16.5384089
          ],
          [
            -68.185906,
            -16.5384256
          ],
          [
            -68.1858757,
            -16.5384446
          ],
          [
            -68.1858124,
            -16.5384685
          ],
          [
            -68.1857454,
            -16.5384796
          ],
          [
            -68.1856774,
            -16.5384774
          ],
          [
            -68.1856112,
            -16.5384621
          ],
          [
            -68.1855497,
            -16.5384343
          ]
        ]
      },
      "id": "way/546875765"
    },
    {
      "type": "Feature",
      "properties": {
        "@id": "way/546875768",
        "highway": "primary",
        "junction": "roundabout",
        "source": "yahoo",
        "surface": "asphalt"
      },
      "geometry": {
        "type": "LineString",
        "coordinates": [
          [
            -68.1855497,
            -16.5384343
          ],
          [
            -68.185509,
            -16.5384066
          ],
          [
            -68.1854731,
            -16.5383734
          ],
          [
            -68.1854555,
            -16.5383514
          ],
          [
            -68.1854427,
            -16.5383354
          ],
          [
            -68.1854185,
            -16.5382935
          ],
          [
            -68.1854012,
            -16.5382487
          ],
          [
            -68.185391,
            -16.5382018
          ]
        ]
      },
      "id": "way/546875768"
    },
    {
      "type": "Feature",
      "properties": {
        "@id": "way/546887510",
        "bicycle": "yes",
        "foot": "yes",
        "highway": "primary",
        "lanes": "2",
        "lit": "yes",
        "maxspeed:type": "BO:urban",
        "motor_vehicle:conditional": "no @ (Su 09:00-13:00)",
        "name": "Avenida Cívica",
        "noname": "yes",
        "oneway": "yes",
        "shoulder": "both",
        "sidewalk": "no",
        "smoothness": "excellent",
        "surface": "concrete",
        "wheelchair": "limited",
        "width": "9"
      },
      "geometry": {
        "type": "LineString",
        "coordinates": [
          [
            -68.1608097,
            -16.5293979
          ],
          [
            -68.1607573,
            -16.529279
          ]
        ]
      },
      "id": "way/546887510"
    },
    {
      "type": "Feature",
      "properties": {
        "@id": "way/546890394",
        "highway": "trunk",
        "lanes": "4",
        "maxspeed": "40",
        "name": "Avenida 6 de Marzo",
        "oneway": "yes",
        "ref": "F1",
        "sidewalk": "both",
        "surface": "asphalt"
      },
      "geometry": {
        "type": "LineString",
        "coordinates": [
          [
            -68.1691189,
            -16.5226654
          ],
          [
            -68.1692286,
            -16.5230107
          ],
          [
            -68.1692762,
            -16.5231553
          ],
          [
            -68.1693386,
            -16.5233282
          ]
        ]
      },
      "id": "way/546890394"
    },
    {
      "type": "Feature",
      "properties": {
        "@id": "way/546915058",
        "bicycle": "yes",
        "highway": "primary",
        "junction": "roundabout",
        "lanes": "2",
        "maxspeed:type": "BO:urban",
        "motor_vehicle:conditional": "no @ (Su 09:00-13:00)",
        "oneway": "yes",
        "sidewalk": "right",
        "surface": "concrete"
      },
      "geometry": {
        "type": "LineString",
        "coordinates": [
          [
            -68.163272,
            -16.5326956
          ],
          [
            -68.1633061,
            -16.5327057
          ],
          [
            -68.1633472,
            -16.5327359
          ],
          [
            -68.1633715,
            -16.532769
          ],
          [
            -68.1633848,
            -16.5328073
          ],
          [
            -68.163386,
            -16.5328477
          ]
        ]
      },
      "id": "way/546915058"
    },
    {
      "type": "Feature",
      "properties": {
        "@id": "way/546917222",
        "highway": "primary",
        "junction": "roundabout",
        "source": "yahoo",
        "surface": "asphalt"
      },
      "geometry": {
        "type": "LineString",
        "coordinates": [
          [
            -68.1858931,
            -16.5378846
          ],
          [
            -68.1859342,
            -16.5379122
          ],
          [
            -68.1859705,
            -16.5379454
          ],
          [
            -68.1860012,
            -16.5379834
          ],
          [
            -68.1860256,
            -16.5380254
          ],
          [
            -68.1860432,
            -16.5380705
          ]
        ]
      },
      "id": "way/546917222"
    },
    {
      "type": "Feature",
      "properties": {
        "@id": "way/546917223",
        "highway": "primary",
        "junction": "roundabout",
        "source": "yahoo",
        "surface": "asphalt"
      },
      "geometry": {
        "type": "LineString",
        "coordinates": [
          [
            -68.1860432,
            -16.5380705
          ],
          [
            -68.1860535,
            -16.5381174
          ],
          [
            -68.1860565,
            -16.5381653
          ],
          [
            -68.1860519,
            -16.538213
          ],
          [
            -68.1860399,
            -16.5382596
          ],
          [
            -68.1860209,
            -16.5383039
          ],
          [
            -68.1859951,
            -16.538345
          ]
        ]
      },
      "id": "way/546917223"
    },
    {
      "type": "Feature",
      "properties": {
        "@id": "way/547103455",
        "bridge": "yes",
        "foot": "no",
        "highway": "primary",
        "layer": "1",
        "name": "Puente Avenida Litoral",
        "oneway": "yes",
        "surface": "asphalt"
      },
      "geometry": {
        "type": "LineString",
        "coordinates": [
          [
            -68.2228666,
            -16.5192191
          ],
          [
            -68.2230598,
            -16.5190428
          ]
        ]
      },
      "id": "way/547103455"
    },
    {
      "type": "Feature",
      "properties": {
        "@id": "way/547103456",
        "hgv": "designated",
        "highway": "primary",
        "lanes": "3",
        "name": "Avenida Costanera",
        "oneway": "yes",
        "source": "bing",
        "surface": "concrete:plates"
      },
      "geometry": {
        "type": "LineString",
        "coordinates": [
          [
            -68.2191973,
            -16.5155826
          ],
          [
            -68.2193081,
            -16.5156742
          ],
          [
            -68.2194784,
            -16.5158133
          ],
          [
            -68.2198805,
            -16.5161417
          ],
          [
            -68.2207375,
            -16.5168416
          ],
          [
            -68.2221648,
            -16.5180605
          ],
          [
            -68.2224179,
            -16.5182972
          ],
          [
            -68.2230789,
            -16.5188644
          ],
          [
            -68.2231437,
            -16.5189354
          ]
        ]
      },
      "id": "way/547103456"
    },
    {
      "type": "Feature",
      "properties": {
        "@id": "way/547695708",
        "bicycle": "yes",
        "foot": "no",
        "highway": "primary",
        "junction": "circular",
        "lanes": "2",
        "lit": "yes",
        "maxspeed": "40",
        "motor_vehicle:conditional": "no @ (Su 09:00-13:00)",
        "noname": "yes",
        "oneway": "yes",
        "sidewalk": "both",
        "smoothness": "good",
        "surface": "concrete",
        "wheelchair": "limited"
      },
      "geometry": {
        "type": "LineString",
        "coordinates": [
          [
            -68.1574361,
            -16.5211778
          ],
          [
            -68.1575056,
            -16.5211329
          ],
          [
            -68.1575838,
            -16.5210915
          ]
        ]
      },
      "id": "way/547695708"
    },
    {
      "type": "Feature",
      "properties": {
        "@id": "way/547697956",
        "highway": "primary",
        "lanes": "2",
        "name": "Avenida 6 de Marzo",
        "oneway": "yes",
        "surface": "asphalt"
      },
      "geometry": {
        "type": "LineString",
        "coordinates": [
          [
            -68.1743684,
            -16.5389459
          ],
          [
            -68.1742269,
            -16.538512
          ],
          [
            -68.17407,
            -16.5380309
          ],
          [
            -68.1739008,
            -16.5375119
          ],
          [
            -68.1737325,
            -16.5369959
          ]
        ]
      },
      "id": "way/547697956"
    },
    {
      "type": "Feature",
      "properties": {
        "@id": "way/547697971",
        "hgv": "designated",
        "highway": "primary",
        "junction": "roundabout",
        "lanes": "2",
        "name": "Rotonda Libertad y 23 de Julio",
        "oneway": "yes",
        "surface": "paved"
      },
      "geometry": {
        "type": "LineString",
        "coordinates": [
          [
            -68.2222263,
            -16.5197708
          ],
          [
            -68.2222562,
            -16.5197527
          ],
          [
            -68.2222884,
            -16.5197389
          ],
          [
            -68.2223341,
            -16.5197276
          ],
          [
            -68.2223812,
            -16.5197247
          ],
          [
            -68.2224345,
            -16.5197372
          ],
          [
            -68.222466,
            -16.5197509
          ],
          [
            -68.2224947,
            -16.5197692
          ],
          [
            -68.2225199,
            -16.5197918
          ],
          [
            -68.2225411,
            -16.5198181
          ],
          [
            -68.2225649,
            -16.5198651
          ],
          [
            -68.2225743,
            -16.519912
          ],
          [
            -68.2225714,
            -16.519954
          ],
          [
            -68.22256,
            -16.5200029
          ],
          [
            -68.2225286,
            -16.5200548
          ],
          [
            -68.2224835,
            -16.5200951
          ],
          [
            -68.2224281,
            -16.5201212
          ],
          [
            -68.2223758,
            -16.5201305
          ],
          [
            -68.2223227,
            -16.520127
          ],
          [
            -68.2222721,
            -16.5201109
          ],
          [
            -68.2222273,
            -16.5200832
          ],
          [
            -68.2221912,
            -16.5200457
          ],
          [
            -68.2221661,
            -16.5200006
          ],
          [
            -68.2221534,
            -16.519951
          ],
          [
            -68.2221541,
            -16.5198999
          ],
          [
            -68.2221681,
            -16.5198507
          ],
          [
            -68.2221868,
            -16.5198169
          ],
          [
            -68.2222263,
            -16.5197708
          ]
        ]
      },
      "id": "way/547697971"
    },
    {
      "type": "Feature",
      "properties": {
        "@id": "way/547697977",
        "highway": "trunk",
        "lanes": "3",
        "maxspeed": "80",
        "name": "Avenida Juan Pablo II",
        "oneway": "yes",
        "ref": "F2",
        "smoothness": "intermediate",
        "surface": "asphalt"
      },
      "geometry": {
        "type": "LineString",
        "coordinates": [
          [
            -68.1948971,
            -16.4940623
          ],
          [
            -68.1942863,
            -16.4943281
          ],
          [
            -68.19409,
            -16.4944172
          ],
          [
            -68.194055,
            -16.4944331
          ],
          [
            -68.1939885,
            -16.4944633
          ],
          [
            -68.1930265,
            -16.4949001
          ],
          [
            -68.1927335,
            -16.4950409
          ],
          [
            -68.1925077,
            -16.4951473
          ],
          [
            -68.1922735,
            -16.4952355
          ],
          [
            -68.1920709,
            -16.4952981
          ],
          [
            -68.1916763,
            -16.4954145
          ],
          [
            -68.1911066,
            -16.4955642
          ],
          [
            -68.1900203,
            -16.4958638
          ],
          [
            -68.1899501,
            -16.4958831
          ],
          [
            -68.1887479,
            -16.4962148
          ],
          [
            -68.1883253,
            -16.4963284
          ],
          [
            -68.1879289,
            -16.4964368
          ],
          [
            -68.1877895,
            -16.496475
          ],
          [
            -68.1868845,
            -16.4967234
          ],
          [
            -68.1859968,
            -16.4969667
          ],
          [
            -68.1846271,
            -16.4973422
          ],
          [
            -68.1844691,
            -16.4973855
          ],
          [
            -68.1842852,
            -16.4974359
          ],
          [
            -68.1840216,
            -16.4975015
          ],
          [
            -68.1832096,
            -16.497724
          ],
          [
            -68.1808829,
            -16.4983401
          ],
          [
            -68.1807456,
            -16.498374
          ],
          [
            -68.1806091,
            -16.498411
          ],
          [
            -68.1801084,
            -16.4985467
          ],
          [
            -68.1800219,
            -16.4985702
          ],
          [
            -68.1799075,
            -16.4986012
          ],
          [
            -68.1751458,
            -16.4998918
          ],
          [
            -68.175077,
            -16.4999104
          ],
          [
            -68.1749072,
            -16.4999564
          ],
          [
            -68.1748101,
            -16.4999828
          ],
          [
            -68.1719879,
            -16.5007477
          ]
        ]
      },
      "id": "way/547697977"
    },
    {
      "type": "Feature",
      "properties": {
        "@id": "way/549151248",
        "foot": "yes",
        "highway": "primary",
        "lanes": "2",
        "name": "Avenida Costanera",
        "oneway": "no",
        "surface": "concrete"
      },
      "geometry": {
        "type": "LineString",
        "coordinates": [
          [
            -68.2026152,
            -16.4910529
          ],
          [
            -68.2025612,
            -16.4909245
          ]
        ]
      },
      "id": "way/549151248"
    },
    {
      "type": "Feature",
      "properties": {
        "@id": "way/549675704",
        "bicycle": "yes",
        "highway": "trunk",
        "lanes": "3",
        "maxspeed": "80",
        "motor_vehicle:conditional": "no @ (Su 09:00-13:00)",
        "name": "Avenida Ladislao Cabrera",
        "oneway": "yes",
        "ref": "F19",
        "surface": "concrete:plates"
      },
      "geometry": {
        "type": "LineString",
        "coordinates": [
          [
            -68.1786302,
            -16.521268
          ],
          [
            -68.1787308,
            -16.5213749
          ]
        ]
      },
      "id": "way/549675704"
    },
    {
      "type": "Feature",
      "properties": {
        "@id": "way/549675705",
        "bicycle": "yes",
        "foot": "no",
        "highway": "primary",
        "lanes": "1",
        "motor_vehicle:conditional": "no @ (Su 09:00-13:00)",
        "name": "Avenida Ladislao Cabrera",
        "oneway": "yes",
        "ref": "F19",
        "surface": "concrete:plates",
        "width": "3.5"
      },
      "geometry": {
        "type": "LineString",
        "coordinates": [
          [
            -68.1783566,
            -16.5210726
          ],
          [
            -68.1786079,
            -16.5213498
          ]
        ]
      },
      "id": "way/549675705"
    },
    {
      "type": "Feature",
      "properties": {
        "@id": "way/549675706",
        "highway": "trunk",
        "lanes": "3",
        "maxspeed": "80",
        "name": "Avenida Ladislao Cabrera",
        "oneway": "yes",
        "ref": "F19",
        "shoulder": "no",
        "surface": "concrete"
      },
      "geometry": {
        "type": "LineString",
        "coordinates": [
          [
            -68.1782536,
            -16.5211587
          ],
          [
            -68.1781469,
            -16.5210434
          ],
          [
            -68.1778711,
            -16.5207452
          ],
          [
            -68.1778357,
            -16.5207081
          ],
          [
            -68.1775742,
            -16.5204212
          ],
          [
            -68.1774979,
            -16.5203369
          ],
          [
            -68.1771842,
            -16.519998
          ],
          [
            -68.1768448,
            -16.5196296
          ],
          [
            -68.1765512,
            -16.5193109
          ],
          [
            -68.1765089,
            -16.519265
          ],
          [
            -68.1763002,
            -16.5190396
          ],
          [
            -68.1761391,
            -16.5188636
          ],
          [
            -68.1761019,
            -16.5188232
          ],
          [
            -68.1760941,
            -16.5188148
          ],
          [
            -68.175771,
            -16.5184641
          ],
          [
            -68.1756948,
            -16.5183813
          ],
          [
            -68.1755742,
            -16.518251
          ],
          [
            -68.1754656,
            -16.5181337
          ],
          [
            -68.1750485,
            -16.517683
          ],
          [
            -68.1748642,
            -16.5174789
          ],
          [
            -68.174832,
            -16.5174439
          ],
          [
            -68.1746555,
            -16.5172532
          ]
        ]
      },
      "id": "way/549675706"
    },
    {
      "type": "Feature",
      "properties": {
        "@id": "way/549675723",
        "bicycle": "yes",
        "highway": "trunk",
        "junction": "circular",
        "lanes": "3",
        "motor_vehicle:conditional": "no @ (Su 09:00-13:00)",
        "name": "Rotonda Ladislao Cabrera y Panamericana",
        "oneway": "yes",
        "ref": "F19",
        "surface": "paved"
      },
      "geometry": {
        "type": "LineString",
        "coordinates": [
          [
            -68.1784552,
            -16.5210611
          ],
          [
            -68.1785071,
            -16.521074
          ],
          [
            -68.1785534,
            -16.5210999
          ],
          [
            -68.1785906,
            -16.5211369
          ],
          [
            -68.1786161,
            -16.5211821
          ],
          [
            -68.1786279,
            -16.5212322
          ]
        ]
      },
      "id": "way/549675723"
    },
    {
      "type": "Feature",
      "properties": {
        "@id": "way/556388652",
        "hgv": "designated",
        "highway": "primary",
        "lanes": "2",
        "maxspeed": "80",
        "name": "Avenida Bautista Oquendo",
        "oneway": "yes",
        "ref": "F42",
        "source": "bing",
        "surface": "unpaved"
      },
      "geometry": {
        "type": "LineString",
        "coordinates": [
          [
            -68.2305874,
            -16.5105129
          ],
          [
            -68.2306304,
            -16.5096929
          ],
          [
            -68.2306647,
            -16.5090716
          ],
          [
            -68.230679,
            -16.5087047
          ],
          [
            -68.2306832,
            -16.5081791
          ],
          [
            -68.2307074,
            -16.5073024
          ],
          [
            -68.2307088,
            -16.5072525
          ],
          [
            -68.2307321,
            -16.5062927
          ],
          [
            -68.2307275,
            -16.5061647
          ],
          [
            -68.2307303,
            -16.5059599
          ],
          [
            -68.2307236,
            -16.5057259
          ],
          [
            -68.2307102,
            -16.5050023
          ],
          [
            -68.2306989,
            -16.5045098
          ],
          [
            -68.2306954,
            -16.5036729
          ],
          [
            -68.2306769,
            -16.5032268
          ]
        ]
      },
      "id": "way/556388652"
    },
    {
      "type": "Feature",
      "properties": {
        "@id": "way/563534810",
        "highway": "primary",
        "lanes": "2",
        "name": "RN41: Ruta Nacional 41",
        "note": "This may be a dual carriageway sometime in the future but does not function that way now",
        "ref": "F41",
        "surface": "asphalt"
      },
      "geometry": {
        "type": "LineString",
        "coordinates": [
          [
            -68.1858344,
            -16.4590293
          ],
          [
            -68.1856833,
            -16.4589311
          ],
          [
            -68.1851569,
            -16.4585787
          ],
          [
            -68.1845398,
            -16.4581448
          ],
          [
            -68.1834374,
            -16.4572751
          ],
          [
            -68.1824133,
            -16.456482
          ],
          [
            -68.1813629,
            -16.4556306
          ],
          [
            -68.1802308,
            -16.4547189
          ],
          [
            -68.1791865,
            -16.4538446
          ],
          [
            -68.1778207,
            -16.4527584
          ],
          [
            -68.1769815,
            -16.4521093
          ],
          [
            -68.1763711,
            -16.4516256
          ],
          [
            -68.1761115,
            -16.4514198
          ],
          [
            -68.1757758,
            -16.4511526
          ],
          [
            -68.1753657,
            -16.4508088
          ],
          [
            -68.1748023,
            -16.4503611
          ],
          [
            -68.174727,
            -16.4503013
          ],
          [
            -68.1744637,
            -16.4500872
          ],
          [
            -68.1732406,
            -16.4491125
          ],
          [
            -68.1730324,
            -16.4489373
          ],
          [
            -68.1727945,
            -16.4487117
          ],
          [
            -68.1726362,
            -16.4485582
          ],
          [
            -68.1721959,
            -16.4481026
          ],
          [
            -68.1718764,
            -16.4477838
          ],
          [
            -68.1713007,
            -16.4472093
          ],
          [
            -68.1705709,
            -16.4465041
          ],
          [
            -68.1698957,
            -16.4457656
          ],
          [
            -68.1698147,
            -16.445677
          ]
        ]
      },
      "id": "way/563534810"
    },
    {
      "type": "Feature",
      "properties": {
        "@id": "way/563534811",
        "highway": "primary",
        "name": "Calacoto",
        "oneway": "yes",
        "ref": "F41",
        "source": "bing"
      },
      "geometry": {
        "type": "LineString",
        "coordinates": [
          [
            -68.1860325,
            -16.4589392
          ],
          [
            -68.1858344,
            -16.4590293
          ]
        ]
      },
      "id": "way/563534811"
    },
    {
      "type": "Feature",
      "properties": {
        "@id": "way/563534814",
        "highway": "primary",
        "lanes": "2",
        "name": "Avenida Santa Vera Cruz",
        "oneway": "yes",
        "ref": "F41",
        "source": "yahoo",
        "surface": "concrete"
      },
      "geometry": {
        "type": "LineString",
        "coordinates": [
          [
            -68.1747928,
            -16.4688785
          ],
          [
            -68.1751734,
            -16.4692516
          ],
          [
            -68.1755206,
            -16.4696122
          ],
          [
            -68.1758474,
            -16.4699517
          ],
          [
            -68.1761936,
            -16.4703112
          ],
          [
            -68.176543,
            -16.4706739
          ],
          [
            -68.1769049,
            -16.4710498
          ],
          [
            -68.1771287,
            -16.4712822
          ],
          [
            -68.1772636,
            -16.4714223
          ],
          [
            -68.1787453,
            -16.4729609
          ]
        ]
      },
      "id": "way/563534814"
    },
    {
      "type": "Feature",
      "properties": {
        "@id": "way/563534815",
        "alt_name": "Señor de la Cruz",
        "highway": "primary",
        "name": "Calle Calacoto",
        "oneway": "yes",
        "ref": "F41",
        "source": "bing",
        "surface": "concrete"
      },
      "geometry": {
        "type": "LineString",
        "coordinates": [
          [
            -68.1747199,
            -16.4687413
          ],
          [
            -68.1747716,
            -16.4686945
          ],
          [
            -68.1748216,
            -16.4686492
          ],
          [
            -68.1753461,
            -16.4681869
          ],
          [
            -68.1760195,
            -16.4675895
          ],
          [
            -68.1762421,
            -16.4673886
          ]
        ]
      },
      "id": "way/563534815"
    },
    {
      "type": "Feature",
      "properties": {
        "@id": "way/572883062",
        "alt_name": "Señor de la Cruz",
        "highway": "primary",
        "name": "Calle Calacoto",
        "oneway": "yes",
        "ref": "F41",
        "source": "bing",
        "surface": "concrete"
      },
      "geometry": {
        "type": "LineString",
        "coordinates": [
          [
            -68.1819354,
            -16.4622784
          ],
          [
            -68.1821528,
            -16.4620886
          ],
          [
            -68.1825477,
            -16.4617191
          ],
          [
            -68.1827669,
            -16.4615243
          ],
          [
            -68.1829831,
            -16.4613296
          ],
          [
            -68.1833728,
            -16.4609754
          ],
          [
            -68.1837198,
            -16.460672
          ],
          [
            -68.183816,
            -16.460588
          ],
          [
            -68.1842307,
            -16.4602288
          ],
          [
            -68.1846251,
            -16.4598722
          ],
          [
            -68.1850594,
            -16.4594686
          ]
        ]
      },
      "id": "way/572883062"
    },
    {
      "type": "Feature",
      "properties": {
        "@id": "way/572925433",
        "check_date": "2024-05-01",
        "highway": "trunk",
        "lanes": "2",
        "maxspeed": "80",
        "name": "Avenida Panamericana",
        "oneway": "yes",
        "ref": "F2",
        "smoothness": "intermediate",
        "source": "yahoo",
        "surface": "asphalt"
      },
      "geometry": {
        "type": "LineString",
        "coordinates": [
          [
            -68.2568728,
            -16.4792893
          ],
          [
            -68.2558181,
            -16.4795257
          ],
          [
            -68.2549791,
            -16.4797268
          ],
          [
            -68.2542127,
            -16.4799165
          ],
          [
            -68.2531826,
            -16.4801716
          ],
          [
            -68.2520208,
            -16.4804473
          ],
          [
            -68.2507174,
            -16.4807464
          ],
          [
            -68.2489424,
            -16.4811618
          ],
          [
            -68.2488296,
            -16.4811959
          ],
          [
            -68.2486352,
            -16.4812439
          ],
          [
            -68.2476106,
            -16.4814867
          ],
          [
            -68.2440678,
            -16.4822981
          ],
          [
            -68.243877,
            -16.4823468
          ],
          [
            -68.2437672,
            -16.4823668
          ],
          [
            -68.2435754,
            -16.4824128
          ],
          [
            -68.2428829,
            -16.4825627
          ]
        ]
      },
      "id": "way/572925433"
    },
    {
      "type": "Feature",
      "properties": {
        "@id": "way/572925434",
        "check_date": "2024-05-01",
        "highway": "trunk",
        "lanes": "2",
        "maxspeed": "80",
        "name": "Avenida Panamericana",
        "oneway": "yes",
        "ref": "F2",
        "smoothness": "intermediate",
        "source": "yahoo",
        "surface": "asphalt"
      },
      "geometry": {
        "type": "LineString",
        "coordinates": [
          [
            -68.2366481,
            -16.4838322
          ],
          [
            -68.2372319,
            -16.4837039
          ],
          [
            -68.2387368,
            -16.4833715
          ],
          [
            -68.2387448,
            -16.4833693
          ]
        ]
      },
      "id": "way/572925434"
    },
    {
      "type": "Feature",
      "properties": {
        "@id": "way/572925437",
        "bridge": "yes",
        "bridge:name": "Puente Río Seke",
        "highway": "trunk",
        "lanes": "2",
        "layer": "1",
        "maxspeed": "80",
        "name": "RN2: Huarina-Rio Seco",
        "oneway": "yes",
        "ref": "F2",
        "smoothness": "intermediate",
        "source": "yahoo",
        "surface": "asphalt"
      },
      "geometry": {
        "type": "LineString",
        "coordinates": [
          [
            -68.2235442,
            -16.4867663
          ],
          [
            -68.2233192,
            -16.4868104
          ]
        ]
      },
      "id": "way/572925437"
    },
    {
      "type": "Feature",
      "properties": {
        "@id": "way/572926842",
        "bridge": "yes",
        "bridge:name": "Puente Río Seke",
        "highway": "trunk",
        "lanes": "2",
        "layer": "1",
        "maxspeed": "80",
        "name": "RN2: Huarina-Rio Seco",
        "oneway": "yes",
        "ref": "F2",
        "smoothness": "intermediate",
        "source": "yahoo",
        "surface": "asphalt"
      },
      "geometry": {
        "type": "LineString",
        "coordinates": [
          [
            -68.2232993,
            -16.4867076
          ],
          [
            -68.2235214,
            -16.4866611
          ]
        ]
      },
      "id": "way/572926842"
    },
    {
      "type": "Feature",
      "properties": {
        "@id": "way/574869540",
        "highway": "primary",
        "lane_markings": "yes",
        "lanes": "3",
        "lit": "yes",
        "name": "Avenida Buenos Aires",
        "oneway": "yes",
        "sidewalk": "right",
        "start_date": "2026-03-19",
        "surface": "concrete:plates"
      },
      "geometry": {
        "type": "LineString",
        "coordinates": [
          [
            -68.2088985,
            -16.4900012
          ],
          [
            -68.2104864,
            -16.4905841
          ]
        ]
      },
      "id": "way/574869540"
    },
    {
      "type": "Feature",
      "properties": {
        "@id": "way/574897029",
        "hgv": "designated",
        "highway": "primary",
        "lanes": "4",
        "note": "Road mainly used by trucks and other types of heavy goods vehicles to avoid the downtown Area of El Alto. Therefore the most appropriate classification is Primary.",
        "oneway": "no",
        "source": "bing",
        "surface": "concrete:plates"
      },
      "geometry": {
        "type": "LineString",
        "coordinates": [
          [
            -68.2234853,
            -16.5181585
          ],
          [
            -68.223492,
            -16.5178075
          ],
          [
            -68.2234643,
            -16.5175937
          ],
          [
            -68.2234589,
            -16.5174209
          ],
          [
            -68.2234642,
            -16.5170795
          ],
          [
            -68.223561,
            -16.5165512
          ],
          [
            -68.2236242,
            -16.5159837
          ],
          [
            -68.2236901,
            -16.5155225
          ],
          [
            -68.2237136,
            -16.5154452
          ],
          [
            -68.2238293,
            -16.5150663
          ],
          [
            -68.2239414,
            -16.5148835
          ],
          [
            -68.2240315,
            -16.5147844
          ],
          [
            -68.224171,
            -16.5146565
          ],
          [
            -68.2243292,
            -16.5145311
          ],
          [
            -68.2245585,
            -16.5143717
          ],
          [
            -68.224875,
            -16.5141936
          ],
          [
            -68.2254449,
            -16.513942
          ],
          [
            -68.2257199,
            -16.5138226
          ],
          [
            -68.2259656,
            -16.513688
          ],
          [
            -68.2263467,
            -16.5134565
          ]
        ]
      },
      "id": "way/574897029"
    },
    {
      "type": "Feature",
      "properties": {
        "@id": "way/575144820",
        "highway": "primary",
        "lanes": "2",
        "oneway": "yes",
        "surface": "concrete"
      },
      "geometry": {
        "type": "LineString",
        "coordinates": [
          [
            -68.1903152,
            -16.5347054
          ],
          [
            -68.19022,
            -16.5346015
          ],
          [
            -68.189836,
            -16.5338192
          ],
          [
            -68.1893208,
            -16.5332605
          ],
          [
            -68.1892928,
            -16.5331149
          ]
        ]
      },
      "id": "way/575144820"
    },
    {
      "type": "Feature",
      "properties": {
        "@id": "way/602283833",
        "bridge": "yes",
        "highway": "trunk",
        "lanes": "2",
        "layer": "1",
        "name": "Avenida Panamericana",
        "oneway": "yes",
        "ref": "F2",
        "smoothness": "intermediate",
        "source": "yahoo",
        "surface": "asphalt"
      },
      "geometry": {
        "type": "LineString",
        "coordinates": [
          [
            -68.2829953,
            -16.4738236
          ],
          [
            -68.283347,
            -16.4736938
          ]
        ]
      },
      "id": "way/602283833"
    },
    {
      "type": "Feature",
      "properties": {
        "@id": "way/602283834",
        "highway": "trunk",
        "lanes": "2",
        "name": "RN2: Huarina-Rio Seco",
        "oneway": "yes",
        "ref": "F2",
        "smoothness": "intermediate",
        "source": "yahoo",
        "surface": "asphalt"
      },
      "geometry": {
        "type": "LineString",
        "coordinates": [
          [
            -68.2798871,
            -16.4748156
          ],
          [
            -68.2803045,
            -16.474727
          ],
          [
            -68.2807347,
            -16.4746168
          ],
          [
            -68.281319,
            -16.4744189
          ],
          [
            -68.2815012,
            -16.4743572
          ],
          [
            -68.2829239,
            -16.4738476
          ],
          [
            -68.2829953,
            -16.4738236
          ]
        ]
      },
      "id": "way/602283834"
    },
    {
      "type": "Feature",
      "properties": {
        "@id": "way/602713918",
        "highway": "primary",
        "lanes": "1",
        "name": "Avenida Ladislao Cabrera",
        "oneway": "yes",
        "ref": "F19",
        "surface": "concrete:plates",
        "width": "3.5"
      },
      "geometry": {
        "type": "LineString",
        "coordinates": [
          [
            -68.174972,
            -16.5174175
          ],
          [
            -68.1756676,
            -16.5181659
          ],
          [
            -68.1757898,
            -16.518298
          ],
          [
            -68.1761909,
            -16.5187315
          ],
          [
            -68.1761994,
            -16.5187407
          ],
          [
            -68.1775967,
            -16.5202496
          ],
          [
            -68.1782499,
            -16.5209572
          ],
          [
            -68.1783566,
            -16.5210726
          ]
        ]
      },
      "id": "way/602713918"
    },
    {
      "type": "Feature",
      "properties": {
        "@id": "way/602713920",
        "highway": "trunk",
        "lanes": "3",
        "maxspeed": "80",
        "name": "Avenida Ladislao Cabrera",
        "oneway": "yes",
        "ref": "F19",
        "source": "yahoo",
        "surface": "concrete"
      },
      "geometry": {
        "type": "LineString",
        "coordinates": [
          [
            -68.1889155,
            -16.5327124
          ],
          [
            -68.1887081,
            -16.5324875
          ],
          [
            -68.1885812,
            -16.5323778
          ]
        ]
      },
      "id": "way/602713920"
    },
    {
      "type": "Feature",
      "properties": {
        "@id": "way/602713922",
        "highway": "primary",
        "lanes": "1",
        "name": "Avenida Ladislao Cabrera",
        "oneway": "yes",
        "ref": "F19",
        "surface": "concrete:plates"
      },
      "geometry": {
        "type": "LineString",
        "coordinates": [
          [
            -68.1782953,
            -16.5211086
          ],
          [
            -68.1781966,
            -16.5210018
          ],
          [
            -68.1775449,
            -16.5202953
          ],
          [
            -68.1761473,
            -16.5187848
          ],
          [
            -68.1761395,
            -16.5187764
          ],
          [
            -68.1757387,
            -16.5183428
          ],
          [
            -68.1756174,
            -16.5182116
          ],
          [
            -68.1742076,
            -16.5167056
          ],
          [
            -68.1741228,
            -16.5166356
          ],
          [
            -68.1740026,
            -16.5165865
          ]
        ]
      },
      "id": "way/602713922"
    },
    {
      "type": "Feature",
      "properties": {
        "@id": "way/603463122",
        "highway": "primary",
        "lanes": "2",
        "name": "RN41: Rio Seke-La Cumbre",
        "oneway": "no",
        "ref": "F41",
        "surface": "compacted"
      },
      "geometry": {
        "type": "LineString",
        "coordinates": [
          [
            -68.1406529,
            -16.424085
          ],
          [
            -68.1410117,
            -16.424116
          ],
          [
            -68.141156,
            -16.424152
          ],
          [
            -68.1419269,
            -16.42427
          ],
          [
            -68.1422019,
            -16.4243725
          ],
          [
            -68.1423997,
            -16.4245203
          ],
          [
            -68.1425126,
            -16.4247088
          ],
          [
            -68.1426917,
            -16.4253559
          ],
          [
            -68.142773,
            -16.4255482
          ],
          [
            -68.1429113,
            -16.4257249
          ],
          [
            -68.1437357,
            -16.4264014
          ],
          [
            -68.1446097,
            -16.4271796
          ],
          [
            -68.1453233,
            -16.4277692
          ],
          [
            -68.1466043,
            -16.428878
          ],
          [
            -68.1467349,
            -16.4289927
          ],
          [
            -68.1469323,
            -16.4291593
          ],
          [
            -68.1471656,
            -16.4293175
          ],
          [
            -68.1474249,
            -16.4294676
          ],
          [
            -68.1476291,
            -16.4295687
          ],
          [
            -68.1478245,
            -16.4296307
          ],
          [
            -68.1480467,
            -16.4296561
          ],
          [
            -68.1486869,
            -16.4297259
          ],
          [
            -68.149162,
            -16.4297185
          ],
          [
            -68.1494728,
            -16.4297327
          ],
          [
            -68.1497323,
            -16.4297621
          ],
          [
            -68.1499122,
            -16.4298072
          ],
          [
            -68.1500809,
            -16.429868
          ],
          [
            -68.150405,
            -16.4300009
          ],
          [
            -68.1509967,
            -16.4302969
          ],
          [
            -68.1514542,
            -16.4305418
          ],
          [
            -68.1517588,
            -16.4307006
          ],
          [
            -68.152139,
            -16.4308947
          ],
          [
            -68.15254,
            -16.4311
          ],
          [
            -68.152645,
            -16.431155
          ],
          [
            -68.152822,
            -16.4312474
          ],
          [
            -68.1529905,
            -16.4313163
          ],
          [
            -68.1531559,
            -16.4313434
          ],
          [
            -68.1532673,
            -16.4313694
          ],
          [
            -68.1534817,
            -16.4314517
          ],
          [
            -68.1538108,
            -16.4315993
          ],
          [
            -68.1543714,
            -16.4318438
          ],
          [
            -68.1547864,
            -16.4320399
          ],
          [
            -68.1558842,
            -16.4325163
          ],
          [
            -68.1566466,
            -16.4328183
          ],
          [
            -68.1569922,
            -16.4329332
          ],
          [
            -68.1577092,
            -16.433176
          ]
        ]
      },
      "id": "way/603463122"
    },
    {
      "type": "Feature",
      "properties": {
        "@id": "way/604346764",
        "alt_name": "Autopista La Paz - El Alto",
        "highway": "trunk",
        "lanes": "4",
        "maxspeed": "80",
        "name": "Autopista Héroes de la Guerra del Chaco",
        "oneway": "yes",
        "ref": "F1",
        "surface": "asphalt"
      },
      "geometry": {
        "type": "LineString",
        "coordinates": [
          [
            -68.1627374,
            -16.5035973
          ],
          [
            -68.1628723,
            -16.5040686
          ]
        ]
      },
      "id": "way/604346764"
    },
    {
      "type": "Feature",
      "properties": {
        "@id": "way/612371084",
        "bicycle": "yes",
        "foot": "no",
        "highway": "primary",
        "junction": "roundabout",
        "lanes": "2",
        "lit": "yes",
        "maxspeed:type": "BO:urban",
        "name": "Plaza Sebastián Pagador",
        "oneway": "yes",
        "parking:left": "no",
        "parking:left:restriction": "no_parking",
        "parking:right": "yes",
        "parking:right:orientation": "parallel",
        "sidewalk": "left",
        "sidewalk:left:surface": "concrete",
        "smoothness": "good",
        "source": "Aeronave UAV",
        "surface": "concrete",
        "wheelchair": "limited",
        "width": "7"
      },
      "geometry": {
        "type": "LineString",
        "coordinates": [
          [
            -68.1509791,
            -16.5242879
          ],
          [
            -68.1509502,
            -16.5243189
          ],
          [
            -68.1509177,
            -16.5243463
          ],
          [
            -68.1508821,
            -16.5243699
          ],
          [
            -68.1508437,
            -16.5243892
          ],
          [
            -68.1508033,
            -16.5243997
          ],
          [
            -68.1507571,
            -16.5244045
          ],
          [
            -68.1506996,
            -16.524404
          ],
          [
            -68.1506289,
            -16.5243923
          ],
          [
            -68.1505972,
            -16.5243843
          ]
        ]
      },
      "id": "way/612371084"
    },
    {
      "type": "Feature",
      "properties": {
        "@id": "way/612371088",
        "alt_name": "Calle 12",
        "bicycle": "yes",
        "foot": "no",
        "highway": "primary",
        "incline": "0%",
        "lanes": "2",
        "lit": "yes",
        "maxspeed:type": "BO:urban",
        "name": "Avenida Satélite",
        "oneway": "yes",
        "parking:lane:left": "no_parking",
        "parking:lane:right": "parallel",
        "sidewalk": "both",
        "sidewalk:both:surface": "concrete",
        "smoothness": "intermediate",
        "surface": "concrete",
        "wheelchair": "limited",
        "width": "7.8"
      },
      "geometry": {
        "type": "LineString",
        "coordinates": [
          [
            -68.1500227,
            -16.5243787
          ],
          [
            -68.149969,
            -16.5244004
          ],
          [
            -68.149495,
            -16.5245896
          ],
          [
            -68.149365,
            -16.524642
          ],
          [
            -68.1493043,
            -16.5246664
          ],
          [
            -68.1492245,
            -16.5246986
          ],
          [
            -68.1489812,
            -16.5247966
          ],
          [
            -68.1489262,
            -16.5248188
          ],
          [
            -68.1488487,
            -16.5248502
          ]
        ]
      },
      "id": "way/612371088"
    },
    {
      "type": "Feature",
      "properties": {
        "@id": "way/612371098",
        "alt_name": "Calle 12",
        "bicycle": "yes",
        "foot": "no",
        "highway": "primary",
        "incline": "0%",
        "lanes": "2",
        "lit": "yes",
        "maxspeed:type": "BO:urban",
        "name": "Avenida Satélite",
        "oneway": "yes",
        "parking:lane:left": "no_parking",
        "parking:lane:right": "parallel",
        "sidewalk": "both",
        "sidewalk:both:surface": "concrete",
        "smoothness": "good",
        "surface": "concrete",
        "wheelchair": "limited",
        "width": "8"
      },
      "geometry": {
        "type": "LineString",
        "coordinates": [
          [
            -68.1488487,
            -16.5248502
          ],
          [
            -68.1487791,
            -16.5248777
          ],
          [
            -68.1485249,
            -16.5249788
          ],
          [
            -68.1481991,
            -16.5251083
          ],
          [
            -68.1481451,
            -16.5251297
          ],
          [
            -68.1480939,
            -16.5251501
          ],
          [
            -68.1480529,
            -16.525166
          ],
          [
            -68.1480048,
            -16.5251846
          ]
        ]
      },
      "id": "way/612371098"
    },
    {
      "type": "Feature",
      "properties": {
        "@id": "way/612371101",
        "bicycle": "yes",
        "foot": "no",
        "highway": "primary",
        "incline": "0%",
        "lanes": "2",
        "lit": "yes",
        "maxspeed:type": "BO:urban",
        "name": "Avenida Panorámica",
        "oneway": "yes",
        "shoulder": "no",
        "sidewalk": "both",
        "sidewalk:both:surface": "concrete",
        "smoothness": "excellent",
        "surface": "concrete",
        "wheelchair": "limited",
        "width": "8.8"
      },
      "geometry": {
        "type": "LineString",
        "coordinates": [
          [
            -68.1477416,
            -16.5252907
          ],
          [
            -68.1477034,
            -16.5252992
          ],
          [
            -68.147668,
            -16.5253121
          ],
          [
            -68.1474664,
            -16.5253924
          ]
        ]
      },
      "id": "way/612371101"
    },
    {
      "type": "Feature",
      "properties": {
        "@id": "way/618333866",
        "highway": "trunk",
        "lanes": "2",
        "maxspeed": "80",
        "name": "Avenida Ladislao Cabrera",
        "oneway": "no",
        "ref": "F19",
        "source": "yahoo, bing",
        "surface": "asphalt"
      },
      "geometry": {
        "type": "LineString",
        "coordinates": [
          [
            -68.2175034,
            -16.5636195
          ],
          [
            -68.2176884,
            -16.5638199
          ],
          [
            -68.2178248,
            -16.5639676
          ],
          [
            -68.2179093,
            -16.5640591
          ],
          [
            -68.2183372,
            -16.5645224
          ],
          [
            -68.2184113,
            -16.5646026
          ],
          [
            -68.2185806,
            -16.5647859
          ],
          [
            -68.2193431,
            -16.5656116
          ],
          [
            -68.219783,
            -16.566088
          ],
          [
            -68.2204435,
            -16.5668031
          ]
        ]
      },
      "id": "way/618333866"
    },
    {
      "type": "Feature",
      "properties": {
        "@id": "way/619269358",
        "foot": "no",
        "highway": "primary",
        "junction": "circular",
        "lanes": "2",
        "oneway": "yes",
        "surface": "asphalt",
        "wheelchair": "limited"
      },
      "geometry": {
        "type": "LineString",
        "coordinates": [
          [
            -68.1533392,
            -16.5118105
          ],
          [
            -68.1534402,
            -16.5117017
          ],
          [
            -68.1535707,
            -16.5116364
          ],
          [
            -68.153641,
            -16.511621
          ],
          [
            -68.1537279,
            -16.5116252
          ]
        ]
      },
      "id": "way/619269358"
    },
    {
      "type": "Feature",
      "properties": {
        "@id": "way/619269660",
        "highway": "primary",
        "junction": "circular",
        "lanes": "2",
        "oneway": "yes",
        "surface": "concrete",
        "wheelchair": "limited"
      },
      "geometry": {
        "type": "LineString",
        "coordinates": [
          [
            -68.1536694,
            -16.5129093
          ],
          [
            -68.153567,
            -16.5128742
          ],
          [
            -68.1534849,
            -16.5128233
          ],
          [
            -68.1534163,
            -16.5127566
          ],
          [
            -68.1533644,
            -16.5126773
          ],
          [
            -68.1533273,
            -16.5126126
          ]
        ]
      },
      "id": "way/619269660"
    },
    {
      "type": "Feature",
      "properties": {
        "@id": "way/623560703",
        "embankment": "yes",
        "highway": "primary",
        "incline": "up",
        "lanes": "2",
        "lit": "yes",
        "name": "Avenida Bolivia",
        "oneway": "no",
        "surface": "asphalt"
      },
      "geometry": {
        "type": "LineString",
        "coordinates": [
          [
            -68.1758833,
            -16.5455061
          ],
          [
            -68.1761183,
            -16.5453083
          ],
          [
            -68.1763572,
            -16.5451071
          ]
        ]
      },
      "id": "way/623560703"
    },
    {
      "type": "Feature",
      "properties": {
        "@id": "way/635745299",
        "check_date": "2024-05-01",
        "highway": "trunk",
        "lanes": "2",
        "maxspeed": "80",
        "name": "Avenida Buenos Aires",
        "oneway": "no",
        "ref": "F1",
        "surface": "asphalt"
      },
      "geometry": {
        "type": "LineString",
        "coordinates": [
          [
            -68.2570642,
            -16.5065099
          ],
          [
            -68.2567246,
            -16.5063988
          ],
          [
            -68.2562761,
            -16.5062522
          ],
          [
            -68.2558365,
            -16.5061174
          ],
          [
            -68.2554061,
            -16.5059854
          ],
          [
            -68.2549787,
            -16.5058543
          ],
          [
            -68.2546816,
            -16.5057616
          ],
          [
            -68.2545287,
            -16.505719
          ],
          [
            -68.2539277,
            -16.5055291
          ],
          [
            -68.2531961,
            -16.505315
          ],
          [
            -68.2531484,
            -16.5052998
          ]
        ]
      },
      "id": "way/635745299"
    },
    {
      "type": "Feature",
      "properties": {
        "@id": "way/643214800",
        "highway": "trunk",
        "lanes": "4",
        "maxspeed": "70",
        "name": "Avenida 6 de Marzo",
        "oneway": "yes",
        "ref": "F1",
        "surface": "asphalt"
      },
      "geometry": {
        "type": "LineString",
        "coordinates": [
          [
            -68.1693875,
            -16.5234748
          ],
          [
            -68.1695112,
            -16.5238765
          ],
          [
            -68.1697025,
            -16.5244807
          ],
          [
            -68.1701392,
            -16.525766
          ],
          [
            -68.1706144,
            -16.5271501
          ],
          [
            -68.1710445,
            -16.5284183
          ],
          [
            -68.1713129,
            -16.5292099
          ],
          [
            -68.171341,
            -16.5293055
          ],
          [
            -68.1713782,
            -16.5293981
          ],
          [
            -68.1714847,
            -16.5296998
          ],
          [
            -68.1715228,
            -16.5298078
          ],
          [
            -68.1720169,
            -16.5312913
          ],
          [
            -68.1723462,
            -16.5322573
          ],
          [
            -68.1726702,
            -16.5332106
          ],
          [
            -68.1727754,
            -16.5335093
          ],
          [
            -68.172878,
            -16.5338005
          ],
          [
            -68.1730038,
            -16.5341576
          ],
          [
            -68.1730789,
            -16.5343748
          ],
          [
            -68.173158,
            -16.5345998
          ],
          [
            -68.1734705,
            -16.5355204
          ]
        ]
      },
      "id": "way/643214800"
    },
    {
      "type": "Feature",
      "properties": {
        "@id": "way/643214802",
        "bicycle": "yes",
        "foot": "no",
        "highway": "trunk",
        "junction": "circular",
        "lanes": "3",
        "motor_vehicle:conditional": "no @ (Su 09:00-13:00)",
        "name": "Rotonda Ladislao Cabrera y Panamericana",
        "oneway": "yes",
        "ref": "F19",
        "surface": "paved"
      },
      "geometry": {
        "type": "LineString",
        "coordinates": [
          [
            -68.1786302,
            -16.521268
          ],
          [
            -68.1786229,
            -16.5213061
          ],
          [
            -68.1786079,
            -16.5213498
          ]
        ]
      },
      "id": "way/643214802"
    },
    {
      "type": "Feature",
      "properties": {
        "@id": "way/643214803",
        "bicycle": "yes",
        "highway": "primary",
        "lanes": "1",
        "motor_vehicle:conditional": "no @ (Su 09:00-13:00)",
        "name": "Avenida Ladislao Cabrera",
        "oneway": "yes",
        "ref": "F19",
        "surface": "concrete:plates"
      },
      "geometry": {
        "type": "LineString",
        "coordinates": [
          [
            -68.1786079,
            -16.5213498
          ],
          [
            -68.1786713,
            -16.5214242
          ]
        ]
      },
      "id": "way/643214803"
    },
    {
      "type": "Feature",
      "properties": {
        "@id": "way/643214804",
        "bicycle": "yes",
        "highway": "trunk",
        "junction": "circular",
        "lanes": "3",
        "motor_vehicle:conditional": "no @ (Su 09:00-13:00)",
        "name": "Rotonda Ladislao Cabrera y Panamericana",
        "oneway": "yes",
        "ref": "F19",
        "surface": "paved"
      },
      "geometry": {
        "type": "LineString",
        "coordinates": [
          [
            -68.1784813,
            -16.521439
          ],
          [
            -68.1784418,
            -16.5214451
          ]
        ]
      },
      "id": "way/643214804"
    },
    {
      "type": "Feature",
      "properties": {
        "@id": "way/650269182",
        "highway": "trunk",
        "lanes": "2",
        "lit": "yes",
        "maxspeed": "80",
        "name": "Doble Vía La Paz-Oruro",
        "oneway": "yes",
        "ref": "F1",
        "shoulder": "right",
        "surface": "asphalt"
      },
      "geometry": {
        "type": "LineString",
        "coordinates": [
          [
            -68.1825764,
            -16.6169223
          ],
          [
            -68.1826615,
            -16.6154914
          ],
          [
            -68.1827102,
            -16.6148599
          ],
          [
            -68.1827551,
            -16.6142773
          ],
          [
            -68.1829053,
            -16.6119153
          ],
          [
            -68.18292,
            -16.6117028
          ],
          [
            -68.1831654,
            -16.608648
          ],
          [
            -68.1831766,
            -16.6085013
          ],
          [
            -68.183199,
            -16.6080785
          ],
          [
            -68.1832631,
            -16.6071401
          ],
          [
            -68.1833385,
            -16.6059234
          ],
          [
            -68.1833986,
            -16.6051684
          ],
          [
            -68.1834219,
            -16.6050929
          ],
          [
            -68.1834483,
            -16.604777
          ],
          [
            -68.1834786,
            -16.6043571
          ],
          [
            -68.1835145,
            -16.6038655
          ],
          [
            -68.1835685,
            -16.6031964
          ],
          [
            -68.1835985,
            -16.6027952
          ],
          [
            -68.1836128,
            -16.6025361
          ],
          [
            -68.1837044,
            -16.6012382
          ],
          [
            -68.1837633,
            -16.6004103
          ],
          [
            -68.1837917,
            -16.5999391
          ],
          [
            -68.1838587,
            -16.5990901
          ],
          [
            -68.1839032,
            -16.5985424
          ]
        ]
      },
      "id": "way/650269182"
    },
    {
      "type": "Feature",
      "properties": {
        "@id": "way/650269183",
        "highway": "trunk",
        "lanes": "2",
        "lit": "yes",
        "maxspeed": "80",
        "name": "Doble Vía La Paz-Oruro",
        "oneway": "yes",
        "ref": "F1",
        "shoulder": "right",
        "surface": "asphalt"
      },
      "geometry": {
        "type": "LineString",
        "coordinates": [
          [
            -68.1813381,
            -16.6357437
          ],
          [
            -68.1811993,
            -16.6377018
          ],
          [
            -68.1810839,
            -16.6392724
          ]
        ]
      },
      "id": "way/650269183"
    },
    {
      "type": "Feature",
      "properties": {
        "@id": "way/656514633",
        "highway": "primary",
        "lanes": "2",
        "name": "Avenida Sucre A",
        "oneway": "yes",
        "ref": "F41",
        "surface": "concrete"
      },
      "geometry": {
        "type": "LineString",
        "coordinates": [
          [
            -68.192653,
            -16.4897204
          ],
          [
            -68.1933431,
            -16.4920439
          ],
          [
            -68.1937827,
            -16.493524
          ],
          [
            -68.1939954,
            -16.4942404
          ],
          [
            -68.194009,
            -16.494286
          ],
          [
            -68.194055,
            -16.4944331
          ]
        ]
      },
      "id": "way/656514633"
    },
    {
      "type": "Feature",
      "properties": {
        "@id": "way/657041350",
        "highway": "trunk",
        "lanes": "3",
        "maxspeed": "80",
        "name": "Avenida Juan Pablo II",
        "oneway": "yes",
        "ref": "F2;F1",
        "smoothness": "intermediate",
        "surface": "asphalt"
      },
      "geometry": {
        "type": "LineString",
        "coordinates": [
          [
            -68.2026152,
            -16.4910529
          ],
          [
            -68.202555,
            -16.4910624
          ]
        ]
      },
      "id": "way/657041350"
    },
    {
      "type": "Feature",
      "properties": {
        "@id": "way/658497627",
        "hgv": "designated",
        "highway": "trunk",
        "junction": "circular",
        "lanes": "2",
        "loc_name": "Rotonda Cruce Achocalla",
        "maxspeed": "80",
        "name": "Rotonda 6 de Marzo y Litoral",
        "oneway": "yes",
        "ref": "F1",
        "surface": "asphalt"
      },
      "geometry": {
        "type": "LineString",
        "coordinates": [
          [
            -68.1799821,
            -16.5539773
          ],
          [
            -68.1800496,
            -16.5540672
          ],
          [
            -68.1801431,
            -16.5542273
          ],
          [
            -68.1802156,
            -16.5544567
          ],
          [
            -68.1802222,
            -16.5546518
          ],
          [
            -68.1802056,
            -16.5548099
          ],
          [
            -68.180134,
            -16.5550225
          ]
        ]
      },
      "id": "way/658497627"
    },
    {
      "type": "Feature",
      "properties": {
        "@id": "way/658497628",
        "destination": "Achocalla;Mallasa",
        "hgv": "designated",
        "highway": "trunk",
        "junction": "circular",
        "lanes": "2",
        "loc_name": "Rotonda Cruce Achocalla",
        "maxspeed": "80",
        "name": "Rotonda 6 de Marzo y Litoral",
        "oneway": "yes",
        "ref": "F1",
        "surface": "asphalt"
      },
      "geometry": {
        "type": "LineString",
        "coordinates": [
          [
            -68.180134,
            -16.5550225
          ],
          [
            -68.1800969,
            -16.5550452
          ],
          [
            -68.180059,
            -16.5550683
          ]
        ]
      },
      "id": "way/658497628"
    },
    {
      "type": "Feature",
      "properties": {
        "@id": "way/658893340",
        "highway": "primary",
        "lanes": "3",
        "lit": "yes",
        "name": "Avenida Buenos Aires",
        "oneway": "yes",
        "sidewalk": "right",
        "surface": "concrete:plates"
      },
      "geometry": {
        "type": "LineString",
        "coordinates": [
          [
            -68.2109968,
            -16.4907739
          ],
          [
            -68.211372,
            -16.4909133
          ],
          [
            -68.2122003,
            -16.4912213
          ]
        ]
      },
      "id": "way/658893340"
    },
    {
      "type": "Feature",
      "properties": {
        "@id": "way/658893343",
        "highway": "trunk",
        "lanes": "2",
        "maxspeed": "80",
        "name": "Avenida Buenos Aires",
        "oneway": "yes",
        "ref": "F1",
        "source": "bing",
        "surface": "concrete"
      },
      "geometry": {
        "type": "LineString",
        "coordinates": [
          [
            -68.2121589,
            -16.4913049
          ],
          [
            -68.2151084,
            -16.4924206
          ],
          [
            -68.2153737,
            -16.4925196
          ],
          [
            -68.2157266,
            -16.4926627
          ],
          [
            -68.2172219,
            -16.4932441
          ],
          [
            -68.2195204,
            -16.4940957
          ],
          [
            -68.2199478,
            -16.4942543
          ],
          [
            -68.2204354,
            -16.4944348
          ],
          [
            -68.2225104,
            -16.4952115
          ],
          [
            -68.2225366,
            -16.4952212
          ],
          [
            -68.2251077,
            -16.496177
          ],
          [
            -68.2268365,
            -16.4968234
          ],
          [
            -68.2280235,
            -16.4972539
          ],
          [
            -68.2294613,
            -16.4977938
          ]
        ]
      },
      "id": "way/658893343"
    },
    {
      "type": "Feature",
      "properties": {
        "@id": "way/658893351",
        "highway": "primary",
        "lanes": "2",
        "maxspeed": "80",
        "name": "Avenida Buenos Aires",
        "oneway": "yes",
        "ref": "F1",
        "source": "bing",
        "surface": "concrete"
      },
      "geometry": {
        "type": "LineString",
        "coordinates": [
          [
            -68.2122003,
            -16.4912213
          ],
          [
            -68.2137525,
            -16.4918036
          ],
          [
            -68.2147742,
            -16.4921799
          ],
          [
            -68.2151474,
            -16.4923399
          ],
          [
            -68.2153943,
            -16.4924457
          ],
          [
            -68.21559,
            -16.4925104
          ],
          [
            -68.2158421,
            -16.4926016
          ]
        ]
      },
      "id": "way/658893351"
    },
    {
      "type": "Feature",
      "properties": {
        "@id": "way/658893353",
        "highway": "trunk",
        "lanes": "2",
        "lit": "yes",
        "maxspeed": "80",
        "motorroad": "yes",
        "name": "Avenida Buenos Aires",
        "oneway": "yes",
        "ref": "F1",
        "sidewalk": "no",
        "surface": "concrete:plates"
      },
      "geometry": {
        "type": "LineString",
        "coordinates": [
          [
            -68.212126,
            -16.4913783
          ],
          [
            -68.210415,
            -16.4907264
          ]
        ]
      },
      "id": "way/658893353"
    },
    {
      "type": "Feature",
      "properties": {
        "@id": "way/658893354",
        "highway": "primary",
        "lane_markings": "yes",
        "lanes": "3",
        "lit": "yes",
        "name": "Avenida Buenos Aires",
        "oneway": "yes",
        "sidewalk": "right",
        "start_date": "2026-03-19",
        "surface": "concrete:plates"
      },
      "geometry": {
        "type": "LineString",
        "coordinates": [
          [
            -68.2093037,
            -16.4904227
          ],
          [
            -68.2081479,
            -16.4900118
          ]
        ]
      },
      "id": "way/658893354"
    },
    {
      "type": "Feature",
      "properties": {
        "@id": "way/658893356",
        "embankment": "right",
        "foot": "no",
        "highway": "trunk",
        "incline": "down",
        "lane_markings": "yes",
        "lanes": "2",
        "lit": "yes",
        "maxspeed": "80",
        "motorroad": "yes",
        "name": "Avenida Juan Pablo II",
        "oneway": "yes",
        "ref": "F2",
        "sidewalk": "no",
        "start_date": "2026-03-19",
        "surface": "concrete:plates"
      },
      "geometry": {
        "type": "LineString",
        "coordinates": [
          [
            -68.2074114,
            -16.4900807
          ],
          [
            -68.2061224,
            -16.4903469
          ]
        ]
      },
      "id": "way/658893356"
    },
    {
      "type": "Feature",
      "properties": {
        "@id": "way/658893376",
        "foot": "no",
        "highway": "trunk",
        "lanes": "2",
        "lit": "yes",
        "maxspeed": "80",
        "motorroad": "yes",
        "name": "Avenida Juan Pablo II",
        "oneway": "yes",
        "ref": "F2",
        "sidewalk": "no",
        "smoothness": "intermediate",
        "source": "yahoo",
        "surface": "asphalt"
      },
      "geometry": {
        "type": "LineString",
        "coordinates": [
          [
            -68.2112787,
            -16.4891923
          ],
          [
            -68.2150998,
            -16.4884282
          ],
          [
            -68.2189072,
            -16.4876446
          ],
          [
            -68.2231315,
            -16.4867417
          ],
          [
            -68.2232993,
            -16.4867076
          ]
        ]
      },
      "id": "way/658893376"
    },
    {
      "type": "Feature",
      "properties": {
        "@id": "way/658893388",
        "highway": "primary",
        "lanes": "3",
        "lit": "yes",
        "name": "Avenida Buenos Aires",
        "oneway": "yes",
        "sidewalk": "right",
        "surface": "concrete:plates"
      },
      "geometry": {
        "type": "LineString",
        "coordinates": [
          [
            -68.2120903,
            -16.4914565
          ],
          [
            -68.2103781,
            -16.4908171
          ]
        ]
      },
      "id": "way/658893388"
    },
    {
      "type": "Feature",
      "properties": {
        "@id": "way/658893391",
        "highway": "trunk",
        "lanes": "3",
        "lit": "yes",
        "maxspeed": "80",
        "name": "Avenida Juan Pablo II",
        "oneway": "yes",
        "ref": "F2",
        "sidewalk": "right",
        "smoothness": "intermediate",
        "surface": "asphalt"
      },
      "geometry": {
        "type": "LineString",
        "coordinates": [
          [
            -68.2043242,
            -16.490727
          ],
          [
            -68.204263,
            -16.4907386
          ],
          [
            -68.2038338,
            -16.4908205
          ],
          [
            -68.2026152,
            -16.4910529
          ]
        ]
      },
      "id": "way/658893391"
    },
    {
      "type": "Feature",
      "properties": {
        "@id": "way/658957975",
        "highway": "trunk",
        "lanes": "2",
        "maxspeed": "80",
        "name": "Avenida Buenos Aires",
        "oneway": "yes",
        "ref": "F1",
        "surface": "concrete"
      },
      "geometry": {
        "type": "LineString",
        "coordinates": [
          [
            -68.2279881,
            -16.4973183
          ],
          [
            -68.226807,
            -16.4968936
          ],
          [
            -68.2250815,
            -16.4962459
          ],
          [
            -68.2225126,
            -16.4952817
          ],
          [
            -68.2224848,
            -16.4952713
          ]
        ]
      },
      "id": "way/658957975"
    },
    {
      "type": "Feature",
      "properties": {
        "@id": "way/658957976",
        "highway": "trunk",
        "lanes": "2",
        "maxspeed": "80",
        "name": "Avenida Buenos Aires",
        "oneway": "yes",
        "ref": "F1",
        "surface": "concrete"
      },
      "geometry": {
        "type": "LineString",
        "coordinates": [
          [
            -68.2224848,
            -16.4952713
          ],
          [
            -68.2204468,
            -16.4945163
          ],
          [
            -68.2199186,
            -16.4943212
          ],
          [
            -68.2194389,
            -16.4941409
          ],
          [
            -68.2171977,
            -16.4933008
          ],
          [
            -68.2156925,
            -16.4927112
          ],
          [
            -68.215607,
            -16.4926777
          ],
          [
            -68.2155578,
            -16.4926595
          ],
          [
            -68.2150815,
            -16.4924834
          ],
          [
            -68.212126,
            -16.4913783
          ]
        ]
      },
      "id": "way/658957976"
    },
    {
      "type": "Feature",
      "properties": {
        "@id": "way/658957977",
        "highway": "primary",
        "lanes": "2",
        "maxspeed": "80",
        "name": "Avenida Buenos Aires",
        "oneway": "yes",
        "ref": "F1",
        "surface": "concrete"
      },
      "geometry": {
        "type": "LineString",
        "coordinates": [
          [
            -68.22245,
            -16.4953591
          ],
          [
            -68.2204365,
            -16.4946136
          ],
          [
            -68.2198802,
            -16.4944091
          ],
          [
            -68.2193751,
            -16.4942164
          ],
          [
            -68.2172313,
            -16.4934094
          ],
          [
            -68.2171624,
            -16.4933833
          ],
          [
            -68.2155154,
            -16.4927465
          ],
          [
            -68.2154533,
            -16.4927225
          ],
          [
            -68.215044,
            -16.4925826
          ],
          [
            -68.2147375,
            -16.4924778
          ],
          [
            -68.2120903,
            -16.4914565
          ]
        ]
      },
      "id": "way/658957977"
    },
    {
      "type": "Feature",
      "properties": {
        "@id": "way/658957978",
        "highway": "primary",
        "lanes": "2",
        "maxspeed": "80",
        "name": "Avenida Buenos Aires",
        "oneway": "yes",
        "ref": "F1",
        "surface": "concrete"
      },
      "geometry": {
        "type": "LineString",
        "coordinates": [
          [
            -68.2300582,
            -16.4980654
          ],
          [
            -68.2297108,
            -16.4980396
          ],
          [
            -68.2293904,
            -16.4979297
          ],
          [
            -68.2280742,
            -16.4974485
          ],
          [
            -68.2279517,
            -16.4974059
          ],
          [
            -68.2267744,
            -16.4969688
          ],
          [
            -68.2254067,
            -16.4964554
          ],
          [
            -68.2250506,
            -16.4963289
          ],
          [
            -68.2226843,
            -16.4954581
          ],
          [
            -68.2224773,
            -16.4953707
          ],
          [
            -68.22245,
            -16.4953591
          ]
        ]
      },
      "id": "way/658957978"
    },
    {
      "type": "Feature",
      "properties": {
        "@id": "way/658957981",
        "hgv": "designated",
        "highway": "primary",
        "lanes": "2",
        "maxspeed": "80",
        "name": "Avenida Bautista Oquendo",
        "note": "Road mainly used by truck to evade the downtown Area of El Alto. Therefore the most apropiate classification is Primary.",
        "oneway": "yes",
        "ref": "F42",
        "source": "bing",
        "surface": "unpaved"
      },
      "geometry": {
        "type": "LineString",
        "coordinates": [
          [
            -68.2301575,
            -16.4983401
          ],
          [
            -68.2301325,
            -16.4981842
          ],
          [
            -68.2301167,
            -16.4980857
          ]
        ]
      },
      "id": "way/658957981"
    },
    {
      "type": "Feature",
      "properties": {
        "@id": "way/658957982",
        "hgv": "designated",
        "highway": "primary",
        "lanes": "2",
        "maxspeed": "80",
        "name": "Avenida Bautista Oquendo",
        "note": "Road mainly used by truck to evade the downtown Area of El Alto. Therefore the most apropiate classification is Primary.",
        "oneway": "yes",
        "ref": "F42",
        "source": "bing",
        "surface": "unpaved"
      },
      "geometry": {
        "type": "LineString",
        "coordinates": [
          [
            -68.2304072,
            -16.4981857
          ],
          [
            -68.2303858,
            -16.4984326
          ],
          [
            -68.230464,
            -16.4989825
          ],
          [
            -68.230524,
            -16.4994217
          ],
          [
            -68.230581,
            -16.4998394
          ],
          [
            -68.2306359,
            -16.5002411
          ],
          [
            -68.2306939,
            -16.5006661
          ],
          [
            -68.2307544,
            -16.501109
          ],
          [
            -68.2308126,
            -16.501515
          ],
          [
            -68.2308618,
            -16.5019143
          ],
          [
            -68.2309167,
            -16.5023611
          ],
          [
            -68.2309737,
            -16.5027787
          ],
          [
            -68.2310144,
            -16.5034109
          ]
        ]
      },
      "id": "way/658957982"
    },
    {
      "type": "Feature",
      "properties": {
        "@id": "way/675493326",
        "highway": "trunk",
        "lanes": "4",
        "maxspeed": "40",
        "name": "Avenida 6 de Marzo",
        "oneway": "yes",
        "ref": "F1",
        "surface": "asphalt"
      },
      "geometry": {
        "type": "LineString",
        "coordinates": [
          [
            -68.1628742,
            -16.5040751
          ],
          [
            -68.1629064,
            -16.5041735
          ]
        ]
      },
      "id": "way/675493326"
    },
    {
      "type": "Feature",
      "properties": {
        "@id": "way/675497206",
        "highway": "trunk",
        "lanes": "4",
        "maxspeed": "40",
        "name": "Avenida 6 de Marzo",
        "oneway": "yes",
        "ref": "F1",
        "surface": "asphalt"
      },
      "geometry": {
        "type": "LineString",
        "coordinates": [
          [
            -68.1626679,
            -16.5039236
          ],
          [
            -68.16262,
            -16.5037865
          ]
        ]
      },
      "id": "way/675497206"
    },
    {
      "type": "Feature",
      "properties": {
        "@id": "way/676531454",
        "highway": "primary",
        "lanes": "2",
        "name": "Avenida Estructurante",
        "oneway": "yes",
        "source": "bing",
        "surface": "paved"
      },
      "geometry": {
        "type": "LineString",
        "coordinates": [
          [
            -68.2096148,
            -16.5552711
          ],
          [
            -68.2095821,
            -16.5552912
          ],
          [
            -68.2090304,
            -16.5555381
          ],
          [
            -68.2084962,
            -16.55579
          ],
          [
            -68.2077767,
            -16.5560849
          ],
          [
            -68.2072845,
            -16.5563142
          ],
          [
            -68.2067313,
            -16.5565424
          ],
          [
            -68.2053299,
            -16.5571121
          ],
          [
            -68.2047993,
            -16.5573233
          ],
          [
            -68.2042196,
            -16.557539
          ],
          [
            -68.2036629,
            -16.5577697
          ],
          [
            -68.2031787,
            -16.5579704
          ],
          [
            -68.2026847,
            -16.5581751
          ],
          [
            -68.2026259,
            -16.5582005
          ],
          [
            -68.2020088,
            -16.5584552
          ],
          [
            -68.2014914,
            -16.5586696
          ],
          [
            -68.2009222,
            -16.5589055
          ],
          [
            -68.2003647,
            -16.5591352
          ],
          [
            -68.1998319,
            -16.5593538
          ],
          [
            -68.1992504,
            -16.5596077
          ],
          [
            -68.1987247,
            -16.5598218
          ],
          [
            -68.1981192,
            -16.5600692
          ],
          [
            -68.1975818,
            -16.5602966
          ],
          [
            -68.1971663,
            -16.5604802
          ],
          [
            -68.1966853,
            -16.5606759
          ],
          [
            -68.1961185,
            -16.5609022
          ],
          [
            -68.1955889,
            -16.56112
          ],
          [
            -68.1953714,
            -16.5612058
          ],
          [
            -68.1950878,
            -16.5613242
          ],
          [
            -68.1946179,
            -16.5615181
          ],
          [
            -68.1942496,
            -16.5616762
          ],
          [
            -68.1941074,
            -16.5617136
          ]
        ]
      },
      "id": "way/676531454"
    },
    {
      "type": "Feature",
      "properties": {
        "@id": "way/676533134",
        "bridge": "viaduct",
        "bridge:name": "Distribuidor La Ceja",
        "bridge:structure": "beam",
        "highway": "trunk",
        "lanes": "3",
        "layer": "1",
        "lit": "yes",
        "maxspeed": "80",
        "name": "Avenida Juan Pablo II",
        "oneway": "yes",
        "ref": "F2",
        "sidewalk": "right",
        "surface": "concrete"
      },
      "geometry": {
        "type": "LineString",
        "coordinates": [
          [
            -68.1628316,
            -16.5035784
          ],
          [
            -68.1624997,
            -16.5037322
          ]
        ]
      },
      "id": "way/676533134"
    },
    {
      "type": "Feature",
      "properties": {
        "@id": "way/676568003",
        "highway": "trunk",
        "lanes": "2",
        "lit": "yes",
        "maxspeed": "80",
        "name": "Doble Vía La Paz-Oruro",
        "oneway": "yes",
        "ref": "F1",
        "shoulder": "right",
        "surface": "asphalt"
      },
      "geometry": {
        "type": "LineString",
        "coordinates": [
          [
            -68.1817887,
            -16.6297414
          ],
          [
            -68.1817521,
            -16.6302427
          ],
          [
            -68.1816583,
            -16.6315252
          ],
          [
            -68.1815031,
            -16.6336453
          ],
          [
            -68.1814726,
            -16.6340624
          ]
        ]
      },
      "id": "way/676568003"
    },
    {
      "type": "Feature",
      "properties": {
        "@id": "way/676584959",
        "highway": "trunk",
        "lanes": "2",
        "lit": "yes",
        "maxspeed": "80",
        "name": "Doble Vía La Paz-Oruro",
        "oneway": "yes",
        "ref": "F1",
        "shoulder": "right",
        "surface": "asphalt"
      },
      "geometry": {
        "type": "LineString",
        "coordinates": [
          [
            -68.1813975,
            -16.6340664
          ],
          [
            -68.1817074,
            -16.6297297
          ]
        ]
      },
      "id": "way/676584959"
    },
    {
      "type": "Feature",
      "properties": {
        "@id": "way/693629751",
        "highway": "trunk",
        "lanes": "2",
        "lit": "yes",
        "maxspeed": "80",
        "name": "Doble Vía La Paz-Oruro",
        "oneway": "yes",
        "ref": "F1",
        "shoulder": "right",
        "surface": "asphalt"
      },
      "geometry": {
        "type": "LineString",
        "coordinates": [
          [
            -68.1845082,
            -16.5899099
          ],
          [
            -68.1845804,
            -16.5888392
          ],
          [
            -68.1847452,
            -16.5863992
          ],
          [
            -68.1848624,
            -16.5846417
          ],
          [
            -68.1848976,
            -16.5842055
          ]
        ]
      },
      "id": "way/693629751"
    },
    {
      "type": "Feature",
      "properties": {
        "@id": "way/695491032",
        "alt_name": "Calle 12",
        "bicycle": "yes",
        "foot": "no",
        "highway": "primary",
        "incline": "0.5%",
        "lanes": "2",
        "lit": "yes",
        "maxspeed:type": "BO:urban",
        "name": "Avenida Satélite",
        "oneway": "yes",
        "parking:lane:left": "no_parking",
        "parking:lane:right": "parallel",
        "sidewalk": "both",
        "sidewalk:both:surface": "concrete",
        "smoothness": "good",
        "surface": "concrete",
        "wheelchair": "limited",
        "width": "7.8"
      },
      "geometry": {
        "type": "LineString",
        "coordinates": [
          [
            -68.1513231,
            -16.5237401
          ],
          [
            -68.1513884,
            -16.5237141
          ],
          [
            -68.151538,
            -16.5236542
          ],
          [
            -68.151841,
            -16.5235329
          ],
          [
            -68.1520885,
            -16.5234339
          ],
          [
            -68.1521004,
            -16.5234291
          ],
          [
            -68.1521543,
            -16.5234075
          ]
        ]
      },
      "id": "way/695491032"
    },
    {
      "type": "Feature",
      "properties": {
        "@id": "way/695491034",
        "alt_name": "Calle 12",
        "bicycle": "yes",
        "foot": "no",
        "highway": "primary",
        "lanes": "2",
        "lit": "yes",
        "maxspeed:type": "BO:urban",
        "name": "Avenida Satélite",
        "oneway": "yes",
        "parking:lane:left": "no_parking",
        "parking:lane:right": "parallel",
        "sidewalk": "both",
        "sidewalk:both:surface": "concrete",
        "smoothness": "good",
        "surface": "concrete",
        "wheelchair": "limited",
        "width": "8"
      },
      "geometry": {
        "type": "LineString",
        "coordinates": [
          [
            -68.1529857,
            -16.5230749
          ],
          [
            -68.1530488,
            -16.5230498
          ],
          [
            -68.1531404,
            -16.5230134
          ],
          [
            -68.1531651,
            -16.5230036
          ],
          [
            -68.1532463,
            -16.5229713
          ]
        ]
      },
      "id": "way/695491034"
    },
    {
      "type": "Feature",
      "properties": {
        "@id": "way/695491036",
        "alt_name": "Calle 12",
        "bicycle": "yes",
        "foot": "no",
        "highway": "primary",
        "lanes": "2",
        "lit": "yes",
        "maxspeed:type": "BO:urban",
        "name": "Avenida Satélite",
        "noname": "yes",
        "oneway": "yes",
        "parking:lane:left": "no_parking",
        "parking:lane:right": "parallel",
        "sidewalk": "both",
        "sidewalk:both:surface": "concrete",
        "sidewalk:right:surface": "concrete",
        "smoothness": "good",
        "surface": "concrete",
        "wheelchair": "limited",
        "width": "8"
      },
      "geometry": {
        "type": "LineString",
        "coordinates": [
          [
            -68.1532463,
            -16.5229713
          ],
          [
            -68.1532996,
            -16.5229645
          ],
          [
            -68.1533524,
            -16.5229585
          ]
        ]
      },
      "id": "way/695491036"
    },
    {
      "type": "Feature",
      "properties": {
        "@id": "way/695491038",
        "alt_name": "Calle 12",
        "bicycle": "yes",
        "foot": "no",
        "highway": "primary",
        "lanes": "2",
        "lit": "yes",
        "maxspeed:type": "BO:urban",
        "name": "Avenida Satélite",
        "oneway": "yes",
        "parking:lane:left": "no_parking",
        "parking:lane:right": "parallel",
        "sidewalk": "right",
        "sidewalk:right:surface": "concrete",
        "smoothness": "good",
        "surface": "concrete",
        "wheelchair": "limited",
        "width": "6.5"
      },
      "geometry": {
        "type": "LineString",
        "coordinates": [
          [
            -68.1533524,
            -16.5229585
          ],
          [
            -68.1534704,
            -16.5229197
          ],
          [
            -68.1535085,
            -16.5229041
          ]
        ]
      },
      "id": "way/695491038"
    },
    {
      "type": "Feature",
      "properties": {
        "@id": "way/695491040",
        "alt_name": "Calle 12",
        "bicycle": "yes",
        "foot": "no",
        "highway": "primary",
        "lanes": "2",
        "lit": "yes",
        "maxspeed:type": "BO:urban",
        "name": "Avenida Satélite",
        "oneway": "yes",
        "parking:lane:left": "no_parking",
        "parking:lane:right": "parallel",
        "sidewalk": "right",
        "sidewalk:right:surface": "concrete",
        "smoothness": "good",
        "surface": "concrete",
        "wheelchair": "limited",
        "width": "6.5"
      },
      "geometry": {
        "type": "LineString",
        "coordinates": [
          [
            -68.1535624,
            -16.5229651
          ],
          [
            -68.1534997,
            -16.5229888
          ],
          [
            -68.1533424,
            -16.5230454
          ]
        ]
      },
      "id": "way/695491040"
    },
    {
      "type": "Feature",
      "properties": {
        "@id": "way/695508692",
        "bicycle": "yes",
        "highway": "primary",
        "lanes": "2",
        "maxspeed:type": "BO:urban",
        "motor_vehicle:conditional": "no @ (Su 09:00-13:00)",
        "name": "Avenida Cívica",
        "oneway": "yes",
        "smoothness": "excellent",
        "surface": "concrete",
        "wheelchair": "limited"
      },
      "geometry": {
        "type": "LineString",
        "coordinates": [
          [
            -68.1576894,
            -16.5221958
          ],
          [
            -68.1575179,
            -16.5217761
          ],
          [
            -68.1574499,
            -16.5216116
          ],
          [
            -68.1574186,
            -16.5215346
          ],
          [
            -68.1573849,
            -16.5214495
          ]
        ]
      },
      "id": "way/695508692"
    },
    {
      "type": "Feature",
      "properties": {
        "@id": "way/695508695",
        "bicycle": "yes",
        "foot": "no",
        "highway": "primary",
        "lanes": "2",
        "maxspeed:type": "BO:urban",
        "motor_vehicle:conditional": "no @ (Su 09:00-13:00)",
        "name": "Avenida Cívica",
        "oneway": "yes",
        "shoulder": "no",
        "smoothness": "excellent",
        "surface": "concrete",
        "wheelchair": "limited"
      },
      "geometry": {
        "type": "LineString",
        "coordinates": [
          [
            -68.1583978,
            -16.5238242
          ],
          [
            -68.1583533,
            -16.5237251
          ]
        ]
      },
      "id": "way/695508695"
    },
    {
      "type": "Feature",
      "properties": {
        "@id": "way/695631568",
        "bicycle": "yes",
        "foot": "no",
        "highway": "primary",
        "incline": "0%",
        "lanes": "2",
        "lit": "yes",
        "maxspeed:type": "BO:urban",
        "name": "Avenida Panorámica",
        "oneway": "yes",
        "shoulder": "no",
        "sidewalk": "left",
        "sidewalk:left:surface": "concrete",
        "smoothness": "excellent",
        "surface": "concrete",
        "wheelchair": "limited",
        "width": "9"
      },
      "geometry": {
        "type": "LineString",
        "coordinates": [
          [
            -68.147251,
            -16.5251424
          ],
          [
            -68.1475546,
            -16.5250225
          ],
          [
            -68.1476494,
            -16.5250133
          ]
        ]
      },
      "id": "way/695631568"
    },
    {
      "type": "Feature",
      "properties": {
        "@id": "way/695631569",
        "alt_name": "Calle 12",
        "bicycle": "yes",
        "foot": "no",
        "highway": "primary",
        "incline": "0%",
        "lanes": "2",
        "lit": "yes",
        "maxspeed:type": "BO:urban",
        "name": "Avenida Satélite",
        "oneway": "yes",
        "parking:lane:left": "no_parking",
        "parking:lane:right": "parallel",
        "sidewalk": "both",
        "sidewalk:both:surface": "concrete",
        "smoothness": "intermediate",
        "surface": "concrete",
        "wheelchair": "limited",
        "width": "8"
      },
      "geometry": {
        "type": "LineString",
        "coordinates": [
          [
            -68.1488026,
            -16.5247486
          ],
          [
            -68.1488694,
            -16.5247223
          ],
          [
            -68.1488818,
            -16.5247174
          ],
          [
            -68.1488976,
            -16.5247111
          ],
          [
            -68.1490403,
            -16.5246539
          ],
          [
            -68.1492606,
            -16.5245657
          ],
          [
            -68.1493215,
            -16.5245413
          ],
          [
            -68.1494006,
            -16.5245096
          ],
          [
            -68.1496583,
            -16.5244064
          ],
          [
            -68.1498514,
            -16.524329
          ],
          [
            -68.1498891,
            -16.5243139
          ],
          [
            -68.1499264,
            -16.5242989
          ],
          [
            -68.1499777,
            -16.524278
          ]
        ]
      },
      "id": "way/695631569"
    },
    {
      "type": "Feature",
      "properties": {
        "@id": "way/695631570",
        "alt_name": "Calle 12",
        "bicycle": "yes",
        "foot": "no",
        "highway": "primary",
        "incline": "0%",
        "lanes": "2",
        "lit": "yes",
        "maxspeed:type": "BO:urban",
        "name": "Avenida Satélite",
        "oneway": "yes",
        "parking:lane:left": "no_parking",
        "parking:lane:right": "parallel",
        "sidewalk": "both",
        "sidewalk:both:surface": "concrete",
        "smoothness": "good",
        "surface": "concrete",
        "wheelchair": "limited",
        "width": "8"
      },
      "geometry": {
        "type": "LineString",
        "coordinates": [
          [
            -68.1499777,
            -16.524278
          ],
          [
            -68.1500794,
            -16.5242398
          ],
          [
            -68.15023,
            -16.5241828
          ],
          [
            -68.1503132,
            -16.5241531
          ]
        ]
      },
      "id": "way/695631570"
    },
    {
      "type": "Feature",
      "properties": {
        "@id": "way/695740598",
        "alt_name": "Calle 12",
        "bicycle": "yes",
        "foot": "no",
        "highway": "primary",
        "lanes": "2",
        "lit": "yes",
        "maxspeed:type": "BO:urban",
        "name": "Avenida Satélite",
        "oneway": "yes",
        "parking:lane:left": "no_parking",
        "parking:lane:right": "parallel",
        "sidewalk": "right",
        "sidewalk:right:surface": "concrete",
        "smoothness": "good",
        "surface": "concrete",
        "wheelchair": "limited",
        "width": "6.5"
      },
      "geometry": {
        "type": "LineString",
        "coordinates": [
          [
            -68.1544799,
            -16.5225937
          ],
          [
            -68.1544406,
            -16.5226095
          ],
          [
            -68.1536513,
            -16.5229302
          ],
          [
            -68.1536264,
            -16.52294
          ],
          [
            -68.1535944,
            -16.5229527
          ],
          [
            -68.1535624,
            -16.5229651
          ]
        ]
      },
      "id": "way/695740598"
    },
    {
      "type": "Feature",
      "properties": {
        "@id": "way/695740599",
        "alt_name": "Calle 12",
        "bicycle": "yes",
        "foot": "no",
        "highway": "primary",
        "lanes": "2",
        "lit": "yes",
        "maxspeed:type": "BO:urban",
        "name": "Avenida Satélite",
        "oneway": "yes",
        "parking:lane:left": "no_parking",
        "parking:lane:right": "parallel",
        "sidewalk": "right",
        "sidewalk:right:surface": "concrete",
        "smoothness": "intermediate",
        "surface": "concrete",
        "wheelchair": "limited",
        "width": "6.5"
      },
      "geometry": {
        "type": "LineString",
        "coordinates": [
          [
            -68.15445,
            -16.5225238
          ],
          [
            -68.154505,
            -16.5225017
          ],
          [
            -68.1549654,
            -16.5223159
          ],
          [
            -68.1554094,
            -16.5221373
          ]
        ]
      },
      "id": "way/695740599"
    },
    {
      "type": "Feature",
      "properties": {
        "@id": "way/695740600",
        "alt_name": "Calle 12",
        "bicycle": "yes",
        "foot": "no",
        "highway": "primary",
        "lanes": "2",
        "lit": "yes",
        "maxspeed:type": "BO:urban",
        "name": "Avenida Satélite",
        "oneway": "yes",
        "parking:lane:left": "no_parking",
        "parking:lane:right": "parallel",
        "sidewalk": "right",
        "sidewalk:right:surface": "concrete",
        "smoothness": "good",
        "surface": "concrete",
        "wheelchair": "limited",
        "width": "6.5"
      },
      "geometry": {
        "type": "LineString",
        "coordinates": [
          [
            -68.1535085,
            -16.5229041
          ],
          [
            -68.1535331,
            -16.522894
          ],
          [
            -68.1535651,
            -16.5228818
          ],
          [
            -68.1537766,
            -16.5227964
          ],
          [
            -68.1541782,
            -16.5226338
          ],
          [
            -68.1544104,
            -16.5225398
          ],
          [
            -68.15445,
            -16.5225238
          ]
        ]
      },
      "id": "way/695740600"
    },
    {
      "type": "Feature",
      "properties": {
        "@id": "way/695740601",
        "alt_name": "Calle 12",
        "bicycle": "yes",
        "foot": "no",
        "highway": "primary",
        "lanes": "2",
        "lit": "yes",
        "maxspeed:type": "BO:urban",
        "name": "Avenida Satélite",
        "oneway": "yes",
        "parking:lane:left": "no_parking",
        "parking:lane:right": "parallel",
        "sidewalk": "right",
        "smoothness": "intermediate",
        "surface": "concrete",
        "wheelchair": "limited",
        "width": "6.5"
      },
      "geometry": {
        "type": "LineString",
        "coordinates": [
          [
            -68.1555045,
            -16.5221813
          ],
          [
            -68.1554511,
            -16.5222027
          ],
          [
            -68.1552478,
            -16.5222847
          ],
          [
            -68.1550219,
            -16.5223758
          ],
          [
            -68.1549962,
            -16.5223861
          ],
          [
            -68.1549363,
            -16.5224102
          ],
          [
            -68.1548758,
            -16.5224346
          ],
          [
            -68.1547308,
            -16.5224931
          ],
          [
            -68.1545474,
            -16.5225675
          ],
          [
            -68.1545312,
            -16.5225738
          ],
          [
            -68.1544799,
            -16.5225937
          ]
        ]
      },
      "id": "way/695740601"
    },
    {
      "type": "Feature",
      "properties": {
        "@id": "way/695740603",
        "alt_name": "Calle 12",
        "bicycle": "yes",
        "foot": "no",
        "highway": "primary",
        "lanes": "2",
        "lit": "yes",
        "maxspeed:type": "BO:urban",
        "name": "Avenida Satélite",
        "oneway": "yes",
        "parking:lane:left": "no_parking",
        "parking:lane:right": "parallel",
        "sidewalk": "right",
        "smoothness": "good",
        "surface": "concrete",
        "wheelchair": "limited",
        "width": "6.5"
      },
      "geometry": {
        "type": "LineString",
        "coordinates": [
          [
            -68.1554745,
            -16.5221116
          ],
          [
            -68.1555236,
            -16.5220918
          ],
          [
            -68.1555495,
            -16.5220816
          ],
          [
            -68.1556855,
            -16.5220273
          ],
          [
            -68.1557344,
            -16.5220078
          ]
        ]
      },
      "id": "way/695740603"
    },
    {
      "type": "Feature",
      "properties": {
        "@id": "way/695740604",
        "alt_name": "Calle 12",
        "bicycle": "yes",
        "foot": "no",
        "highway": "primary",
        "lanes": "2",
        "lit": "yes",
        "maxspeed:type": "BO:urban",
        "name": "Avenida Satélite",
        "oneway": "yes",
        "parking:lane:left": "no_parking",
        "parking:lane:right": "parallel",
        "sidewalk": "right",
        "sidewalk:right:surface": "concrete",
        "smoothness": "good",
        "surface": "concrete",
        "wheelchair": "limited",
        "width": "6.5"
      },
      "geometry": {
        "type": "LineString",
        "coordinates": [
          [
            -68.1554094,
            -16.5221373
          ],
          [
            -68.1554429,
            -16.5221239
          ],
          [
            -68.1554745,
            -16.5221116
          ]
        ]
      },
      "id": "way/695740604"
    },
    {
      "type": "Feature",
      "properties": {
        "@id": "way/695753854",
        "alt_name": "Avenida Max Fernandez",
        "bicycle": "yes",
        "foot": "no",
        "highway": "primary",
        "incline": "0%",
        "lanes": "2",
        "lit": "yes",
        "maxspeed:type": "BO:urban",
        "name": "Avenida Panorámica",
        "oneway": "yes",
        "shoulder": "no",
        "sidewalk": "no",
        "smoothness": "excellent",
        "surface": "concrete",
        "width": "8.9"
      },
      "geometry": {
        "type": "LineString",
        "coordinates": [
          [
            -68.1470205,
            -16.5298034
          ],
          [
            -68.1472043,
            -16.5299744
          ]
        ]
      },
      "id": "way/695753854"
    },
    {
      "type": "Feature",
      "properties": {
        "@id": "way/695753866",
        "bicycle": "yes",
        "foot": "no",
        "highway": "primary",
        "incline": "0%",
        "lanes": "2",
        "lit": "yes",
        "maxspeed:type": "BO:urban",
        "name": "Avenida Panorámica",
        "oneway": "yes",
        "parking:lane:left": "no_parking",
        "parking:lane:right": "parallel",
        "sidewalk": "right",
        "sidewalk:right:surface": "concrete",
        "smoothness": "excellent",
        "surface": "concrete",
        "wheelchair": "limited",
        "width": "9"
      },
      "geometry": {
        "type": "LineString",
        "coordinates": [
          [
            -68.1457623,
            -16.5275593
          ],
          [
            -68.1457352,
            -16.5276002
          ],
          [
            -68.1456269,
            -16.5277637
          ],
          [
            -68.1455883,
            -16.5278221
          ],
          [
            -68.1455434,
            -16.5278899
          ],
          [
            -68.1453836,
            -16.5281309
          ],
          [
            -68.1453303,
            -16.5282129
          ],
          [
            -68.1453099,
            -16.528254
          ],
          [
            -68.1452985,
            -16.5282919
          ],
          [
            -68.1452926,
            -16.5283427
          ],
          [
            -68.1452991,
            -16.5283925
          ],
          [
            -68.1453246,
            -16.528459
          ],
          [
            -68.145344,
            -16.5285037
          ],
          [
            -68.1453801,
            -16.5285617
          ],
          [
            -68.1454398,
            -16.5286133
          ],
          [
            -68.1454667,
            -16.5286323
          ],
          [
            -68.1455405,
            -16.5286847
          ],
          [
            -68.1456756,
            -16.5287804
          ]
        ]
      },
      "id": "way/695753866"
    },
    {
      "type": "Feature",
      "properties": {
        "@id": "way/695753870",
        "bicycle": "yes",
        "foot": "no",
        "highway": "primary",
        "incline": "0%",
        "lanes": "2",
        "lit": "yes",
        "maxspeed:type": "BO:urban",
        "name": "Avenida Panorámica",
        "oneway": "yes",
        "parking:lane:left": "no_parking",
        "parking:lane:right": "parallel",
        "sidewalk": "right",
        "smoothness": "excellent",
        "surface": "concrete",
        "wheelchair": "limited",
        "width": "8.8"
      },
      "geometry": {
        "type": "LineString",
        "coordinates": [
          [
            -68.1466254,
            -16.5261903
          ],
          [
            -68.1465673,
            -16.5262832
          ],
          [
            -68.146285,
            -16.526733
          ],
          [
            -68.1462795,
            -16.5267418
          ],
          [
            -68.1462619,
            -16.5267698
          ],
          [
            -68.1461347,
            -16.5269725
          ],
          [
            -68.1461133,
            -16.5270046
          ],
          [
            -68.1460895,
            -16.5270409
          ],
          [
            -68.1460831,
            -16.5270499
          ],
          [
            -68.1457888,
            -16.5275172
          ],
          [
            -68.1457623,
            -16.5275593
          ]
        ]
      },
      "id": "way/695753870"
    },
    {
      "type": "Feature",
      "properties": {
        "@id": "way/695753872",
        "bicycle": "yes",
        "foot": "no",
        "highway": "primary",
        "incline": "0%",
        "lanes": "2",
        "lit": "yes",
        "maxspeed:type": "BO:urban",
        "name": "Avenida Panorámica",
        "oneway": "yes",
        "parking:left": "no",
        "parking:left:restriction": "no_parking",
        "parking:right": "yes",
        "parking:right:orientation": "parallel",
        "sidewalk": "both",
        "smoothness": "excellent",
        "surface": "concrete",
        "wheelchair": "limited",
        "width": "9"
      },
      "geometry": {
        "type": "LineString",
        "coordinates": [
          [
            -68.1465385,
            -16.5261384
          ],
          [
            -68.1466057,
            -16.526028
          ],
          [
            -68.1466818,
            -16.5259028
          ],
          [
            -68.1467046,
            -16.5258694
          ],
          [
            -68.1467904,
            -16.525738
          ],
          [
            -68.1469384,
            -16.5255112
          ],
          [
            -68.1470088,
            -16.5254121
          ],
          [
            -68.1471249,
            -16.5252508
          ],
          [
            -68.1471421,
            -16.5252278
          ],
          [
            -68.1471765,
            -16.5251819
          ],
          [
            -68.147251,
            -16.5251424
          ]
        ]
      },
      "id": "way/695753872"
    },
    {
      "type": "Feature",
      "properties": {
        "@id": "way/695753873",
        "bicycle": "yes",
        "foot": "no",
        "highway": "primary",
        "incline": "0%",
        "lanes": "2",
        "lit": "yes",
        "maxspeed:type": "BO:urban",
        "name": "Avenida Panorámica",
        "oneway": "yes",
        "parking:lane:left": "no_parking",
        "parking:lane:right": "parallel",
        "smoothness": "excellent",
        "surface": "concrete",
        "wheelchair": "limited",
        "width": "9"
      },
      "geometry": {
        "type": "LineString",
        "coordinates": [
          [
            -68.1456774,
            -16.5275079
          ],
          [
            -68.145703,
            -16.5274674
          ],
          [
            -68.1458482,
            -16.527238
          ],
          [
            -68.1458801,
            -16.5271876
          ],
          [
            -68.1459149,
            -16.5271318
          ],
          [
            -68.1460464,
            -16.5269208
          ]
        ]
      },
      "id": "way/695753873"
    },
    {
      "type": "Feature",
      "properties": {
        "@id": "way/695753875",
        "bicycle": "yes",
        "check_date": "2023-06-01",
        "foot": "no",
        "highway": "primary",
        "lanes": "2",
        "lit": "yes",
        "maxspeed:type": "BO:urban",
        "name": "Avenida Max Fernandez",
        "oneway": "yes",
        "smoothness": "excellent",
        "surface": "concrete",
        "wheelchair": "limited",
        "width": "6.9"
      },
      "geometry": {
        "type": "LineString",
        "coordinates": [
          [
            -68.1474867,
            -16.5305844
          ],
          [
            -68.1476246,
            -16.5308681
          ],
          [
            -68.1478432,
            -16.5313135
          ],
          [
            -68.1481538,
            -16.5319428
          ],
          [
            -68.1482591,
            -16.5321708
          ],
          [
            -68.1483556,
            -16.5323854
          ],
          [
            -68.1483929,
            -16.5324932
          ],
          [
            -68.148434,
            -16.5326338
          ],
          [
            -68.1485422,
            -16.5330357
          ],
          [
            -68.148656,
            -16.5333978
          ],
          [
            -68.1486815,
            -16.5334955
          ],
          [
            -68.1486873,
            -16.5335466
          ],
          [
            -68.1486836,
            -16.533595
          ],
          [
            -68.1486784,
            -16.5336364
          ],
          [
            -68.1486665,
            -16.533676
          ],
          [
            -68.1486433,
            -16.5337095
          ],
          [
            -68.1486101,
            -16.5337454
          ],
          [
            -68.1485406,
            -16.533782
          ],
          [
            -68.1484792,
            -16.5337944
          ],
          [
            -68.1484269,
            -16.5337927
          ],
          [
            -68.148385,
            -16.5337808
          ],
          [
            -68.1483255,
            -16.5337462
          ],
          [
            -68.1482685,
            -16.5336922
          ],
          [
            -68.1482154,
            -16.5336004
          ],
          [
            -68.1481644,
            -16.5335133
          ],
          [
            -68.1480895,
            -16.5333666
          ],
          [
            -68.1479363,
            -16.5330667
          ],
          [
            -68.147703,
            -16.5326648
          ],
          [
            -68.1475882,
            -16.5324557
          ],
          [
            -68.1474517,
            -16.5322509
          ],
          [
            -68.147268,
            -16.5320035
          ],
          [
            -68.1471205,
            -16.5318331
          ],
          [
            -68.1469126,
            -16.5316088
          ],
          [
            -68.1467356,
            -16.531439
          ],
          [
            -68.1464311,
            -16.5311954
          ],
          [
            -68.1462295,
            -16.5310516
          ],
          [
            -68.1460536,
            -16.5309511
          ],
          [
            -68.1458133,
            -16.5308284
          ],
          [
            -68.1456408,
            -16.5307475
          ],
          [
            -68.1454836,
            -16.5306837
          ],
          [
            -68.1452656,
            -16.5306037
          ],
          [
            -68.1452288,
            -16.5305909
          ],
          [
            -68.145139,
            -16.5305598
          ]
        ]
      },
      "id": "way/695753875"
    },
    {
      "type": "Feature",
      "properties": {
        "@id": "way/695754866",
        "alt_name": "Calle 12",
        "bicycle": "yes",
        "foot": "no",
        "highway": "primary",
        "incline": "-0.5%",
        "lanes": "2",
        "lit": "yes",
        "maxspeed:type": "BO:urban",
        "name": "Avenida Satélite",
        "oneway": "yes",
        "parking:lane:left": "no_parking",
        "parking:lane:right": "parallel",
        "sidewalk": "both",
        "sidewalk:both:surface": "concrete",
        "smoothness": "good",
        "surface": "concrete",
        "wheelchair": "limited",
        "width": "8"
      },
      "geometry": {
        "type": "LineString",
        "coordinates": [
          [
            -68.1530275,
            -16.523171
          ],
          [
            -68.152965,
            -16.5231961
          ],
          [
            -68.1527795,
            -16.5232704
          ],
          [
            -68.1526388,
            -16.5233271
          ],
          [
            -68.152506,
            -16.5233799
          ],
          [
            -68.1523802,
            -16.5234303
          ],
          [
            -68.1522676,
            -16.5234745
          ],
          [
            -68.1522282,
            -16.5234903
          ],
          [
            -68.1521968,
            -16.5235028
          ]
        ]
      },
      "id": "way/695754866"
    },
    {
      "type": "Feature",
      "properties": {
        "@id": "way/695754867",
        "alt_name": "Calle 12",
        "bicycle": "yes",
        "foot": "no",
        "highway": "primary",
        "incline": "0.5%",
        "lanes": "2",
        "lit": "yes",
        "maxspeed:type": "BO:urban",
        "name": "Avenida Satélite",
        "oneway": "yes",
        "parking:lane:left": "no_parking",
        "parking:lane:right": "parallel",
        "sidewalk": "both",
        "sidewalk:both:surface": "concrete",
        "smoothness": "good",
        "surface": "concrete",
        "wheelchair": "limited",
        "width": "7.9"
      },
      "geometry": {
        "type": "LineString",
        "coordinates": [
          [
            -68.1521543,
            -16.5234075
          ],
          [
            -68.1522261,
            -16.5233788
          ],
          [
            -68.152413,
            -16.523304
          ],
          [
            -68.1528071,
            -16.5231464
          ],
          [
            -68.1529231,
            -16.5230999
          ],
          [
            -68.1529857,
            -16.5230749
          ]
        ]
      },
      "id": "way/695754867"
    },
    {
      "type": "Feature",
      "properties": {
        "@id": "way/695754868",
        "alt_name": "Calle 12",
        "bicycle": "yes",
        "foot": "no",
        "highway": "primary",
        "incline": "-0.5%",
        "lanes": "2",
        "lit": "yes",
        "maxspeed:type": "BO:urban",
        "name": "Avenida Satélite",
        "oneway": "yes",
        "parking:lane:left": "no_parking",
        "parking:lane:right": "parallel",
        "sidewalk": "both",
        "sidewalk:both:surface": "concrete",
        "smoothness": "good",
        "surface": "concrete",
        "wheelchair": "limited",
        "width": "7.8"
      },
      "geometry": {
        "type": "LineString",
        "coordinates": [
          [
            -68.1521968,
            -16.5235028
          ],
          [
            -68.1521433,
            -16.5235246
          ],
          [
            -68.1519919,
            -16.5235864
          ],
          [
            -68.1518215,
            -16.5236551
          ],
          [
            -68.151529,
            -16.523773
          ],
          [
            -68.1514535,
            -16.5238034
          ],
          [
            -68.1514342,
            -16.5238112
          ],
          [
            -68.1513655,
            -16.5238382
          ]
        ]
      },
      "id": "way/695754868"
    },
    {
      "type": "Feature",
      "properties": {
        "@id": "way/699457276",
        "highway": "primary",
        "name": "RN41: Ruta Nacional 41",
        "oneway": "no",
        "ref": "F41",
        "surface": "paved"
      },
      "geometry": {
        "type": "LineString",
        "coordinates": [
          [
            -68.1663258,
            -16.4418093
          ],
          [
            -68.1669576,
            -16.4426518
          ],
          [
            -68.1672735,
            -16.4430671
          ],
          [
            -68.1675824,
            -16.4434009
          ],
          [
            -68.1682343,
            -16.4441277
          ],
          [
            -68.1686344,
            -16.4445404
          ],
          [
            -68.1687621,
            -16.4446633
          ],
          [
            -68.1698147,
            -16.445677
          ]
        ]
      },
      "id": "way/699457276"
    },
    {
      "type": "Feature",
      "properties": {
        "@id": "way/699457277",
        "bridge": "yes",
        "fixme": "resurvey",
        "highway": "primary",
        "layer": "1",
        "name": "RN41: Ruta Nacional 41",
        "oneway": "no",
        "ref": "F41",
        "surface": "unpaved"
      },
      "geometry": {
        "type": "LineString",
        "coordinates": [
          [
            -68.1661768,
            -16.4416122
          ],
          [
            -68.1662335,
            -16.4416873
          ]
        ]
      },
      "id": "way/699457277"
    },
    {
      "type": "Feature",
      "properties": {
        "@id": "way/707413183",
        "highway": "trunk",
        "lanes": "4",
        "maxspeed": "40",
        "name": "Avenida 6 de Marzo",
        "oneway": "yes",
        "ref": "F1",
        "surface": "asphalt"
      },
      "geometry": {
        "type": "LineString",
        "coordinates": [
          [
            -68.1645972,
            -16.5096201
          ],
          [
            -68.1642254,
            -16.5084365
          ]
        ]
      },
      "id": "way/707413183"
    },
    {
      "type": "Feature",
      "properties": {
        "@id": "way/707413184",
        "bicycle": "yes",
        "foot": "no",
        "highway": "trunk",
        "junction": "circular",
        "lanes": "3",
        "motor_vehicle:conditional": "no @ (Su 09:00-13:00)",
        "name": "Rotonda Ladislao Cabrera y Panamericana",
        "oneway": "yes",
        "ref": "F19",
        "surface": "paved"
      },
      "geometry": {
        "type": "LineString",
        "coordinates": [
          [
            -68.1782348,
            -16.5212037
          ],
          [
            -68.1782536,
            -16.5211587
          ]
        ]
      },
      "id": "way/707413184"
    },
    {
      "type": "Feature",
      "properties": {
        "@id": "way/707413186",
        "highway": "trunk",
        "lanes": "2",
        "maxspeed": "80",
        "name": "Avenida Ladislao Cabrera",
        "oneway": "yes",
        "ref": "F19",
        "source": "yahoo",
        "surface": "concrete"
      },
      "geometry": {
        "type": "LineString",
        "coordinates": [
          [
            -68.1899477,
            -16.5337359
          ],
          [
            -68.1894254,
            -16.5332173
          ],
          [
            -68.1892928,
            -16.5331149
          ]
        ]
      },
      "id": "way/707413186"
    },
    {
      "type": "Feature",
      "properties": {
        "@id": "way/707413187",
        "highway": "trunk",
        "lanes": "2",
        "name": "Avenida Ladislao Cabrera",
        "oneway": "yes",
        "ref": "F19",
        "surface": "concrete"
      },
      "geometry": {
        "type": "LineString",
        "coordinates": [
          [
            -68.1920433,
            -16.5359994
          ],
          [
            -68.1918672,
            -16.53584
          ],
          [
            -68.1917288,
            -16.5356921
          ],
          [
            -68.1914108,
            -16.5353597
          ]
        ]
      },
      "id": "way/707413187"
    },
    {
      "type": "Feature",
      "properties": {
        "@id": "way/707413188",
        "highway": "trunk",
        "lanes": "2",
        "maxspeed": "80",
        "name": "Avenida Ladislao Cabrera",
        "oneway": "no",
        "ref": "F19",
        "surface": "asphalt"
      },
      "geometry": {
        "type": "LineString",
        "coordinates": [
          [
            -68.1922029,
            -16.5361687
          ],
          [
            -68.1923365,
            -16.5363145
          ],
          [
            -68.1926783,
            -16.5366877
          ],
          [
            -68.1928739,
            -16.5369013
          ],
          [
            -68.193377,
            -16.5374278
          ],
          [
            -68.1940305,
            -16.5381182
          ]
        ]
      },
      "id": "way/707413188"
    },
    {
      "type": "Feature",
      "properties": {
        "@id": "way/707413189",
        "highway": "trunk",
        "lanes": "2",
        "name": "Avenida Ladislao Cabrera",
        "oneway": "yes",
        "ref": "F19",
        "source": "yahoo",
        "surface": "concrete"
      },
      "geometry": {
        "type": "LineString",
        "coordinates": [
          [
            -68.1919277,
            -16.5357911
          ],
          [
            -68.1920433,
            -16.5359994
          ]
        ]
      },
      "id": "way/707413189"
    },
    {
      "type": "Feature",
      "properties": {
        "@id": "way/707413191",
        "highway": "primary",
        "junction": "roundabout",
        "lanes": "3",
        "surface": "concrete"
      },
      "geometry": {
        "type": "LineString",
        "coordinates": [
          [
            -68.1903498,
            -16.5347798
          ],
          [
            -68.1903306,
            -16.5347463
          ],
          [
            -68.1903152,
            -16.5347054
          ],
          [
            -68.1903069,
            -16.5346626
          ],
          [
            -68.1903062,
            -16.534619
          ],
          [
            -68.1903146,
            -16.5345698
          ],
          [
            -68.1903325,
            -16.534523
          ],
          [
            -68.1903593,
            -16.5344802
          ],
          [
            -68.1903941,
            -16.5344431
          ],
          [
            -68.1904355,
            -16.534413
          ],
          [
            -68.1904822,
            -16.5343908
          ],
          [
            -68.1905323,
            -16.5343776
          ],
          [
            -68.1905842,
            -16.5343736
          ],
          [
            -68.1906359,
            -16.5343791
          ],
          [
            -68.1906856,
            -16.5343938
          ],
          [
            -68.1907242,
            -16.5344128
          ],
          [
            -68.1907592,
            -16.5344374
          ],
          [
            -68.1907933,
            -16.5344711
          ],
          [
            -68.1908206,
            -16.5345101
          ],
          [
            -68.1908376,
            -16.534546
          ],
          [
            -68.1908488,
            -16.5345839
          ],
          [
            -68.1908544,
            -16.5346336
          ],
          [
            -68.19085,
            -16.5346835
          ],
          [
            -68.1908358,
            -16.5347317
          ],
          [
            -68.1908124,
            -16.5347765
          ],
          [
            -68.1907805,
            -16.5348162
          ],
          [
            -68.1907414,
            -16.5348493
          ],
          [
            -68.1906964,
            -16.5348748
          ],
          [
            -68.1906472,
            -16.5348916
          ],
          [
            -68.1905956,
            -16.5348992
          ],
          [
            -68.1905434,
            -16.5348973
          ],
          [
            -68.1904926,
            -16.5348859
          ],
          [
            -68.1904449,
            -16.5348656
          ],
          [
            -68.1904022,
            -16.5348369
          ],
          [
            -68.1903738,
            -16.5348102
          ],
          [
            -68.1903498,
            -16.5347798
          ]
        ]
      },
      "id": "way/707413191"
    },
    {
      "type": "Feature",
      "properties": {
        "@id": "way/707413193",
        "highway": "primary",
        "lanes": "3",
        "name": "Avenida Bolivia",
        "oneway": "yes",
        "source": "bing",
        "surface": "asphalt"
      },
      "geometry": {
        "type": "LineString",
        "coordinates": [
          [
            -68.1913277,
            -16.5340195
          ],
          [
            -68.1911951,
            -16.5341446
          ],
          [
            -68.1911687,
            -16.5341695
          ]
        ]
      },
      "id": "way/707413193"
    },
    {
      "type": "Feature",
      "properties": {
        "@id": "way/707413202",
        "hgv": "designated",
        "highway": "primary",
        "lanes": "2",
        "maxspeed": "40",
        "name": "Avenida Litoral",
        "oneway": "yes",
        "surface": "asphalt"
      },
      "geometry": {
        "type": "LineString",
        "coordinates": [
          [
            -68.2022749,
            -16.5387454
          ],
          [
            -68.2035984,
            -16.5375928
          ],
          [
            -68.2046437,
            -16.5366342
          ]
        ]
      },
      "id": "way/707413202"
    },
    {
      "type": "Feature",
      "properties": {
        "@id": "way/707413203",
        "highway": "trunk",
        "lanes": "2",
        "maxspeed": "80",
        "name": "Avenida Ladislao Cabrera",
        "oneway": "no",
        "ref": "F19",
        "source": "yahoo, bing",
        "surface": "asphalt"
      },
      "geometry": {
        "type": "LineString",
        "coordinates": [
          [
            -68.1940305,
            -16.5381182
          ],
          [
            -68.1942605,
            -16.5383783
          ],
          [
            -68.1945135,
            -16.538647
          ],
          [
            -68.1949893,
            -16.5391827
          ],
          [
            -68.1954114,
            -16.539658
          ],
          [
            -68.1964912,
            -16.5408422
          ],
          [
            -68.1968562,
            -16.5412119
          ],
          [
            -68.1973113,
            -16.5416875
          ],
          [
            -68.1980154,
            -16.5424596
          ]
        ]
      },
      "id": "way/707413203"
    },
    {
      "type": "Feature",
      "properties": {
        "@id": "way/708668570",
        "highway": "primary",
        "lanes": "1",
        "name": "Calle José Manuel Pando",
        "oneway": "no",
        "source": "Yahoo",
        "surface": "unpaved"
      },
      "geometry": {
        "type": "LineString",
        "coordinates": [
          [
            -68.2107391,
            -16.5055182
          ],
          [
            -68.2108404,
            -16.5054854
          ]
        ]
      },
      "id": "way/708668570"
    },
    {
      "type": "Feature",
      "properties": {
        "@id": "way/708668571",
        "hgv": "no",
        "highway": "primary",
        "lanes": "2",
        "name": "Avenida Costanera",
        "oneway": "yes",
        "surface": "concrete:plates"
      },
      "geometry": {
        "type": "LineString",
        "coordinates": [
          [
            -68.2129665,
            -16.5098488
          ],
          [
            -68.2128559,
            -16.5096139
          ],
          [
            -68.2119576,
            -16.5077948
          ],
          [
            -68.2117589,
            -16.5074222
          ],
          [
            -68.2107391,
            -16.5055182
          ]
        ]
      },
      "id": "way/708668571"
    },
    {
      "type": "Feature",
      "properties": {
        "@id": "way/708668572",
        "highway": "primary",
        "lanes": "2",
        "name": "Avenida Costanera",
        "oneway": "yes",
        "surface": "concrete:plates"
      },
      "geometry": {
        "type": "LineString",
        "coordinates": [
          [
            -68.211124,
            -16.5053446
          ],
          [
            -68.2111355,
            -16.5054474
          ],
          [
            -68.211166,
            -16.50555
          ],
          [
            -68.2116509,
            -16.5065406
          ],
          [
            -68.2122959,
            -16.50763
          ],
          [
            -68.2123591,
            -16.507717
          ],
          [
            -68.212928,
            -16.5086691
          ],
          [
            -68.2129997,
            -16.5088546
          ],
          [
            -68.2130635,
            -16.5090224
          ],
          [
            -68.2131289,
            -16.5091999
          ]
        ]
      },
      "id": "way/708668572"
    },
    {
      "type": "Feature",
      "properties": {
        "@id": "way/708668576",
        "hgv": "designated",
        "highway": "primary",
        "lanes": "2",
        "name": "Avenida Costanera",
        "oneway": "yes",
        "surface": "concrete"
      },
      "geometry": {
        "type": "LineString",
        "coordinates": [
          [
            -68.2145278,
            -16.5108391
          ],
          [
            -68.2150862,
            -16.5112493
          ],
          [
            -68.2154947,
            -16.5115907
          ],
          [
            -68.2158309,
            -16.5119297
          ],
          [
            -68.2169846,
            -16.513157
          ],
          [
            -68.2170677,
            -16.5132518
          ]
        ]
      },
      "id": "way/708668576"
    },
    {
      "type": "Feature",
      "properties": {
        "@id": "way/709065285",
        "highway": "primary",
        "name": "Avenida Sucre A",
        "oneway": "yes",
        "ref": "F41",
        "source": "yahoo"
      },
      "geometry": {
        "type": "LineString",
        "coordinates": [
          [
            -68.1917122,
            -16.4868328
          ],
          [
            -68.1916931,
            -16.4867672
          ]
        ]
      },
      "id": "way/709065285"
    },
    {
      "type": "Feature",
      "properties": {
        "@id": "way/709072993",
        "bicycle": "yes",
        "highway": "primary",
        "lanes": "3",
        "maxspeed:type": "BO:urban",
        "motor_vehicle:conditional": "no @ (Su 09:00-13:00)",
        "name": "Rotonda Obelisco",
        "oneway": "yes",
        "surface": "asphalt",
        "wheelchair": "limited"
      },
      "geometry": {
        "type": "LineString",
        "coordinates": [
          [
            -68.1546269,
            -16.5161081
          ],
          [
            -68.1546047,
            -16.5160316
          ],
          [
            -68.1546017,
            -16.5159646
          ],
          [
            -68.1546121,
            -16.5158656
          ],
          [
            -68.1546564,
            -16.5157666
          ],
          [
            -68.1547323,
            -16.515688
          ],
          [
            -68.1548204,
            -16.5156268
          ],
          [
            -68.1548945,
            -16.5155813
          ]
        ]
      },
      "id": "way/709072993"
    },
    {
      "type": "Feature",
      "properties": {
        "@id": "way/719502872",
        "highway": "primary",
        "lanes": "2",
        "oneway": "yes",
        "surface": "concrete"
      },
      "geometry": {
        "type": "LineString",
        "coordinates": [
          [
            -68.1918672,
            -16.53584
          ],
          [
            -68.1916012,
            -16.5357677
          ],
          [
            -68.1914437,
            -16.5356078
          ],
          [
            -68.1913182,
            -16.5354609
          ],
          [
            -68.1910004,
            -16.5352177
          ],
          [
            -68.1905593,
            -16.534974
          ],
          [
            -68.1904449,
            -16.5348656
          ]
        ]
      },
      "id": "way/719502872"
    },
    {
      "type": "Feature",
      "properties": {
        "@id": "way/729185375",
        "highway": "trunk",
        "lanes": "4",
        "maxspeed": "80",
        "name": "Avenida Juan Pablo II",
        "oneway": "yes",
        "ref": "F2",
        "smoothness": "intermediate",
        "surface": "asphalt",
        "turn:lanes": "left|none|none|none"
      },
      "geometry": {
        "type": "LineString",
        "coordinates": [
          [
            -68.1979656,
            -16.4925617
          ],
          [
            -68.1985559,
            -16.4923052
          ],
          [
            -68.1986969,
            -16.4922435
          ]
        ]
      },
      "id": "way/729185375"
    },
    {
      "type": "Feature",
      "properties": {
        "@id": "way/729185376",
        "highway": "trunk",
        "lanes": "3",
        "maxspeed": "80",
        "name": "Avenida Juan Pablo II",
        "oneway": "yes",
        "ref": "F2",
        "smoothness": "intermediate",
        "surface": "asphalt"
      },
      "geometry": {
        "type": "LineString",
        "coordinates": [
          [
            -68.1986969,
            -16.4922435
          ],
          [
            -68.2003543,
            -16.4915143
          ],
          [
            -68.2011263,
            -16.4912236
          ],
          [
            -68.2013848,
            -16.4911538
          ],
          [
            -68.2015318,
            -16.4911079
          ],
          [
            -68.2016441,
            -16.4910838
          ],
          [
            -68.2020548,
            -16.4910025
          ],
          [
            -68.2022389,
            -16.4909724
          ]
        ]
      },
      "id": "way/729185376"
    },
    {
      "type": "Feature",
      "properties": {
        "@id": "way/734885431",
        "highway": "primary",
        "lanes": "2",
        "name": "Avenida Julio Cesar Valdez",
        "oneway": "yes",
        "source": "bing",
        "surface": "concrete"
      },
      "geometry": {
        "type": "LineString",
        "coordinates": [
          [
            -68.198431,
            -16.5242926
          ],
          [
            -68.1980115,
            -16.5241547
          ],
          [
            -68.1974708,
            -16.5240005
          ],
          [
            -68.1970277,
            -16.5238289
          ],
          [
            -68.1965546,
            -16.5236395
          ],
          [
            -68.1958456,
            -16.5233432
          ],
          [
            -68.195384,
            -16.5231829
          ],
          [
            -68.1949224,
            -16.5229973
          ],
          [
            -68.1944252,
            -16.5228034
          ],
          [
            -68.1932412,
            -16.5223364
          ],
          [
            -68.1931433,
            -16.5223
          ],
          [
            -68.1930259,
            -16.5222563
          ],
          [
            -68.1926586,
            -16.5221069
          ],
          [
            -68.1922474,
            -16.5219375
          ],
          [
            -68.1918074,
            -16.5217339
          ],
          [
            -68.1909042,
            -16.5212892
          ],
          [
            -68.1904501,
            -16.5210835
          ],
          [
            -68.1899668,
            -16.5208731
          ],
          [
            -68.1895014,
            -16.5206468
          ],
          [
            -68.1883373,
            -16.5201048
          ],
          [
            -68.1880778,
            -16.519984
          ],
          [
            -68.1876296,
            -16.5197585
          ],
          [
            -68.1871453,
            -16.5195289
          ],
          [
            -68.1861607,
            -16.5190674
          ],
          [
            -68.1852646,
            -16.5186336
          ],
          [
            -68.1838889,
            -16.5179933
          ],
          [
            -68.183753,
            -16.5179306
          ],
          [
            -68.1836688,
            -16.517892
          ],
          [
            -68.1832559,
            -16.5177027
          ],
          [
            -68.1829726,
            -16.5175675
          ],
          [
            -68.1827287,
            -16.517451
          ],
          [
            -68.1826641,
            -16.5174202
          ],
          [
            -68.1821883,
            -16.5171948
          ],
          [
            -68.1812635,
            -16.5167567
          ],
          [
            -68.1811945,
            -16.5167245
          ],
          [
            -68.180593,
            -16.5164442
          ],
          [
            -68.1804095,
            -16.5163572
          ],
          [
            -68.1799626,
            -16.5161453
          ],
          [
            -68.1799252,
            -16.5161248
          ],
          [
            -68.1799071,
            -16.5161056
          ],
          [
            -68.1799024,
            -16.5160708
          ]
        ]
      },
      "id": "way/734885431"
    },
    {
      "type": "Feature",
      "properties": {
        "@id": "way/734885433",
        "highway": "primary",
        "lanes": "2",
        "name": "Avenida Julio Cesar Valdez",
        "oneway": "yes",
        "surface": "concrete"
      },
      "geometry": {
        "type": "LineString",
        "coordinates": [
          [
            -68.1985925,
            -16.5241863
          ],
          [
            -68.1987595,
            -16.5242549
          ],
          [
            -68.1990966,
            -16.5244269
          ],
          [
            -68.199526,
            -16.5246658
          ],
          [
            -68.1997777,
            -16.5247995
          ],
          [
            -68.1998751,
            -16.5248512
          ],
          [
            -68.1999204,
            -16.5248747
          ],
          [
            -68.1999509,
            -16.5248861
          ],
          [
            -68.2000174,
            -16.5248884
          ],
          [
            -68.2002532,
            -16.5248311
          ]
        ]
      },
      "id": "way/734885433"
    },
    {
      "type": "Feature",
      "properties": {
        "@id": "way/742703627",
        "highway": "trunk",
        "lanes": "3",
        "maxspeed": "80",
        "name": "Avenida Juan Pablo II",
        "oneway": "yes",
        "ref": "F2",
        "smoothness": "intermediate",
        "surface": "asphalt"
      },
      "geometry": {
        "type": "LineString",
        "coordinates": [
          [
            -68.1719014,
            -16.5006005
          ],
          [
            -68.1733949,
            -16.5002067
          ],
          [
            -68.1747754,
            -16.4998428
          ],
          [
            -68.1748681,
            -16.4998183
          ],
          [
            -68.1750324,
            -16.499775
          ],
          [
            -68.175104,
            -16.4997561
          ],
          [
            -68.1769201,
            -16.4992773
          ],
          [
            -68.1788205,
            -16.4987763
          ],
          [
            -68.1792303,
            -16.4986682
          ]
        ]
      },
      "id": "way/742703627"
    },
    {
      "type": "Feature",
      "properties": {
        "@id": "way/742703629",
        "highway": "trunk",
        "lanes": "3",
        "maxspeed": "80",
        "name": "Avenida Juan Pablo II",
        "oneway": "yes",
        "ref": "F2",
        "smoothness": "intermediate",
        "surface": "asphalt"
      },
      "geometry": {
        "type": "LineString",
        "coordinates": [
          [
            -68.1799966,
            -16.4984597
          ],
          [
            -68.1805787,
            -16.4983014
          ],
          [
            -68.1807124,
            -16.498265
          ],
          [
            -68.1808529,
            -16.4982274
          ],
          [
            -68.1826359,
            -16.4977505
          ],
          [
            -68.184436,
            -16.4972599
          ],
          [
            -68.1845929,
            -16.4972144
          ],
          [
            -68.1864325,
            -16.4967112
          ],
          [
            -68.1879962,
            -16.4962753
          ],
          [
            -68.188288,
            -16.4961963
          ],
          [
            -68.1900485,
            -16.4957146
          ],
          [
            -68.1902414,
            -16.495662
          ],
          [
            -68.1917658,
            -16.4952435
          ],
          [
            -68.1921272,
            -16.4951348
          ],
          [
            -68.1924686,
            -16.495012
          ],
          [
            -68.1927022,
            -16.4949143
          ],
          [
            -68.1938902,
            -16.4943446
          ],
          [
            -68.1939435,
            -16.4943183
          ]
        ]
      },
      "id": "way/742703629"
    },
    {
      "type": "Feature",
      "properties": {
        "@id": "way/742705588",
        "highway": "trunk",
        "lanes": "3",
        "maxspeed": "80",
        "name": "Avenida Juan Pablo II",
        "oneway": "yes",
        "ref": "F2",
        "smoothness": "intermediate",
        "surface": "asphalt"
      },
      "geometry": {
        "type": "LineString",
        "coordinates": [
          [
            -68.1719879,
            -16.5007477
          ],
          [
            -68.1718124,
            -16.5007948
          ],
          [
            -68.1716175,
            -16.5008471
          ],
          [
            -68.169964,
            -16.5012907
          ],
          [
            -68.1699025,
            -16.5013083
          ]
        ]
      },
      "id": "way/742705588"
    },
    {
      "type": "Feature",
      "properties": {
        "@id": "way/742705589",
        "highway": "trunk",
        "lanes": "4",
        "maxspeed": "80",
        "name": "Avenida Juan Pablo II",
        "oneway": "yes",
        "ref": "F2",
        "surface": "asphalt"
      },
      "geometry": {
        "type": "LineString",
        "coordinates": [
          [
            -68.1699025,
            -16.5013083
          ],
          [
            -68.1680243,
            -16.5018404
          ]
        ]
      },
      "id": "way/742705589"
    },
    {
      "type": "Feature",
      "properties": {
        "@id": "way/742705590",
        "highway": "trunk",
        "lanes": "4",
        "maxspeed": "80",
        "name": "Avenida Juan Pablo II",
        "oneway": "yes",
        "ref": "F2",
        "smoothness": "intermediate",
        "surface": "asphalt",
        "turn:lanes": "left|none|none|none"
      },
      "geometry": {
        "type": "LineString",
        "coordinates": [
          [
            -68.1679366,
            -16.5016913
          ],
          [
            -68.1693033,
            -16.5013237
          ],
          [
            -68.1699181,
            -16.5011496
          ],
          [
            -68.1713851,
            -16.5007342
          ]
        ]
      },
      "id": "way/742705590"
    },
    {
      "type": "Feature",
      "properties": {
        "@id": "way/742705597",
        "destination": "La Paz;La Cumbre;Coroico;Caranavi",
        "highway": "trunk",
        "lanes": "3",
        "maxspeed": "80",
        "name": "Avenida Juan Pablo II",
        "oneway": "yes",
        "ref": "F2",
        "smoothness": "intermediate",
        "surface": "asphalt"
      },
      "geometry": {
        "type": "LineString",
        "coordinates": [
          [
            -68.1651127,
            -16.5026721
          ],
          [
            -68.1645323,
            -16.5028207
          ],
          [
            -68.1642857,
            -16.502908
          ],
          [
            -68.1640715,
            -16.5030041
          ],
          [
            -68.1638313,
            -16.5031118
          ]
        ]
      },
      "id": "way/742705597"
    },
    {
      "type": "Feature",
      "properties": {
        "@id": "way/753123317",
        "highway": "trunk",
        "lanes": "4",
        "lanes:backward": "2",
        "lanes:forward": "2",
        "maxspeed": "80",
        "name": "Avenida Ladislao Cabrera",
        "oneway": "no",
        "ref": "F19",
        "separation": "bump",
        "sidewalk": "left",
        "surface": "asphalt"
      },
      "geometry": {
        "type": "LineString",
        "coordinates": [
          [
            -68.1673291,
            -16.516241
          ],
          [
            -68.1683896,
            -16.5162857
          ],
          [
            -68.169629,
            -16.5163379
          ],
          [
            -68.1708703,
            -16.5163902
          ]
        ]
      },
      "id": "way/753123317"
    },
    {
      "type": "Feature",
      "properties": {
        "@id": "way/753123318",
        "highway": "primary",
        "lanes": "2",
        "name": "Avenida J. J. Morales",
        "oneway": "no",
        "surface": "concrete"
      },
      "geometry": {
        "type": "LineString",
        "coordinates": [
          [
            -68.1740644,
            -16.5163094
          ],
          [
            -68.17413,
            -16.5162696
          ],
          [
            -68.1741998,
            -16.5162597
          ],
          [
            -68.175103,
            -16.5162168
          ],
          [
            -68.1753896,
            -16.516208
          ],
          [
            -68.1762879,
            -16.5161807
          ],
          [
            -68.1767882,
            -16.516174
          ],
          [
            -68.1774487,
            -16.5161454
          ],
          [
            -68.1782037,
            -16.5161225
          ],
          [
            -68.1786116,
            -16.5161101
          ],
          [
            -68.1795248,
            -16.5160823
          ],
          [
            -68.1797521,
            -16.5160754
          ],
          [
            -68.1799024,
            -16.5160708
          ]
        ]
      },
      "id": "way/753123318"
    },
    {
      "type": "Feature",
      "properties": {
        "@id": "way/753123320",
        "highway": "trunk",
        "lanes": "3",
        "maxspeed": "80",
        "name": "Avenida Ladislao Cabrera",
        "oneway": "yes",
        "ref": "F19",
        "surface": "concrete"
      },
      "geometry": {
        "type": "LineString",
        "coordinates": [
          [
            -68.1740026,
            -16.5165865
          ],
          [
            -68.1739277,
            -16.5165635
          ],
          [
            -68.1738169,
            -16.5165531
          ],
          [
            -68.1737405,
            -16.5165517
          ],
          [
            -68.1736564,
            -16.5165501
          ]
        ]
      },
      "id": "way/753123320"
    },
    {
      "type": "Feature",
      "properties": {
        "@id": "way/753556774",
        "cycleway:right": "shared_lane",
        "cycleway:right:lane": "pictogram",
        "highway": "primary",
        "lanes": "2",
        "maxspeed:type": "BO:urban",
        "name": "Avenida Polo de Ondergardo",
        "oneway": "yes",
        "sidewalk": "both",
        "surface": "concrete",
        "wheelchair": "limited"
      },
      "geometry": {
        "type": "LineString",
        "coordinates": [
          [
            -68.1543847,
            -16.5143813
          ],
          [
            -68.1540604,
            -16.5136118
          ],
          [
            -68.1538468,
            -16.5131108
          ],
          [
            -68.1538049,
            -16.5130419
          ],
          [
            -68.1537717,
            -16.5130047
          ],
          [
            -68.1536694,
            -16.5129093
          ]
        ]
      },
      "id": "way/753556774"
    },
    {
      "type": "Feature",
      "properties": {
        "@id": "way/756454492",
        "bicycle": "yes",
        "highway": "primary",
        "lanes": "1",
        "motor_vehicle:conditional": "no @ (Su 09:00-13:00)",
        "name": "Avenida Ladislao Cabrera",
        "oneway": "yes",
        "ref": "F19",
        "surface": "concrete:plates"
      },
      "geometry": {
        "type": "LineString",
        "coordinates": [
          [
            -68.1887081,
            -16.5324875
          ],
          [
            -68.1886253,
            -16.5323452
          ],
          [
            -68.1853154,
            -16.5287491
          ],
          [
            -68.1851806,
            -16.5286027
          ],
          [
            -68.183321,
            -16.5265822
          ],
          [
            -68.182255,
            -16.525424
          ],
          [
            -68.18082,
            -16.5238649
          ],
          [
            -68.1786705,
            -16.5215294
          ],
          [
            -68.178616,
            -16.5214702
          ]
        ]
      },
      "id": "way/756454492"
    },
    {
      "type": "Feature",
      "properties": {
        "@id": "way/756454493",
        "highway": "primary",
        "lanes": "2",
        "oneway": "yes",
        "surface": "concrete"
      },
      "geometry": {
        "type": "LineString",
        "coordinates": [
          [
            -68.1892964,
            -16.5328957
          ],
          [
            -68.1899546,
            -16.5334923
          ],
          [
            -68.1906827,
            -16.5342496
          ],
          [
            -68.1906856,
            -16.5343938
          ]
        ]
      },
      "id": "way/756454493"
    },
    {
      "type": "Feature",
      "properties": {
        "@id": "way/756454494",
        "highway": "trunk",
        "lanes": "2",
        "maxspeed": "80",
        "name": "Avenida Ladislao Cabrera",
        "oneway": "yes",
        "ref": "F19",
        "surface": "concrete"
      },
      "geometry": {
        "type": "LineString",
        "coordinates": [
          [
            -68.1914671,
            -16.535311
          ],
          [
            -68.1917597,
            -16.5356021
          ]
        ]
      },
      "id": "way/756454494"
    },
    {
      "type": "Feature",
      "properties": {
        "@id": "way/756454495",
        "highway": "primary",
        "lanes": "2",
        "oneway": "yes",
        "surface": "concrete"
      },
      "geometry": {
        "type": "LineString",
        "coordinates": [
          [
            -68.1908488,
            -16.5345839
          ],
          [
            -68.191838,
            -16.5355742
          ],
          [
            -68.1919277,
            -16.5357911
          ]
        ]
      },
      "id": "way/756454495"
    },
    {
      "type": "Feature",
      "properties": {
        "@id": "way/756454503",
        "highway": "primary",
        "junction": "roundabout",
        "lanes": "4",
        "name": "Plaza Néstor Galindo",
        "oneway": "yes",
        "surface": "asphalt"
      },
      "geometry": {
        "type": "LineString",
        "coordinates": [
          [
            -68.1781661,
            -16.5435722
          ],
          [
            -68.1781132,
            -16.5434895
          ],
          [
            -68.1780877,
            -16.5433956
          ],
          [
            -68.1780919,
            -16.5432986
          ],
          [
            -68.1781253,
            -16.543207
          ],
          [
            -68.1781851,
            -16.5431287
          ],
          [
            -68.1782206,
            -16.5430987
          ],
          [
            -68.1782884,
            -16.5430599
          ],
          [
            -68.1783636,
            -16.543037
          ],
          [
            -68.1784423,
            -16.5430311
          ],
          [
            -68.1785191,
            -16.5430422
          ],
          [
            -68.1785914,
            -16.5430696
          ],
          [
            -68.1786352,
            -16.5430962
          ],
          [
            -68.1786743,
            -16.5431288
          ],
          [
            -68.1787078,
            -16.5431667
          ],
          [
            -68.1787476,
            -16.5432351
          ],
          [
            -68.1787695,
            -16.5433105
          ],
          [
            -68.1787722,
            -16.5433888
          ],
          [
            -68.1787556,
            -16.5434654
          ],
          [
            -68.1787206,
            -16.5435362
          ],
          [
            -68.178681,
            -16.5435854
          ],
          [
            -68.1786326,
            -16.5436266
          ],
          [
            -68.1785704,
            -16.5436612
          ],
          [
            -68.1785022,
            -16.5436827
          ],
          [
            -68.1784307,
            -16.5436901
          ],
          [
            -68.1783604,
            -16.5436834
          ],
          [
            -68.1783004,
            -16.5436659
          ],
          [
            -68.1782447,
            -16.5436384
          ],
          [
            -68.1781661,
            -16.5435722
          ]
        ]
      },
      "id": "way/756454503"
    },
    {
      "type": "Feature",
      "properties": {
        "@id": "way/756454504",
        "highway": "primary",
        "lanes": "3",
        "maxspeed:type": "BO:urban",
        "name": "Avenida Bolivia",
        "oneway": "yes",
        "source": "yahoo",
        "surface": "asphalt"
      },
      "geometry": {
        "type": "LineString",
        "coordinates": [
          [
            -68.1775804,
            -16.5440459
          ],
          [
            -68.1781661,
            -16.5435722
          ]
        ]
      },
      "id": "way/756454504"
    },
    {
      "type": "Feature",
      "properties": {
        "@id": "way/756454505",
        "highway": "primary",
        "lanes": "1",
        "lit": "yes",
        "maxspeed:type": "BO:urban",
        "name": "Avenida Bolivia",
        "oneway": "yes",
        "surface": "asphalt"
      },
      "geometry": {
        "type": "LineString",
        "coordinates": [
          [
            -68.1776597,
            -16.5441227
          ],
          [
            -68.1774665,
            -16.5442247
          ]
        ]
      },
      "id": "way/756454505"
    },
    {
      "type": "Feature",
      "properties": {
        "@id": "way/756665264",
        "highway": "primary",
        "junction": "roundabout",
        "lanes": "2",
        "oneway": "yes",
        "source": "yahoo;bing",
        "surface": "concrete"
      },
      "geometry": {
        "type": "LineString",
        "coordinates": [
          [
            -68.1746937,
            -16.4689534
          ],
          [
            -68.1746497,
            -16.4689484
          ],
          [
            -68.174611,
            -16.4689277
          ],
          [
            -68.1745836,
            -16.4688943
          ],
          [
            -68.1745716,
            -16.4688534
          ],
          [
            -68.1745768,
            -16.4688112
          ]
        ]
      },
      "id": "way/756665264"
    },
    {
      "type": "Feature",
      "properties": {
        "@id": "way/756779743",
        "highway": "trunk",
        "lanes": "4",
        "maxspeed": "80",
        "name": "Avenida Juan Pablo II",
        "oneway": "yes",
        "ref": "F2",
        "smoothness": "intermediate",
        "surface": "asphalt",
        "turn:lanes": "left|none|none|none"
      },
      "geometry": {
        "type": "LineString",
        "coordinates": [
          [
            -68.1644671,
            -16.5027285
          ],
          [
            -68.1648798,
            -16.5026074
          ],
          [
            -68.1667788,
            -16.5020502
          ],
          [
            -68.1679366,
            -16.5016913
          ]
        ]
      },
      "id": "way/756779743"
    },
    {
      "type": "Feature",
      "properties": {
        "@id": "way/756811142",
        "highway": "trunk",
        "lanes": "2",
        "maxspeed": "80",
        "name": "Avenida Panamericana",
        "oneway": "yes",
        "ref": "F2",
        "shoulder": "right",
        "smoothness": "intermediate",
        "source": "yahoo",
        "surface": "asphalt"
      },
      "geometry": {
        "type": "LineString",
        "coordinates": [
          [
            -68.2325469,
            -16.4848328
          ],
          [
            -68.2319969,
            -16.4849527
          ],
          [
            -68.2310693,
            -16.4851549
          ],
          [
            -68.2300991,
            -16.4853664
          ],
          [
            -68.229286,
            -16.4855469
          ],
          [
            -68.2283737,
            -16.4857423
          ]
        ]
      },
      "id": "way/756811142"
    },
    {
      "type": "Feature",
      "properties": {
        "@id": "way/757096978",
        "bridge": "yes",
        "highway": "primary",
        "layer": "1",
        "name": "Avenida Estructurante",
        "oneway": "yes",
        "source": "bing",
        "surface": "concrete"
      },
      "geometry": {
        "type": "LineString",
        "coordinates": [
          [
            -68.2096971,
            -16.5552075
          ],
          [
            -68.2096148,
            -16.5552711
          ]
        ]
      },
      "id": "way/757096978"
    },
    {
      "type": "Feature",
      "properties": {
        "@id": "way/759088850",
        "highway": "primary",
        "junction": "roundabout",
        "lanes": "3",
        "surface": "asphalt"
      },
      "geometry": {
        "type": "LineString",
        "coordinates": [
          [
            -68.168865,
            -16.5418284
          ],
          [
            -68.1688522,
            -16.5418653
          ],
          [
            -68.1688318,
            -16.5418988
          ],
          [
            -68.1688047,
            -16.5419276
          ],
          [
            -68.1687719,
            -16.5419504
          ],
          [
            -68.168735,
            -16.5419663
          ]
        ]
      },
      "id": "way/759088850"
    },
    {
      "type": "Feature",
      "properties": {
        "@id": "way/759088851",
        "highway": "primary",
        "junction": "roundabout",
        "lanes": "3",
        "surface": "asphalt"
      },
      "geometry": {
        "type": "LineString",
        "coordinates": [
          [
            -68.1684692,
            -16.5417594
          ],
          [
            -68.1684844,
            -16.5417009
          ],
          [
            -68.1685107,
            -16.5416601
          ],
          [
            -68.1685466,
            -16.5416268
          ],
          [
            -68.16859,
            -16.5416029
          ]
        ]
      },
      "id": "way/759088851"
    },
    {
      "type": "Feature",
      "properties": {
        "@id": "way/759088852",
        "highway": "primary",
        "junction": "roundabout",
        "lanes": "3",
        "surface": "asphalt"
      },
      "geometry": {
        "type": "LineString",
        "coordinates": [
          [
            -68.168735,
            -16.5419663
          ],
          [
            -68.1687181,
            -16.5419706
          ],
          [
            -68.1686851,
            -16.5419763
          ],
          [
            -68.1686342,
            -16.5419741
          ],
          [
            -68.1685843,
            -16.5419604
          ],
          [
            -68.1685408,
            -16.5419334
          ]
        ]
      },
      "id": "way/759088852"
    },
    {
      "type": "Feature",
      "properties": {
        "@id": "way/759908091",
        "bicycle": "yes",
        "highway": "primary",
        "junction": "roundabout",
        "lanes": "2",
        "maxspeed:type": "BO:urban",
        "motor_vehicle:conditional": "no @ (Su 09:00-13:00)",
        "oneway": "yes",
        "surface": "concrete"
      },
      "geometry": {
        "type": "LineString",
        "coordinates": [
          [
            -68.163109,
            -16.5328861
          ],
          [
            -68.1630979,
            -16.5328443
          ],
          [
            -68.1631008,
            -16.5328012
          ],
          [
            -68.1631172,
            -16.5327611
          ],
          [
            -68.1631458,
            -16.5327278
          ],
          [
            -68.1631836,
            -16.5327044
          ],
          [
            -68.1632271,
            -16.5326934
          ]
        ]
      },
      "id": "way/759908091"
    },
    {
      "type": "Feature",
      "properties": {
        "@id": "way/759908127",
        "bicycle": "yes",
        "foot": "yes",
        "highway": "primary",
        "junction": "roundabout",
        "lanes": "2",
        "lit": "yes",
        "maxspeed:type": "BO:urban",
        "motor_vehicle:conditional": "no @ (Su 09:00-13:00)",
        "noname": "yes",
        "shoulder": "left",
        "sidewalk": "no",
        "smoothness": "excellent",
        "surface": "concrete",
        "wheelchair": "limited",
        "width": "10"
      },
      "geometry": {
        "type": "LineString",
        "coordinates": [
          [
            -68.1611236,
            -16.5293442
          ],
          [
            -68.1611458,
            -16.5293968
          ]
        ]
      },
      "id": "way/759908127"
    },
    {
      "type": "Feature",
      "properties": {
        "@id": "way/760061534",
        "highway": "primary",
        "lanes": "2",
        "lit": "yes",
        "maxspeed:type": "BO:urban",
        "name": "Avenida Ciudad Satélite",
        "sidewalk": "both",
        "sidewalk:both:surface": "concrete",
        "smoothness": "good",
        "surface": "asphalt",
        "wheelchair": "limited"
      },
      "geometry": {
        "type": "LineString",
        "coordinates": [
          [
            -68.1575838,
            -16.5210915
          ],
          [
            -68.1576529,
            -16.5210497
          ],
          [
            -68.1580129,
            -16.5208056
          ],
          [
            -68.1589085,
            -16.5201932
          ],
          [
            -68.1589654,
            -16.5201437
          ],
          [
            -68.1589986,
            -16.5201126
          ],
          [
            -68.1591233,
            -16.5200263
          ],
          [
            -68.1593481,
            -16.5198698
          ],
          [
            -68.1597061,
            -16.5196118
          ],
          [
            -68.1601185,
            -16.519327
          ],
          [
            -68.1602432,
            -16.5192377
          ],
          [
            -68.1605992,
            -16.5190011
          ],
          [
            -68.1608327,
            -16.5188493
          ],
          [
            -68.1609411,
            -16.5187743
          ],
          [
            -68.1610404,
            -16.5187109
          ],
          [
            -68.1614522,
            -16.5184299
          ],
          [
            -68.1617425,
            -16.5182316
          ],
          [
            -68.161937,
            -16.5180914
          ],
          [
            -68.1621205,
            -16.5179968
          ],
          [
            -68.1622951,
            -16.5179346
          ],
          [
            -68.1625579,
            -16.5178515
          ],
          [
            -68.1629752,
            -16.517721
          ],
          [
            -68.1632328,
            -16.5176455
          ],
          [
            -68.1636243,
            -16.5175251
          ],
          [
            -68.1636731,
            -16.5174968
          ],
          [
            -68.1636938,
            -16.5174691
          ],
          [
            -68.163716,
            -16.5174369
          ],
          [
            -68.1637755,
            -16.5172943
          ]
        ]
      },
      "id": "way/760061534"
    },
    {
      "type": "Feature",
      "properties": {
        "@id": "way/760434457",
        "bicycle": "yes",
        "foot": "no",
        "highway": "trunk",
        "junction": "circular",
        "lanes": "3",
        "motor_vehicle:conditional": "no @ (Su 09:00-13:00)",
        "name": "Rotonda Ladislao Cabrera y Panamericana",
        "oneway": "yes",
        "ref": "F19",
        "surface": "paved"
      },
      "geometry": {
        "type": "LineString",
        "coordinates": [
          [
            -68.1782536,
            -16.5211587
          ],
          [
            -68.1782953,
            -16.5211086
          ]
        ]
      },
      "id": "way/760434457"
    },
    {
      "type": "Feature",
      "properties": {
        "@id": "way/760434463",
        "bicycle": "yes",
        "highway": "primary",
        "junction": "roundabout",
        "lanes": "2",
        "motor_vehicle:conditional": "no @ (Su 09:00-13:00)",
        "oneway": "yes",
        "surface": "concrete"
      },
      "geometry": {
        "type": "LineString",
        "coordinates": [
          [
            -68.1631613,
            -16.5329467
          ],
          [
            -68.1631306,
            -16.53292
          ],
          [
            -68.163109,
            -16.5328861
          ]
        ]
      },
      "id": "way/760434463"
    },
    {
      "type": "Feature",
      "properties": {
        "@id": "way/760434464",
        "bicycle": "yes",
        "highway": "primary",
        "junction": "roundabout",
        "lanes": "2",
        "maxspeed:type": "BO:urban",
        "motor_vehicle:conditional": "no @ (Su 09:00-13:00)",
        "oneway": "yes",
        "surface": "concrete"
      },
      "geometry": {
        "type": "LineString",
        "coordinates": [
          [
            -68.163386,
            -16.5328477
          ],
          [
            -68.163372,
            -16.5328929
          ],
          [
            -68.1633431,
            -16.532931
          ],
          [
            -68.1633026,
            -16.5329576
          ],
          [
            -68.1632552,
            -16.5329697
          ],
          [
            -68.1632062,
            -16.532966
          ],
          [
            -68.1631613,
            -16.5329467
          ]
        ]
      },
      "id": "way/760434464"
    },
    {
      "type": "Feature",
      "properties": {
        "@id": "way/760434465",
        "bicycle": "yes",
        "foot": "no",
        "highway": "primary",
        "junction": "roundabout",
        "lanes": "2",
        "lit": "yes",
        "maxspeed:type": "BO:urban",
        "motor_vehicle:conditional": "no @ (Su 09:00-13:00)",
        "noname": "yes",
        "shoulder": "left",
        "sidewalk": "no",
        "smoothness": "excellent",
        "surface": "concrete",
        "wheelchair": "limited",
        "width": "9"
      },
      "geometry": {
        "type": "LineString",
        "coordinates": [
          [
            -68.1608599,
            -16.5295201
          ],
          [
            -68.1608097,
            -16.5293979
          ]
        ]
      },
      "id": "way/760434465"
    },
    {
      "type": "Feature",
      "properties": {
        "@id": "way/760434466",
        "bicycle": "yes",
        "foot": "yes",
        "highway": "primary",
        "junction": "roundabout",
        "lanes": "2",
        "lit": "yes",
        "maxspeed:type": "BO:urban",
        "motor_vehicle:conditional": "no @ (Su 09:00-13:00)",
        "noname": "yes",
        "shoulder": "both",
        "sidewalk": "no",
        "smoothness": "excellent",
        "surface": "concrete",
        "wheelchair": "limited",
        "width": "12"
      },
      "geometry": {
        "type": "LineString",
        "coordinates": [
          [
            -68.1611458,
            -16.5293968
          ],
          [
            -68.1611359,
            -16.5294481
          ],
          [
            -68.1611192,
            -16.529482
          ],
          [
            -68.1610808,
            -16.5295218
          ],
          [
            -68.1610304,
            -16.5295466
          ],
          [
            -68.1609743,
            -16.5295534
          ],
          [
            -68.1609215,
            -16.5295422
          ],
          [
            -68.1608599,
            -16.5295201
          ]
        ]
      },
      "id": "way/760434466"
    },
    {
      "type": "Feature",
      "properties": {
        "@id": "way/760704953",
        "alt_name": "Avenida Santa Vera Cruz",
        "bicycle": "yes",
        "highway": "primary",
        "lanes": "3",
        "motor_vehicle:conditional": "no @ (Su 09:00-13:00)",
        "name": "Avenida Sucre",
        "oneway": "yes",
        "ref": "F41",
        "surface": "asphalt"
      },
      "geometry": {
        "type": "LineString",
        "coordinates": [
          [
            -68.1904628,
            -16.4851557
          ],
          [
            -68.1901961,
            -16.4848818
          ],
          [
            -68.1901077,
            -16.4847867
          ],
          [
            -68.1900246,
            -16.4847003
          ],
          [
            -68.189696,
            -16.4843668
          ],
          [
            -68.1896169,
            -16.4842832
          ],
          [
            -68.189228,
            -16.4838725
          ],
          [
            -68.1888582,
            -16.4834882
          ],
          [
            -68.1884573,
            -16.4830716
          ],
          [
            -68.1880262,
            -16.4826236
          ],
          [
            -68.187959,
            -16.4825538
          ],
          [
            -68.1875499,
            -16.4821325
          ]
        ]
      },
      "id": "way/760704953"
    },
    {
      "type": "Feature",
      "properties": {
        "@id": "way/760704954",
        "alt_name": "Avenida Santa Vera Cruz",
        "highway": "primary",
        "lanes": "3",
        "name": "Avenida Sucre",
        "oneway": "yes",
        "ref": "F41",
        "source": "yahoo",
        "surface": "concrete"
      },
      "geometry": {
        "type": "LineString",
        "coordinates": [
          [
            -68.1905659,
            -16.4851194
          ],
          [
            -68.1912381,
            -16.4858111
          ],
          [
            -68.19167,
            -16.486283
          ]
        ]
      },
      "id": "way/760704954"
    },
    {
      "type": "Feature",
      "properties": {
        "@id": "way/760704955",
        "bicycle": "yes",
        "highway": "primary",
        "lanes": "2",
        "motor_vehicle:conditional": "no @ (Su 09:00-13:00)",
        "name": "Avenida Santa Vera Cruz",
        "oneway": "yes",
        "ref": "F41",
        "surface": "asphalt"
      },
      "geometry": {
        "type": "LineString",
        "coordinates": [
          [
            -68.1867378,
            -16.4813107
          ],
          [
            -68.186642,
            -16.4812129
          ],
          [
            -68.1862478,
            -16.4808104
          ],
          [
            -68.1858214,
            -16.4803751
          ],
          [
            -68.1853977,
            -16.4799424
          ],
          [
            -68.1849775,
            -16.4795135
          ],
          [
            -68.1849226,
            -16.4794574
          ]
        ]
      },
      "id": "way/760704955"
    },
    {
      "type": "Feature",
      "properties": {
        "@id": "way/760704956",
        "alt_name": "Avenida Santa Vera Cruz",
        "bicycle": "yes",
        "highway": "primary",
        "lanes": "3",
        "motor_vehicle:conditional": "no @ (Su 09:00-13:00)",
        "name": "Avenida Sucre",
        "oneway": "yes",
        "ref": "F41",
        "surface": "asphalt"
      },
      "geometry": {
        "type": "LineString",
        "coordinates": [
          [
            -68.1876008,
            -16.482049
          ],
          [
            -68.1880975,
            -16.4825633
          ],
          [
            -68.1885197,
            -16.4830005
          ],
          [
            -68.1888954,
            -16.4833896
          ],
          [
            -68.1889226,
            -16.4834177
          ],
          [
            -68.1892809,
            -16.4837888
          ],
          [
            -68.1896864,
            -16.4842099
          ],
          [
            -68.1897804,
            -16.484306
          ],
          [
            -68.190173,
            -16.4847125
          ],
          [
            -68.1902767,
            -16.4848203
          ],
          [
            -68.1905659,
            -16.4851194
          ]
        ]
      },
      "id": "way/760704956"
    },
    {
      "type": "Feature",
      "properties": {
        "@id": "way/760704958",
        "bicycle": "yes",
        "highway": "primary",
        "lanes": "2",
        "motor_vehicle:conditional": "no @ (Su 09:00-13:00)",
        "name": "Avenida Santa Vera Cruz",
        "oneway": "yes",
        "ref": "F41",
        "surface": "asphalt"
      },
      "geometry": {
        "type": "LineString",
        "coordinates": [
          [
            -68.185008,
            -16.4793766
          ],
          [
            -68.1850726,
            -16.4794432
          ],
          [
            -68.1851935,
            -16.4795678
          ],
          [
            -68.1856131,
            -16.4800003
          ],
          [
            -68.186344,
            -16.4807536
          ],
          [
            -68.1867145,
            -16.4811355
          ]
        ]
      },
      "id": "way/760704958"
    },
    {
      "type": "Feature",
      "properties": {
        "@id": "way/760704959",
        "bicycle": "yes",
        "highway": "primary",
        "lanes": "2",
        "motor_vehicle:conditional": "no @ (Su 09:00-13:00)",
        "name": "Avenida Santa Vera Cruz",
        "oneway": "yes",
        "ref": "F41",
        "surface": "concrete"
      },
      "geometry": {
        "type": "LineString",
        "coordinates": [
          [
            -68.1849226,
            -16.4794574
          ],
          [
            -68.1845135,
            -16.4790432
          ],
          [
            -68.1841044,
            -16.4786289
          ],
          [
            -68.1839939,
            -16.478517
          ],
          [
            -68.1836637,
            -16.4781827
          ],
          [
            -68.1828248,
            -16.4773333
          ],
          [
            -68.1825955,
            -16.4771012
          ],
          [
            -68.1824408,
            -16.4769445
          ]
        ]
      },
      "id": "way/760704959"
    },
    {
      "type": "Feature",
      "properties": {
        "@id": "way/760704960",
        "bicycle": "yes",
        "highway": "primary",
        "lanes": "2",
        "motor_vehicle:conditional": "no @ (Su 09:00-13:00)",
        "name": "Avenida Santa Vera Cruz",
        "oneway": "yes",
        "ref": "F41",
        "surface": "concrete"
      },
      "geometry": {
        "type": "LineString",
        "coordinates": [
          [
            -68.1824408,
            -16.4769445
          ],
          [
            -68.1823376,
            -16.4768395
          ],
          [
            -68.1820018,
            -16.4764982
          ],
          [
            -68.1815954,
            -16.4760851
          ],
          [
            -68.1813426,
            -16.475828
          ],
          [
            -68.1811684,
            -16.4756509
          ],
          [
            -68.1807603,
            -16.475236
          ],
          [
            -68.1803505,
            -16.4748193
          ],
          [
            -68.1799339,
            -16.4743958
          ],
          [
            -68.1795069,
            -16.4739617
          ],
          [
            -68.179111,
            -16.4735592
          ],
          [
            -68.1786733,
            -16.4731142
          ]
        ]
      },
      "id": "way/760704960"
    },
    {
      "type": "Feature",
      "properties": {
        "@id": "way/760704961",
        "bicycle": "yes",
        "highway": "primary",
        "lanes": "2",
        "motor_vehicle:conditional": "no @ (Su 09:00-13:00)",
        "name": "Avenida Santa Vera Cruz",
        "oneway": "yes",
        "ref": "F41",
        "surface": "concrete"
      },
      "geometry": {
        "type": "LineString",
        "coordinates": [
          [
            -68.182554,
            -16.4769177
          ],
          [
            -68.1826681,
            -16.4770321
          ],
          [
            -68.1833747,
            -16.47774
          ],
          [
            -68.1837252,
            -16.4780913
          ],
          [
            -68.1840806,
            -16.4784474
          ],
          [
            -68.1844596,
            -16.4788271
          ],
          [
            -68.1848259,
            -16.4791942
          ],
          [
            -68.185008,
            -16.4793766
          ]
        ]
      },
      "id": "way/760704961"
    },
    {
      "type": "Feature",
      "properties": {
        "@id": "way/760869248",
        "highway": "primary",
        "name": "Avenida Sucre A",
        "oneway": "yes",
        "ref": "F41",
        "surface": "asphalt"
      },
      "geometry": {
        "type": "LineString",
        "coordinates": [
          [
            -68.1917685,
            -16.48679
          ],
          [
            -68.1917984,
            -16.4868782
          ],
          [
            -68.1923329,
            -16.4886097
          ],
          [
            -68.1926087,
            -16.4895699
          ]
        ]
      },
      "id": "way/760869248"
    },
    {
      "type": "Feature",
      "properties": {
        "@id": "way/760869249",
        "foot": "yes",
        "highway": "primary",
        "lanes": "3",
        "name": "Avenida Santa Vera Cruz",
        "oneway": "yes",
        "ref": "F41",
        "source": "yahoo",
        "surface": "concrete"
      },
      "geometry": {
        "type": "LineString",
        "coordinates": [
          [
            -68.1915677,
            -16.4863383
          ],
          [
            -68.1915037,
            -16.4862618
          ],
          [
            -68.1912788,
            -16.4859965
          ]
        ]
      },
      "id": "way/760869249"
    },
    {
      "type": "Feature",
      "properties": {
        "@id": "way/760869253",
        "highway": "primary",
        "lanes": "2",
        "name": "Avenida Santa Vera Cruz",
        "oneway": "yes",
        "ref": "F41",
        "source": "yahoo",
        "surface": "concrete"
      },
      "geometry": {
        "type": "LineString",
        "coordinates": [
          [
            -68.1786733,
            -16.4731142
          ],
          [
            -68.1778435,
            -16.4722673
          ],
          [
            -68.1774127,
            -16.4718393
          ],
          [
            -68.1769854,
            -16.4714009
          ],
          [
            -68.1765998,
            -16.4709785
          ],
          [
            -68.1761853,
            -16.4705459
          ],
          [
            -68.1746937,
            -16.4689534
          ]
        ]
      },
      "id": "way/760869253"
    },
    {
      "type": "Feature",
      "properties": {
        "@id": "way/760869255",
        "bicycle": "yes",
        "highway": "primary",
        "lanes": "2",
        "motor_vehicle:conditional": "no @ (Su 09:00-13:00)",
        "name": "Avenida Santa Vera Cruz",
        "oneway": "yes",
        "ref": "F41",
        "surface": "concrete"
      },
      "geometry": {
        "type": "LineString",
        "coordinates": [
          [
            -68.1787453,
            -16.4729609
          ],
          [
            -68.1790815,
            -16.4733102
          ],
          [
            -68.1794576,
            -16.4737009
          ],
          [
            -68.1798339,
            -16.4740918
          ],
          [
            -68.1800513,
            -16.4743177
          ],
          [
            -68.1802041,
            -16.4744765
          ],
          [
            -68.1808792,
            -16.4751778
          ],
          [
            -68.1814215,
            -16.4757412
          ],
          [
            -68.1817971,
            -16.4761315
          ],
          [
            -68.1821674,
            -16.4765161
          ],
          [
            -68.1824128,
            -16.4767711
          ],
          [
            -68.182554,
            -16.4769177
          ]
        ]
      },
      "id": "way/760869255"
    },
    {
      "type": "Feature",
      "properties": {
        "@id": "way/761039785",
        "hgv": "designated",
        "highway": "primary",
        "lanes": "2",
        "name": "Avenida Litoral",
        "oneway": "yes",
        "surface": "asphalt"
      },
      "geometry": {
        "type": "LineString",
        "coordinates": [
          [
            -68.1979053,
            -16.5425724
          ],
          [
            -68.1980154,
            -16.5424596
          ]
        ]
      },
      "id": "way/761039785"
    },
    {
      "type": "Feature",
      "properties": {
        "@id": "way/784955038",
        "alt_name": "Avenida Max Fernandez",
        "bicycle": "yes",
        "foot": "no",
        "highway": "primary",
        "incline": "0%",
        "lanes": "2",
        "lit": "yes",
        "maxspeed:type": "BO:urban",
        "name": "Avenida Panorámica",
        "oneway": "yes",
        "sidewalk": "right",
        "sidewalk:right:surface": "concrete",
        "smoothness": "excellent",
        "surface": "concrete",
        "wheelchair": "limited",
        "width": "8.9"
      },
      "geometry": {
        "type": "LineString",
        "coordinates": [
          [
            -68.1466843,
            -16.5295187
          ],
          [
            -68.146704,
            -16.5295336
          ],
          [
            -68.1470205,
            -16.5298034
          ]
        ]
      },
      "id": "way/784955038"
    },
    {
      "type": "Feature",
      "properties": {
        "@id": "way/784955041",
        "bicycle": "yes",
        "foot": "no",
        "highway": "primary",
        "incline": "0%",
        "lanes": "2",
        "lit": "yes",
        "maxspeed:type": "BO:urban",
        "name": "Avenida Max Fernandez",
        "oneway": "yes",
        "smoothness": "excellent",
        "surface": "concrete",
        "wheelchair": "limited",
        "width": "8"
      },
      "geometry": {
        "type": "LineString",
        "coordinates": [
          [
            -68.1472846,
            -16.5300996
          ],
          [
            -68.1473125,
            -16.5301569
          ],
          [
            -68.1474123,
            -16.5304156
          ],
          [
            -68.1474427,
            -16.5304898
          ],
          [
            -68.1474579,
            -16.5305275
          ],
          [
            -68.1474867,
            -16.5305844
          ]
        ]
      },
      "id": "way/784955041"
    },
    {
      "type": "Feature",
      "properties": {
        "@id": "way/784955043",
        "alt_name": "Avenida Max Fernandez",
        "bicycle": "yes",
        "foot": "no",
        "highway": "primary",
        "incline": "0%",
        "lanes": "2",
        "lit": "yes",
        "maxspeed:type": "BO:urban",
        "name": "Avenida Panorámica",
        "oneway": "yes",
        "parking:lane:left": "no_parking",
        "parking:lane:right": "parallel",
        "sidewalk": "right",
        "sidewalk:right:surface": "concrete",
        "smoothness": "excellent",
        "surface": "concrete",
        "wheelchair": "limited",
        "width": "9"
      },
      "geometry": {
        "type": "LineString",
        "coordinates": [
          [
            -68.1471471,
            -16.5301125
          ],
          [
            -68.1471097,
            -16.5300592
          ],
          [
            -68.1470619,
            -16.5300135
          ],
          [
            -68.1469805,
            -16.5299511
          ],
          [
            -68.1466125,
            -16.5296753
          ],
          [
            -68.1465076,
            -16.5296006
          ],
          [
            -68.1460305,
            -16.5292588
          ],
          [
            -68.1458958,
            -16.529174
          ],
          [
            -68.1456922,
            -16.5290643
          ],
          [
            -68.1456327,
            -16.52903
          ]
        ]
      },
      "id": "way/784955043"
    },
    {
      "type": "Feature",
      "properties": {
        "@id": "way/784955044",
        "bicycle": "yes",
        "foot": "no",
        "highway": "primary",
        "incline": "0%",
        "lanes": "2",
        "lit": "yes",
        "maxspeed:type": "BO:urban",
        "name": "Avenida Panorámica",
        "oneway": "yes",
        "parking:lane:left": "no_parking",
        "parking:lane:right": "parallel",
        "sidewalk": "no",
        "smoothness": "excellent",
        "surface": "concrete",
        "wheelchair": "limited",
        "width": "9"
      },
      "geometry": {
        "type": "LineString",
        "coordinates": [
          [
            -68.14519,
            -16.5283239
          ],
          [
            -68.1451966,
            -16.5282749
          ],
          [
            -68.1452148,
            -16.5282199
          ],
          [
            -68.145238,
            -16.5281716
          ],
          [
            -68.145264,
            -16.5281266
          ],
          [
            -68.1454433,
            -16.5278593
          ],
          [
            -68.1456522,
            -16.5275477
          ],
          [
            -68.1456774,
            -16.5275079
          ]
        ]
      },
      "id": "way/784955044"
    },
    {
      "type": "Feature",
      "properties": {
        "@id": "way/784955045",
        "bicycle": "yes",
        "foot": "no",
        "highway": "primary",
        "incline": "0%",
        "lanes": "2",
        "lit": "yes",
        "maxspeed:type": "BO:urban",
        "name": "Avenida Panorámica",
        "oneway": "yes",
        "parking:lane:left": "no_parking",
        "parking:lane:right": "parallel",
        "smoothness": "excellent",
        "surface": "concrete",
        "wheelchair": "limited",
        "width": "9"
      },
      "geometry": {
        "type": "LineString",
        "coordinates": [
          [
            -68.1460464,
            -16.5269208
          ],
          [
            -68.1461409,
            -16.5267691
          ],
          [
            -68.146188,
            -16.5266934
          ],
          [
            -68.1462576,
            -16.5265831
          ],
          [
            -68.1464786,
            -16.5262333
          ],
          [
            -68.1465385,
            -16.5261384
          ]
        ]
      },
      "id": "way/784955045"
    },
    {
      "type": "Feature",
      "properties": {
        "@id": "way/785594793",
        "alt_name": "Avenida Max Fernandez",
        "bicycle": "yes",
        "foot": "no",
        "highway": "primary",
        "incline": "0%",
        "lanes": "2",
        "lit": "yes",
        "maxspeed:type": "BO:urban",
        "name": "Avenida Panorámica",
        "oneway": "yes",
        "parking:lane:left": "no_parking",
        "parking:lane:right": "parallel",
        "sidewalk": "right",
        "sidewalk:right:surface": "concrete",
        "smoothness": "excellent",
        "surface": "concrete",
        "wheelchair": "limited",
        "width": "8.9"
      },
      "geometry": {
        "type": "LineString",
        "coordinates": [
          [
            -68.1458944,
            -16.5289535
          ],
          [
            -68.1459995,
            -16.5290309
          ],
          [
            -68.146156,
            -16.5291424
          ],
          [
            -68.1463137,
            -16.5292547
          ],
          [
            -68.1464055,
            -16.52932
          ],
          [
            -68.1464464,
            -16.5293492
          ],
          [
            -68.1465915,
            -16.5294526
          ],
          [
            -68.1466843,
            -16.5295187
          ]
        ]
      },
      "id": "way/785594793"
    },
    {
      "type": "Feature",
      "properties": {
        "@id": "way/786008104",
        "bicycle": "yes",
        "highway": "primary",
        "lanes": "2",
        "lit": "yes",
        "maxspeed:type": "BO:urban",
        "motor_vehicle:conditional": "no @ (Su 09:00-13:00)",
        "name": "Avenida Cívica",
        "oneway": "yes",
        "sidewalk": "both",
        "smoothness": "excellent",
        "surface": "concrete",
        "wheelchair": "limited"
      },
      "geometry": {
        "type": "LineString",
        "coordinates": [
          [
            -68.1597242,
            -16.5268254
          ],
          [
            -68.1594191,
            -16.5260945
          ]
        ]
      },
      "id": "way/786008104"
    },
    {
      "type": "Feature",
      "properties": {
        "@id": "way/786008105",
        "bicycle": "yes",
        "highway": "primary",
        "lanes": "2",
        "lit": "yes",
        "maxspeed": "40",
        "motor_vehicle:conditional": "no @ (Su 09:00-13:00)",
        "name": "Avenida Cívica",
        "oneway": "yes",
        "sidewalk": "both",
        "smoothness": "excellent",
        "surface": "concrete",
        "wheelchair": "limited"
      },
      "geometry": {
        "type": "LineString",
        "coordinates": [
          [
            -68.1600836,
            -16.5268659
          ],
          [
            -68.1605183,
            -16.5278857
          ]
        ]
      },
      "id": "way/786008105"
    },
    {
      "type": "Feature",
      "properties": {
        "@id": "way/786008106",
        "bicycle": "yes",
        "highway": "primary",
        "lanes": "2",
        "lit": "yes",
        "maxspeed": "40",
        "motor_vehicle:conditional": "no @ (Su 09:00-13:00)",
        "name": "Avenida Cívica",
        "oneway": "yes",
        "smoothness": "excellent",
        "surface": "concrete",
        "wheelchair": "limited"
      },
      "geometry": {
        "type": "LineString",
        "coordinates": [
          [
            -68.1592333,
            -16.5248942
          ],
          [
            -68.1596699,
            -16.5259325
          ]
        ]
      },
      "id": "way/786008106"
    },
    {
      "type": "Feature",
      "properties": {
        "@id": "way/786008107",
        "bicycle": "yes",
        "highway": "primary",
        "lanes": "2",
        "maxspeed": "40",
        "motor_vehicle:conditional": "no @ (Su 09:00-13:00)",
        "name": "Avenida Cívica",
        "oneway": "yes",
        "smoothness": "excellent",
        "surface": "concrete",
        "wheelchair": "limited"
      },
      "geometry": {
        "type": "LineString",
        "coordinates": [
          [
            -68.1596699,
            -16.5259325
          ],
          [
            -68.1600836,
            -16.5268659
          ]
        ]
      },
      "id": "way/786008107"
    },
    {
      "type": "Feature",
      "properties": {
        "@id": "way/786008108",
        "bicycle": "yes",
        "foot": "no",
        "highway": "primary",
        "lanes": "2",
        "lit": "yes",
        "maxspeed": "40",
        "motor_vehicle:conditional": "no @ (Su 09:00-13:00)",
        "name": "Avenida Cívica",
        "oneway": "no",
        "shoulder": "no",
        "smoothness": "excellent",
        "surface": "concrete",
        "wheelchair": "limited"
      },
      "geometry": {
        "type": "LineString",
        "coordinates": [
          [
            -68.1586724,
            -16.523715
          ],
          [
            -68.1588082,
            -16.5239467
          ]
        ]
      },
      "id": "way/786008108"
    },
    {
      "type": "Feature",
      "properties": {
        "@id": "way/786008110",
        "bicycle": "yes",
        "foot": "no",
        "highway": "primary",
        "lanes": "2",
        "lit": "yes",
        "maxspeed": "40",
        "motor_vehicle:conditional": "no @ (Su 09:00-13:00)",
        "name": "Avenida Cívica",
        "oneway": "yes",
        "shoulder": "no",
        "smoothness": "excellent",
        "surface": "concrete",
        "wheelchair": "limited"
      },
      "geometry": {
        "type": "LineString",
        "coordinates": [
          [
            -68.1584126,
            -16.5230158
          ],
          [
            -68.1585877,
            -16.5234959
          ],
          [
            -68.1586335,
            -16.5236131
          ]
        ]
      },
      "id": "way/786008110"
    },
    {
      "type": "Feature",
      "properties": {
        "@id": "way/786008111",
        "bicycle": "yes",
        "highway": "primary",
        "lanes": "2",
        "lit": "yes",
        "maxspeed": "40",
        "motor_vehicle:conditional": "no @ (Su 09:00-13:00)",
        "name": "Avenida Cívica",
        "oneway": "yes",
        "smoothness": "excellent",
        "surface": "concrete",
        "wheelchair": "limited"
      },
      "geometry": {
        "type": "LineString",
        "coordinates": [
          [
            -68.1580009,
            -16.522047
          ],
          [
            -68.1583731,
            -16.5229229
          ],
          [
            -68.1584126,
            -16.5230158
          ]
        ]
      },
      "id": "way/786008111"
    },
    {
      "type": "Feature",
      "properties": {
        "@id": "way/786008112",
        "bicycle": "yes",
        "highway": "primary",
        "lanes": "2",
        "maxspeed": "40",
        "motor_vehicle:conditional": "no @ (Su 09:00-13:00)",
        "name": "Avenida Cívica",
        "oneway": "yes",
        "smoothness": "excellent",
        "surface": "concrete",
        "wheelchair": "limited"
      },
      "geometry": {
        "type": "LineString",
        "coordinates": [
          [
            -68.1576527,
            -16.5212791
          ],
          [
            -68.1577527,
            -16.5214784
          ],
          [
            -68.1580009,
            -16.522047
          ]
        ]
      },
      "id": "way/786008112"
    },
    {
      "type": "Feature",
      "properties": {
        "@id": "way/786008114",
        "bicycle": "yes",
        "highway": "primary",
        "lanes": "2",
        "lit": "yes",
        "maxspeed:type": "BO:urban",
        "motor_vehicle:conditional": "no @ (Su 09:00-13:00)",
        "name": "Avenida Cívica",
        "oneway": "yes",
        "sidewalk": "both",
        "sidewalk:both:surface": "concrete",
        "smoothness": "excellent",
        "surface": "concrete",
        "wheelchair": "limited"
      },
      "geometry": {
        "type": "LineString",
        "coordinates": [
          [
            -68.1580199,
            -16.5229587
          ],
          [
            -68.1579774,
            -16.5228564
          ],
          [
            -68.1576894,
            -16.5221958
          ]
        ]
      },
      "id": "way/786008114"
    },
    {
      "type": "Feature",
      "properties": {
        "@id": "way/786008115",
        "bicycle": "yes",
        "foot": "no",
        "highway": "primary",
        "lanes": "2",
        "maxspeed:type": "BO:urban",
        "motor_vehicle:conditional": "no @ (Su 09:00-13:00)",
        "name": "Avenida Cívica",
        "oneway": "yes",
        "smoothness": "excellent",
        "surface": "concrete",
        "wheelchair": "limited"
      },
      "geometry": {
        "type": "LineString",
        "coordinates": [
          [
            -68.1583533,
            -16.5237251
          ],
          [
            -68.1583228,
            -16.5236539
          ],
          [
            -68.1582685,
            -16.5235285
          ],
          [
            -68.1582356,
            -16.5234548
          ],
          [
            -68.1581718,
            -16.5233023
          ],
          [
            -68.1581344,
            -16.523211
          ],
          [
            -68.1580199,
            -16.5229587
          ]
        ]
      },
      "id": "way/786008115"
    },
    {
      "type": "Feature",
      "properties": {
        "@id": "way/786008116",
        "bicycle": "yes",
        "foot": "no",
        "highway": "primary",
        "lanes": "2",
        "lit": "yes",
        "maxspeed:type": "BO:urban",
        "motor_vehicle:conditional": "no @ (Su 09:00-13:00)",
        "name": "Avenida Cívica",
        "oneway": "yes",
        "smoothness": "excellent",
        "surface": "concrete",
        "wheelchair": "limited"
      },
      "geometry": {
        "type": "LineString",
        "coordinates": [
          [
            -68.1587693,
            -16.5245953
          ],
          [
            -68.1584528,
            -16.5239501
          ],
          [
            -68.1583978,
            -16.5238242
          ]
        ]
      },
      "id": "way/786008116"
    },
    {
      "type": "Feature",
      "properties": {
        "@id": "way/786008117",
        "bicycle": "yes",
        "highway": "primary",
        "lanes": "2",
        "lit": "yes",
        "maxspeed:type": "BO:urban",
        "motor_vehicle:conditional": "no @ (Su 09:00-13:00)",
        "name": "Avenida Cívica",
        "oneway": "yes",
        "sidewalk": "both",
        "smoothness": "excellent",
        "surface": "concrete",
        "wheelchair": "limited"
      },
      "geometry": {
        "type": "LineString",
        "coordinates": [
          [
            -68.1594191,
            -16.5260945
          ],
          [
            -68.1591059,
            -16.5253642
          ]
        ]
      },
      "id": "way/786008117"
    },
    {
      "type": "Feature",
      "properties": {
        "@id": "way/786008118",
        "bicycle": "yes",
        "foot": "no",
        "highway": "primary",
        "lanes": "2",
        "lit": "yes",
        "maxspeed:type": "BO:urban",
        "motor_vehicle:conditional": "no @ (Su 09:00-13:00)",
        "name": "Avenida Cívica",
        "oneway": "yes",
        "smoothness": "excellent",
        "surface": "concrete",
        "wheelchair": "limited",
        "width": "8.9"
      },
      "geometry": {
        "type": "LineString",
        "coordinates": [
          [
            -68.1600006,
            -16.527539
          ],
          [
            -68.1599663,
            -16.527456
          ],
          [
            -68.1597242,
            -16.5268254
          ]
        ]
      },
      "id": "way/786008118"
    },
    {
      "type": "Feature",
      "properties": {
        "@id": "way/786008121",
        "bicycle": "yes",
        "highway": "primary",
        "lanes": "3",
        "maxspeed": "40",
        "motor_vehicle:conditional": "no @ (Su 09:00-13:00)",
        "name": "Avenida Cívica",
        "oneway": "yes",
        "surface": "concrete",
        "wheelchair": "limited",
        "width": "8.9"
      },
      "geometry": {
        "type": "LineString",
        "coordinates": [
          [
            -68.1617348,
            -16.5308275
          ],
          [
            -68.1615634,
            -16.5305717
          ],
          [
            -68.1610409,
            -16.5298621
          ]
        ]
      },
      "id": "way/786008121"
    },
    {
      "type": "Feature",
      "properties": {
        "@id": "way/786008122",
        "bicycle": "yes",
        "highway": "primary",
        "lanes": "3",
        "maxspeed": "40",
        "motor_vehicle:conditional": "no @ (Su 09:00-13:00)",
        "name": "Avenida Cívica",
        "oneway": "yes",
        "surface": "concrete",
        "wheelchair": "limited"
      },
      "geometry": {
        "type": "LineString",
        "coordinates": [
          [
            -68.1620418,
            -16.5312781
          ],
          [
            -68.1617348,
            -16.5308275
          ]
        ]
      },
      "id": "way/786008122"
    },
    {
      "type": "Feature",
      "properties": {
        "@id": "way/786008123",
        "bicycle": "yes",
        "highway": "primary",
        "lanes": "3",
        "maxspeed": "40",
        "motor_vehicle:conditional": "no @ (Su 09:00-13:00)",
        "name": "Avenida Cívica",
        "oneway": "yes",
        "surface": "concrete",
        "wheelchair": "limited"
      },
      "geometry": {
        "type": "LineString",
        "coordinates": [
          [
            -68.1623427,
            -16.5317362
          ],
          [
            -68.1620418,
            -16.5312781
          ]
        ]
      },
      "id": "way/786008123"
    },
    {
      "type": "Feature",
      "properties": {
        "@id": "way/786008124",
        "bicycle": "yes",
        "highway": "primary",
        "lanes": "3",
        "maxspeed": "40",
        "motor_vehicle:conditional": "no @ (Su 09:00-13:00)",
        "name": "Avenida Cívica",
        "oneway": "yes",
        "surface": "concrete",
        "wheelchair": "limited"
      },
      "geometry": {
        "type": "LineString",
        "coordinates": [
          [
            -68.1626487,
            -16.5321981
          ],
          [
            -68.1625728,
            -16.5320835
          ],
          [
            -68.1623427,
            -16.5317362
          ]
        ]
      },
      "id": "way/786008124"
    },
    {
      "type": "Feature",
      "properties": {
        "@id": "way/786008125",
        "bicycle": "yes",
        "highway": "primary",
        "lanes": "3",
        "maxspeed": "40",
        "motor_vehicle:conditional": "no @ (Su 09:00-13:00)",
        "name": "Avenida Cívica",
        "oneway": "yes",
        "surface": "concrete"
      },
      "geometry": {
        "type": "LineString",
        "coordinates": [
          [
            -68.1629337,
            -16.5326418
          ],
          [
            -68.1626487,
            -16.5321981
          ]
        ]
      },
      "id": "way/786008125"
    },
    {
      "type": "Feature",
      "properties": {
        "@id": "way/786008126",
        "bicycle": "yes",
        "highway": "primary",
        "lanes": "3",
        "lit": "yes",
        "maxspeed": "40",
        "motor_vehicle:conditional": "no @ (Su 09:00-13:00)",
        "name": "Avenida Cívica",
        "oneway": "yes",
        "surface": "concrete"
      },
      "geometry": {
        "type": "LineString",
        "coordinates": [
          [
            -68.163109,
            -16.5328861
          ],
          [
            -68.1629337,
            -16.5326418
          ]
        ]
      },
      "id": "way/786008126"
    },
    {
      "type": "Feature",
      "properties": {
        "@id": "way/786008128",
        "bicycle": "yes",
        "highway": "primary",
        "lanes": "3",
        "maxspeed": "40",
        "motor_vehicle:conditional": "no @ (Su 09:00-13:00)",
        "name": "Avenida Cívica",
        "oneway": "yes",
        "surface": "concrete"
      },
      "geometry": {
        "type": "LineString",
        "coordinates": [
          [
            -68.162849,
            -16.5319774
          ],
          [
            -68.1631479,
            -16.5324294
          ]
        ]
      },
      "id": "way/786008128"
    },
    {
      "type": "Feature",
      "properties": {
        "@id": "way/786008129",
        "bicycle": "yes",
        "highway": "primary",
        "lanes": "3",
        "maxspeed": "40",
        "motor_vehicle:conditional": "no @ (Su 09:00-13:00)",
        "name": "Avenida Cívica",
        "oneway": "yes",
        "surface": "concrete",
        "wheelchair": "limited"
      },
      "geometry": {
        "type": "LineString",
        "coordinates": [
          [
            -68.1625534,
            -16.53152
          ],
          [
            -68.1628053,
            -16.5319097
          ],
          [
            -68.162849,
            -16.5319774
          ]
        ]
      },
      "id": "way/786008129"
    },
    {
      "type": "Feature",
      "properties": {
        "@id": "way/786008130",
        "bicycle": "yes",
        "highway": "primary",
        "lanes": "3",
        "maxspeed": "40",
        "motor_vehicle:conditional": "no @ (Su 09:00-13:00)",
        "name": "Avenida Cívica",
        "oneway": "yes",
        "surface": "concrete",
        "wheelchair": "limited"
      },
      "geometry": {
        "type": "LineString",
        "coordinates": [
          [
            -68.1622634,
            -16.5310734
          ],
          [
            -68.1625534,
            -16.53152
          ]
        ]
      },
      "id": "way/786008130"
    },
    {
      "type": "Feature",
      "properties": {
        "@id": "way/786008131",
        "bicycle": "yes",
        "highway": "primary",
        "lanes": "3",
        "maxspeed": "40",
        "motor_vehicle:conditional": "no @ (Su 09:00-13:00)",
        "name": "Avenida Cívica",
        "oneway": "yes",
        "surface": "concrete",
        "wheelchair": "limited"
      },
      "geometry": {
        "type": "LineString",
        "coordinates": [
          [
            -68.1619656,
            -16.530613
          ],
          [
            -68.1622634,
            -16.5310734
          ]
        ]
      },
      "id": "way/786008131"
    },
    {
      "type": "Feature",
      "properties": {
        "@id": "way/786008132",
        "bicycle": "yes",
        "highway": "primary",
        "lanes": "3",
        "maxspeed": "40",
        "motor_vehicle:conditional": "no @ (Su 09:00-13:00)",
        "name": "Avenida Cívica",
        "oneway": "yes",
        "surface": "concrete",
        "wheelchair": "limited"
      },
      "geometry": {
        "type": "LineString",
        "coordinates": [
          [
            -68.1616518,
            -16.5301477
          ],
          [
            -68.16181,
            -16.5303823
          ],
          [
            -68.1619656,
            -16.530613
          ]
        ]
      },
      "id": "way/786008132"
    },
    {
      "type": "Feature",
      "properties": {
        "@id": "way/786008133",
        "bicycle": "yes",
        "highway": "primary",
        "lanes": "3",
        "lit": "yes",
        "maxspeed": "40",
        "motor_vehicle:conditional": "no @ (Su 09:00-13:00)",
        "name": "Avenida Cívica",
        "oneway": "yes",
        "sidewalk": "both",
        "smoothness": "good",
        "surface": "concrete",
        "wheelchair": "limited"
      },
      "geometry": {
        "type": "LineString",
        "coordinates": [
          [
            -68.161311,
            -16.5296563
          ],
          [
            -68.1616518,
            -16.5301477
          ]
        ]
      },
      "id": "way/786008133"
    },
    {
      "type": "Feature",
      "properties": {
        "@id": "way/786008134",
        "bicycle": "yes",
        "highway": "primary",
        "lanes": "2",
        "lit": "yes",
        "maxspeed:type": "BO:urban",
        "motor_vehicle:conditional": "no @ (Su 09:00-13:00)",
        "name": "Avenida Cívica",
        "oneway": "yes",
        "sidewalk": "both",
        "smoothness": "excellent",
        "surface": "concrete",
        "wheelchair": "limited",
        "width": "9.3"
      },
      "geometry": {
        "type": "LineString",
        "coordinates": [
          [
            -68.1611458,
            -16.5293968
          ],
          [
            -68.161234,
            -16.5295366
          ],
          [
            -68.161311,
            -16.5296563
          ]
        ]
      },
      "id": "way/786008134"
    },
    {
      "type": "Feature",
      "properties": {
        "@id": "way/786008135",
        "bicycle": "yes",
        "highway": "primary",
        "lanes": "2",
        "lit": "yes",
        "maxspeed": "40",
        "motor_vehicle:conditional": "no @ (Su 09:00-13:00)",
        "name": "Avenida Cívica",
        "oneway": "yes",
        "sidewalk": "both",
        "smoothness": "excellent",
        "surface": "concrete",
        "wheelchair": "limited"
      },
      "geometry": {
        "type": "LineString",
        "coordinates": [
          [
            -68.1605183,
            -16.5278857
          ],
          [
            -68.1608936,
            -16.5287989
          ]
        ]
      },
      "id": "way/786008135"
    },
    {
      "type": "Feature",
      "properties": {
        "@id": "way/786008136",
        "bicycle": "yes",
        "highway": "primary",
        "lanes": "2",
        "lit": "yes",
        "maxspeed": "40",
        "motor_vehicle:conditional": "no @ (Su 09:00-13:00)",
        "name": "Avenida Cívica",
        "oneway": "yes",
        "sidewalk": "both",
        "smoothness": "excellent",
        "surface": "concrete",
        "wheelchair": "limited",
        "width": "8.9"
      },
      "geometry": {
        "type": "LineString",
        "coordinates": [
          [
            -68.1608936,
            -16.5287989
          ],
          [
            -68.1610034,
            -16.5290797
          ],
          [
            -68.1610878,
            -16.5292626
          ]
        ]
      },
      "id": "way/786008136"
    },
    {
      "type": "Feature",
      "properties": {
        "@id": "way/786008137",
        "bicycle": "yes",
        "foot": "no",
        "highway": "primary",
        "lanes": "2",
        "lit": "yes",
        "maxspeed:type": "BO:urban",
        "motor_vehicle:conditional": "no @ (Su 09:00-13:00)",
        "name": "Avenida Cívica",
        "oneway": "yes",
        "smoothness": "excellent",
        "surface": "concrete",
        "wheelchair": "limited",
        "width": "8.9"
      },
      "geometry": {
        "type": "LineString",
        "coordinates": [
          [
            -68.1607573,
            -16.529279
          ],
          [
            -68.1607297,
            -16.529216
          ],
          [
            -68.1607095,
            -16.5291679
          ],
          [
            -68.1601962,
            -16.5279913
          ],
          [
            -68.1600659,
            -16.5276853
          ],
          [
            -68.1600387,
            -16.5276262
          ],
          [
            -68.1600006,
            -16.527539
          ]
        ]
      },
      "id": "way/786008137"
    },
    {
      "type": "Feature",
      "properties": {
        "@id": "way/786008139",
        "bicycle": "yes",
        "foot": "yes",
        "highway": "primary",
        "junction": "roundabout",
        "lanes": "2",
        "lit": "yes",
        "maxspeed:type": "BO:urban",
        "motor_vehicle:conditional": "no @ (Su 09:00-13:00)",
        "noname": "yes",
        "shoulder": "both",
        "sidewalk": "no",
        "smoothness": "excellent",
        "surface": "concrete",
        "wheelchair": "limited",
        "width": "9"
      },
      "geometry": {
        "type": "LineString",
        "coordinates": [
          [
            -68.1610878,
            -16.5292626
          ],
          [
            -68.1611236,
            -16.5293442
          ]
        ]
      },
      "id": "way/786008139"
    },
    {
      "type": "Feature",
      "properties": {
        "@id": "way/787158625",
        "alt_name": "Calle 12",
        "bicycle": "yes",
        "foot": "no",
        "highway": "primary",
        "lanes": "2",
        "lit": "yes",
        "maxspeed:type": "BO:urban",
        "name": "Avenida Ciudad Satélite",
        "oneway": "yes",
        "parking:lane:left": "no_parking",
        "parking:lane:right": "parallel",
        "sidewalk": "right",
        "smoothness": "good",
        "surface": "concrete",
        "wheelchair": "limited",
        "width": "6.5"
      },
      "geometry": {
        "type": "LineString",
        "coordinates": [
          [
            -68.1565574,
            -16.5217666
          ],
          [
            -68.1564782,
            -16.5217951
          ],
          [
            -68.1564325,
            -16.5218133
          ],
          [
            -68.1563801,
            -16.5218342
          ]
        ]
      },
      "id": "way/787158625"
    },
    {
      "type": "Feature",
      "properties": {
        "@id": "way/787158626",
        "alt_name": "Calle 12",
        "bicycle": "yes",
        "foot": "no",
        "highway": "primary",
        "lanes": "2",
        "maxspeed:type": "BO:urban",
        "name": "Avenida Ciudad Satélite",
        "oneway": "yes",
        "parking:lane:left": "no_parking",
        "parking:lane:right": "parallel",
        "sidewalk": "right",
        "sidewalk:right:surface": "concrete",
        "smoothness": "good",
        "surface": "concrete",
        "wheelchair": "limited",
        "width": "6.5"
      },
      "geometry": {
        "type": "LineString",
        "coordinates": [
          [
            -68.1565258,
            -16.5216938
          ],
          [
            -68.1568721,
            -16.5215613
          ],
          [
            -68.1573575,
            -16.5213811
          ]
        ]
      },
      "id": "way/787158626"
    },
    {
      "type": "Feature",
      "properties": {
        "@id": "way/788718498",
        "bicycle": "yes",
        "foot": "no",
        "highway": "primary",
        "incline": "0%",
        "lanes": "2",
        "lit": "yes",
        "maxspeed:type": "BO:urban",
        "name": "Avenida Satélite",
        "oneway": "yes",
        "parking:lane:left": "no_parking",
        "parking:lane:right": "no_parking",
        "shoulder": "no",
        "sidewalk": "right",
        "smoothness": "excellent",
        "surface": "concrete",
        "wheelchair": "limited",
        "width": "12"
      },
      "geometry": {
        "type": "LineString",
        "coordinates": [
          [
            -68.1476494,
            -16.5250133
          ],
          [
            -68.147828,
            -16.5250362
          ],
          [
            -68.1479584,
            -16.5250715
          ]
        ]
      },
      "id": "way/788718498"
    },
    {
      "type": "Feature",
      "properties": {
        "@id": "way/788718503",
        "bicycle": "yes",
        "highway": "primary",
        "junction": "circular",
        "lanes": "2",
        "oneway": "yes",
        "parking:left": "no",
        "parking:left:restriction": "no_parking",
        "parking:right": "yes",
        "parking:right:orientation": "parallel",
        "sidewalk": "right",
        "smoothness": "excellent",
        "surface": "concrete",
        "wheelchair": "limited"
      },
      "geometry": {
        "type": "LineString",
        "coordinates": [
          [
            -68.1532423,
            -16.5121091
          ],
          [
            -68.1532891,
            -16.5119353
          ],
          [
            -68.1533392,
            -16.5118105
          ]
        ]
      },
      "id": "way/788718503"
    },
    {
      "type": "Feature",
      "properties": {
        "@id": "way/788718507",
        "highway": "primary",
        "junction": "circular",
        "lanes": "3",
        "lit": "yes",
        "maxspeed:type": "BO:urban",
        "name": "Avenida Panamericana",
        "oneway": "yes",
        "sidewalk": "both",
        "sidewalk:both:surface": "concrete",
        "smoothness": "good",
        "surface": "concrete",
        "wheelchair": "limited"
      },
      "geometry": {
        "type": "LineString",
        "coordinates": [
          [
            -68.1541069,
            -16.5119044
          ],
          [
            -68.1541085,
            -16.5119671
          ]
        ]
      },
      "id": "way/788718507"
    },
    {
      "type": "Feature",
      "properties": {
        "@id": "way/788718509",
        "foot": "no",
        "highway": "primary",
        "junction": "circular",
        "lanes": "2",
        "lit": "yes",
        "maxspeed:type": "BO:urban",
        "noname": "yes",
        "oneway": "yes",
        "sidewalk": "left",
        "sidewalk:left:surface": "concrete",
        "smoothness": "excellent",
        "surface": "concrete",
        "wheelchair": "limited"
      },
      "geometry": {
        "type": "LineString",
        "coordinates": [
          [
            -68.1533273,
            -16.5126126
          ],
          [
            -68.153287,
            -16.5125155
          ],
          [
            -68.1532471,
            -16.5123965
          ],
          [
            -68.1532304,
            -16.5122726
          ]
        ]
      },
      "id": "way/788718509"
    },
    {
      "type": "Feature",
      "properties": {
        "@id": "way/788718511",
        "bicycle": "yes",
        "highway": "primary",
        "lanes": "3",
        "motor_vehicle:conditional": "no @ (Su 09:00-13:00)",
        "name": "Rotonda Obelisco",
        "oneway": "yes",
        "surface": "asphalt",
        "wheelchair": "limited"
      },
      "geometry": {
        "type": "LineString",
        "coordinates": [
          [
            -68.1548945,
            -16.5155813
          ],
          [
            -68.1549869,
            -16.5155337
          ],
          [
            -68.1550855,
            -16.515501
          ],
          [
            -68.1551895,
            -16.5154927
          ]
        ]
      },
      "id": "way/788718511"
    },
    {
      "type": "Feature",
      "properties": {
        "@id": "way/788718512",
        "bicycle": "yes",
        "highway": "primary",
        "lanes": "3",
        "motor_vehicle:conditional": "no @ (Su 09:00-13:00)",
        "name": "Rotonda Obelisco",
        "oneway": "yes",
        "surface": "asphalt",
        "wheelchair": "limited"
      },
      "geometry": {
        "type": "LineString",
        "coordinates": [
          [
            -68.1551895,
            -16.5154927
          ],
          [
            -68.1552911,
            -16.5155162
          ]
        ]
      },
      "id": "way/788718512"
    },
    {
      "type": "Feature",
      "properties": {
        "@id": "way/788718513",
        "bicycle": "yes",
        "highway": "primary",
        "lanes": "3",
        "motor_vehicle:conditional": "no @ (Su 09:00-13:00)",
        "name": "Rotonda Obelisco",
        "oneway": "yes",
        "surface": "asphalt",
        "wheelchair": "limited"
      },
      "geometry": {
        "type": "LineString",
        "coordinates": [
          [
            -68.1552911,
            -16.5155162
          ],
          [
            -68.155364,
            -16.5155599
          ],
          [
            -68.1554187,
            -16.5156356
          ],
          [
            -68.1554491,
            -16.5157258
          ],
          [
            -68.1554582,
            -16.5158248
          ]
        ]
      },
      "id": "way/788718513"
    },
    {
      "type": "Feature",
      "properties": {
        "@id": "way/788718514",
        "bicycle": "yes",
        "highway": "primary",
        "lanes": "3",
        "maxspeed:type": "BO:urban",
        "motor_vehicle:conditional": "no @ (Su 09:00-13:00)",
        "name": "Rotonda Obelisco",
        "oneway": "yes",
        "surface": "asphalt",
        "wheelchair": "limited"
      },
      "geometry": {
        "type": "LineString",
        "coordinates": [
          [
            -68.1554582,
            -16.5158248
          ],
          [
            -68.1554096,
            -16.5159064
          ]
        ]
      },
      "id": "way/788718514"
    },
    {
      "type": "Feature",
      "properties": {
        "@id": "way/788718515",
        "bicycle": "yes",
        "highway": "primary",
        "lanes": "3",
        "maxspeed:type": "BO:urban",
        "motor_vehicle:conditional": "no @ (Su 09:00-13:00)",
        "name": "Rotonda Obelisco",
        "oneway": "yes",
        "surface": "asphalt",
        "wheelchair": "limited"
      },
      "geometry": {
        "type": "LineString",
        "coordinates": [
          [
            -68.1554096,
            -16.5159064
          ],
          [
            -68.1551939,
            -16.5162441
          ],
          [
            -68.1551362,
            -16.5162936
          ],
          [
            -68.1550861,
            -16.5163134
          ]
        ]
      },
      "id": "way/788718515"
    },
    {
      "type": "Feature",
      "properties": {
        "@id": "way/788718516",
        "bicycle": "yes",
        "highway": "primary",
        "lanes": "3",
        "lit": "yes",
        "maxspeed:type": "BO:urban",
        "motor_vehicle:conditional": "no @ (Su 09:00-13:00)",
        "name": "Rotonda Obelisco",
        "oneway": "yes",
        "surface": "asphalt",
        "wheelchair": "limited"
      },
      "geometry": {
        "type": "LineString",
        "coordinates": [
          [
            -68.1550861,
            -16.5163134
          ],
          [
            -68.1550115,
            -16.5163344
          ],
          [
            -68.1549145,
            -16.5163373
          ],
          [
            -68.1548021,
            -16.5163053
          ],
          [
            -68.1547201,
            -16.51625
          ],
          [
            -68.1546533,
            -16.5161714
          ],
          [
            -68.1546269,
            -16.5161081
          ]
        ]
      },
      "id": "way/788718516"
    },
    {
      "type": "Feature",
      "properties": {
        "@id": "way/788718517",
        "bicycle": "yes",
        "highway": "primary",
        "lanes": "2",
        "maxspeed": "40",
        "motor_vehicle:conditional": "no @ (Su 09:00-13:00)",
        "name": "Avenida Cívica",
        "oneway": "yes",
        "surface": "asphalt",
        "wheelchair": "limited"
      },
      "geometry": {
        "type": "LineString",
        "coordinates": [
          [
            -68.1553836,
            -16.5167632
          ],
          [
            -68.1552243,
            -16.5163878
          ],
          [
            -68.1551799,
            -16.5163473
          ],
          [
            -68.1550861,
            -16.5163134
          ]
        ]
      },
      "id": "way/788718517"
    },
    {
      "type": "Feature",
      "properties": {
        "@id": "way/788718518",
        "bicycle": "yes",
        "highway": "primary",
        "lanes": "2",
        "maxspeed": "40",
        "motor_vehicle:conditional": "no @ (Su 09:00-13:00)",
        "name": "Avenida Cívica",
        "oneway": "yes",
        "surface": "asphalt",
        "wheelchair": "limited"
      },
      "geometry": {
        "type": "LineString",
        "coordinates": [
          [
            -68.1556997,
            -16.5175324
          ],
          [
            -68.1553836,
            -16.5167632
          ]
        ]
      },
      "id": "way/788718518"
    },
    {
      "type": "Feature",
      "properties": {
        "@id": "way/788718519",
        "bicycle": "yes",
        "highway": "primary",
        "lanes": "2",
        "maxspeed": "40",
        "motor_vehicle:conditional": "no @ (Su 09:00-13:00)",
        "name": "Avenida Cívica",
        "oneway": "yes",
        "surface": "asphalt",
        "wheelchair": "limited"
      },
      "geometry": {
        "type": "LineString",
        "coordinates": [
          [
            -68.1560505,
            -16.5182803
          ],
          [
            -68.1556997,
            -16.5175324
          ]
        ]
      },
      "id": "way/788718519"
    },
    {
      "type": "Feature",
      "properties": {
        "@id": "way/788718520",
        "bicycle": "yes",
        "highway": "primary",
        "lanes": "2",
        "maxspeed": "40",
        "motor_vehicle:conditional": "no @ (Su 09:00-13:00)",
        "name": "Avenida Cívica",
        "oneway": "yes",
        "surface": "asphalt",
        "wheelchair": "limited"
      },
      "geometry": {
        "type": "LineString",
        "coordinates": [
          [
            -68.1563789,
            -16.5190552
          ],
          [
            -68.1560827,
            -16.518354
          ],
          [
            -68.1560505,
            -16.5182803
          ]
        ]
      },
      "id": "way/788718520"
    },
    {
      "type": "Feature",
      "properties": {
        "@id": "way/788718521",
        "bicycle": "yes",
        "highway": "primary",
        "lanes": "2",
        "maxspeed": "40",
        "motor_vehicle:conditional": "no @ (Su 09:00-13:00)",
        "name": "Avenida Cívica",
        "oneway": "yes",
        "surface": "asphalt",
        "wheelchair": "limited"
      },
      "geometry": {
        "type": "LineString",
        "coordinates": [
          [
            -68.1567053,
            -16.5198554
          ],
          [
            -68.1563789,
            -16.5190552
          ]
        ]
      },
      "id": "way/788718521"
    },
    {
      "type": "Feature",
      "properties": {
        "@id": "way/788718522",
        "bicycle": "yes",
        "highway": "primary",
        "lanes": "2",
        "maxspeed": "40",
        "motor_vehicle:conditional": "no @ (Su 09:00-13:00)",
        "name": "Avenida Cívica",
        "oneway": "yes",
        "surface": "asphalt",
        "wheelchair": "limited"
      },
      "geometry": {
        "type": "LineString",
        "coordinates": [
          [
            -68.1570333,
            -16.52058
          ],
          [
            -68.1567053,
            -16.5198554
          ]
        ]
      },
      "id": "way/788718522"
    },
    {
      "type": "Feature",
      "properties": {
        "@id": "way/788718523",
        "bicycle": "yes",
        "foot": "no",
        "highway": "primary",
        "junction": "circular",
        "lanes": "2",
        "lit": "yes",
        "maxspeed": "40",
        "motor_vehicle:conditional": "no @ (Su 09:00-13:00)",
        "noname": "yes",
        "oneway": "yes",
        "surface": "concrete",
        "wheelchair": "limited"
      },
      "geometry": {
        "type": "LineString",
        "coordinates": [
          [
            -68.1575006,
            -16.5214231
          ],
          [
            -68.1574311,
            -16.5214307
          ],
          [
            -68.1573849,
            -16.5214495
          ]
        ]
      },
      "id": "way/788718523"
    },
    {
      "type": "Feature",
      "properties": {
        "@id": "way/788718525",
        "bicycle": "yes",
        "foot": "no",
        "highway": "primary",
        "junction": "circular",
        "lanes": "2",
        "lit": "yes",
        "maxspeed": "40",
        "motor_vehicle:conditional": "no @ (Su 09:00-13:00)",
        "noname": "yes",
        "oneway": "yes",
        "surface": "concrete",
        "wheelchair": "limited"
      },
      "geometry": {
        "type": "LineString",
        "coordinates": [
          [
            -68.1576527,
            -16.5212791
          ],
          [
            -68.1576317,
            -16.5213449
          ],
          [
            -68.1576014,
            -16.5213808
          ],
          [
            -68.1575606,
            -16.5214054
          ],
          [
            -68.1575006,
            -16.5214231
          ]
        ]
      },
      "id": "way/788718525"
    },
    {
      "type": "Feature",
      "properties": {
        "@id": "way/788718527",
        "bicycle": "yes",
        "highway": "primary",
        "junction": "circular",
        "lanes": "2",
        "lit": "yes",
        "maxspeed": "40",
        "motor_vehicle:conditional": "no @ (Su 09:00-13:00)",
        "noname": "yes",
        "oneway": "yes",
        "sidewalk": "right",
        "smoothness": "good",
        "surface": "concrete",
        "wheelchair": "limited"
      },
      "geometry": {
        "type": "LineString",
        "coordinates": [
          [
            -68.1573575,
            -16.5213811
          ],
          [
            -68.157343,
            -16.5213362
          ]
        ]
      },
      "id": "way/788718527"
    },
    {
      "type": "Feature",
      "properties": {
        "@id": "way/788718528",
        "bicycle": "yes",
        "foot": "no",
        "highway": "primary",
        "junction": "circular",
        "lanes": "2",
        "lit": "yes",
        "maxspeed": "40",
        "motor_vehicle:conditional": "no @ (Su 09:00-13:00)",
        "noname": "yes",
        "oneway": "yes",
        "sidewalk": "both",
        "smoothness": "good",
        "surface": "concrete",
        "wheelchair": "limited"
      },
      "geometry": {
        "type": "LineString",
        "coordinates": [
          [
            -68.157343,
            -16.5213362
          ],
          [
            -68.1573798,
            -16.5212539
          ],
          [
            -68.1574007,
            -16.521215
          ],
          [
            -68.1574361,
            -16.5211778
          ]
        ]
      },
      "id": "way/788718528"
    },
    {
      "type": "Feature",
      "properties": {
        "@id": "way/788718529",
        "highway": "primary",
        "lanes": "2",
        "lit": "yes",
        "maxspeed": "40",
        "name": "Avenida Cívica",
        "oneway": "yes",
        "surface": "concrete"
      },
      "geometry": {
        "type": "LineString",
        "coordinates": [
          [
            -68.1632477,
            -16.5330781
          ],
          [
            -68.1631613,
            -16.5329467
          ]
        ]
      },
      "id": "way/788718529"
    },
    {
      "type": "Feature",
      "properties": {
        "@id": "way/788718530",
        "highway": "primary",
        "lanes": "2",
        "lit": "yes",
        "maxspeed": "40",
        "name": "Avenida Cívica",
        "oneway": "yes",
        "sidewalk": "both",
        "surface": "concrete"
      },
      "geometry": {
        "type": "LineString",
        "coordinates": [
          [
            -68.1633052,
            -16.5331744
          ],
          [
            -68.1632477,
            -16.5330781
          ]
        ]
      },
      "id": "way/788718530"
    },
    {
      "type": "Feature",
      "properties": {
        "@id": "way/788718531",
        "highway": "primary",
        "lanes": "2",
        "lit": "yes",
        "maxspeed": "40",
        "name": "Avenida Cívica",
        "oneway": "yes",
        "sidewalk": "both",
        "surface": "concrete"
      },
      "geometry": {
        "type": "LineString",
        "coordinates": [
          [
            -68.1643024,
            -16.534841
          ],
          [
            -68.1633052,
            -16.5331744
          ]
        ]
      },
      "id": "way/788718531"
    },
    {
      "type": "Feature",
      "properties": {
        "@id": "way/788718532",
        "highway": "primary",
        "lanes": "2",
        "lit": "yes",
        "maxspeed": "40",
        "name": "Avenida Cívica",
        "oneway": "yes",
        "surface": "concrete"
      },
      "geometry": {
        "type": "LineString",
        "coordinates": [
          [
            -68.165177,
            -16.5363242
          ],
          [
            -68.1643024,
            -16.534841
          ]
        ]
      },
      "id": "way/788718532"
    },
    {
      "type": "Feature",
      "properties": {
        "@id": "way/788718534",
        "highway": "primary",
        "lanes": "2",
        "lit": "yes",
        "maxspeed": "40",
        "name": "Avenida Cívica",
        "oneway": "yes",
        "sidewalk": "both",
        "surface": "concrete"
      },
      "geometry": {
        "type": "LineString",
        "coordinates": [
          [
            -68.1665181,
            -16.5385799
          ],
          [
            -68.1652507,
            -16.5364482
          ],
          [
            -68.165177,
            -16.5363242
          ]
        ]
      },
      "id": "way/788718534"
    },
    {
      "type": "Feature",
      "properties": {
        "@id": "way/788718535",
        "highway": "primary",
        "lanes": "2",
        "lit": "yes",
        "maxspeed": "40",
        "name": "Avenida Cívica",
        "oneway": "yes",
        "sidewalk": "both",
        "surface": "concrete"
      },
      "geometry": {
        "type": "LineString",
        "coordinates": [
          [
            -68.1673999,
            -16.5400524
          ],
          [
            -68.1665181,
            -16.5385799
          ]
        ]
      },
      "id": "way/788718535"
    },
    {
      "type": "Feature",
      "properties": {
        "@id": "way/788718538",
        "highway": "primary",
        "junction": "roundabout",
        "lanes": "3",
        "surface": "asphalt"
      },
      "geometry": {
        "type": "LineString",
        "coordinates": [
          [
            -68.1685408,
            -16.5419334
          ],
          [
            -68.1685059,
            -16.5418985
          ],
          [
            -68.1684811,
            -16.5418564
          ]
        ]
      },
      "id": "way/788718538"
    },
    {
      "type": "Feature",
      "properties": {
        "@id": "way/788718540",
        "highway": "primary",
        "lanes": "2",
        "lit": "yes",
        "maxspeed:type": "BO:urban",
        "name": "Avenida Panamericana",
        "oneway": "yes",
        "surface": "asphalt"
      },
      "geometry": {
        "type": "LineString",
        "coordinates": [
          [
            -68.169708,
            -16.5425655
          ],
          [
            -68.1689065,
            -16.542053
          ],
          [
            -68.1688108,
            -16.5420019
          ],
          [
            -68.168735,
            -16.5419663
          ]
        ]
      },
      "id": "way/788718540"
    },
    {
      "type": "Feature",
      "properties": {
        "@id": "way/788718541",
        "highway": "primary",
        "lanes": "2",
        "lit": "yes",
        "maxspeed:type": "BO:urban",
        "name": "Avenida Panamericana",
        "oneway": "yes",
        "surface": "asphalt"
      },
      "geometry": {
        "type": "LineString",
        "coordinates": [
          [
            -68.1707828,
            -16.5432556
          ],
          [
            -68.1702009,
            -16.5428826
          ],
          [
            -68.169708,
            -16.5425655
          ]
        ]
      },
      "id": "way/788718541"
    },
    {
      "type": "Feature",
      "properties": {
        "@id": "way/788718542",
        "highway": "primary",
        "lanes": "2",
        "lit": "yes",
        "maxspeed:type": "BO:urban",
        "name": "Avenida Panamericana",
        "oneway": "yes",
        "surface": "asphalt"
      },
      "geometry": {
        "type": "LineString",
        "coordinates": [
          [
            -68.1715155,
            -16.5437262
          ],
          [
            -68.1707828,
            -16.5432556
          ]
        ]
      },
      "id": "way/788718542"
    },
    {
      "type": "Feature",
      "properties": {
        "@id": "way/788718543",
        "highway": "primary",
        "lanes": "2",
        "lit": "yes",
        "maxspeed:type": "BO:urban",
        "name": "Avenida Panamericana",
        "oneway": "yes",
        "surface": "asphalt"
      },
      "geometry": {
        "type": "LineString",
        "coordinates": [
          [
            -68.1722355,
            -16.5441867
          ],
          [
            -68.1715155,
            -16.5437262
          ]
        ]
      },
      "id": "way/788718543"
    },
    {
      "type": "Feature",
      "properties": {
        "@id": "way/788718545",
        "highway": "primary",
        "lanes": "2",
        "lit": "yes",
        "maxspeed:type": "BO:urban",
        "name": "Avenida Panamericana",
        "oneway": "yes",
        "surface": "asphalt"
      },
      "geometry": {
        "type": "LineString",
        "coordinates": [
          [
            -68.1729983,
            -16.5446795
          ],
          [
            -68.1722355,
            -16.5441867
          ]
        ]
      },
      "id": "way/788718545"
    },
    {
      "type": "Feature",
      "properties": {
        "@id": "way/788718546",
        "highway": "primary",
        "lanes": "2",
        "lit": "yes",
        "maxspeed:type": "BO:urban",
        "name": "Avenida Cívica",
        "oneway": "yes",
        "surface": "asphalt"
      },
      "geometry": {
        "type": "LineString",
        "coordinates": [
          [
            -68.1739594,
            -16.5453005
          ],
          [
            -68.1729983,
            -16.5446795
          ]
        ]
      },
      "id": "way/788718546"
    },
    {
      "type": "Feature",
      "properties": {
        "@id": "way/788718547",
        "highway": "primary",
        "lanes": "2",
        "lit": "yes",
        "maxspeed:type": "BO:urban",
        "name": "Avenida Cívica",
        "oneway": "yes",
        "surface": "asphalt"
      },
      "geometry": {
        "type": "LineString",
        "coordinates": [
          [
            -68.1744346,
            -16.5456076
          ],
          [
            -68.1739594,
            -16.5453005
          ]
        ]
      },
      "id": "way/788718547"
    },
    {
      "type": "Feature",
      "properties": {
        "@id": "way/788718548",
        "highway": "primary",
        "lanes": "2",
        "lit": "yes",
        "maxspeed:type": "BO:urban",
        "name": "Avenida Cívica",
        "oneway": "yes",
        "surface": "asphalt"
      },
      "geometry": {
        "type": "LineString",
        "coordinates": [
          [
            -68.1747011,
            -16.5457797
          ],
          [
            -68.1744346,
            -16.5456076
          ]
        ]
      },
      "id": "way/788718548"
    },
    {
      "type": "Feature",
      "properties": {
        "@id": "way/788718556",
        "highway": "primary",
        "lanes": "3",
        "maxspeed:type": "BO:urban",
        "name": "Avenida Bolivia",
        "oneway": "yes",
        "surface": "asphalt"
      },
      "geometry": {
        "type": "LineString",
        "coordinates": [
          [
            -68.1793016,
            -16.5428179
          ],
          [
            -68.1787476,
            -16.5432351
          ]
        ]
      },
      "id": "way/788718556"
    },
    {
      "type": "Feature",
      "properties": {
        "@id": "way/788718557",
        "highway": "primary",
        "lanes": "3",
        "maxspeed:type": "BO:urban",
        "name": "Avenida Bolivia",
        "oneway": "yes",
        "surface": "asphalt"
      },
      "geometry": {
        "type": "LineString",
        "coordinates": [
          [
            -68.1796419,
            -16.5425688
          ],
          [
            -68.1793195,
            -16.5428048
          ],
          [
            -68.1793016,
            -16.5428179
          ]
        ]
      },
      "id": "way/788718557"
    },
    {
      "type": "Feature",
      "properties": {
        "@id": "way/788718558",
        "highway": "primary",
        "lanes": "3",
        "maxspeed:type": "BO:urban",
        "name": "Avenida Bolivia",
        "oneway": "yes",
        "surface": "asphalt"
      },
      "geometry": {
        "type": "LineString",
        "coordinates": [
          [
            -68.1800606,
            -16.5422805
          ],
          [
            -68.1796419,
            -16.5425688
          ]
        ]
      },
      "id": "way/788718558"
    },
    {
      "type": "Feature",
      "properties": {
        "@id": "way/788718560",
        "highway": "primary",
        "lanes": "3",
        "maxspeed:type": "BO:urban",
        "name": "Avenida Bolivia",
        "oneway": "yes",
        "surface": "asphalt"
      },
      "geometry": {
        "type": "LineString",
        "coordinates": [
          [
            -68.1807583,
            -16.5417758
          ],
          [
            -68.1806092,
            -16.5418836
          ],
          [
            -68.1800606,
            -16.5422805
          ]
        ]
      },
      "id": "way/788718560"
    },
    {
      "type": "Feature",
      "properties": {
        "@id": "way/788718561",
        "highway": "primary",
        "lanes": "3",
        "maxspeed:type": "BO:urban",
        "name": "Avenida Bolivia",
        "oneway": "yes",
        "surface": "asphalt"
      },
      "geometry": {
        "type": "LineString",
        "coordinates": [
          [
            -68.1811689,
            -16.5414787
          ],
          [
            -68.1808536,
            -16.5417068
          ],
          [
            -68.1807583,
            -16.5417758
          ]
        ]
      },
      "id": "way/788718561"
    },
    {
      "type": "Feature",
      "properties": {
        "@id": "way/788718562",
        "highway": "primary",
        "lanes": "3",
        "maxspeed:type": "BO:urban",
        "name": "Avenida Bolivia",
        "oneway": "yes",
        "surface": "asphalt"
      },
      "geometry": {
        "type": "LineString",
        "coordinates": [
          [
            -68.1815294,
            -16.5412179
          ],
          [
            -68.1811689,
            -16.5414787
          ]
        ]
      },
      "id": "way/788718562"
    },
    {
      "type": "Feature",
      "properties": {
        "@id": "way/788718563",
        "highway": "primary",
        "lanes": "3",
        "maxspeed:type": "BO:urban",
        "name": "Avenida Bolivia",
        "oneway": "yes",
        "surface": "asphalt"
      },
      "geometry": {
        "type": "LineString",
        "coordinates": [
          [
            -68.1822838,
            -16.5406722
          ],
          [
            -68.1815723,
            -16.5411869
          ],
          [
            -68.1815294,
            -16.5412179
          ]
        ]
      },
      "id": "way/788718563"
    },
    {
      "type": "Feature",
      "properties": {
        "@id": "way/788718564",
        "hgv": "designated",
        "highway": "primary",
        "lanes": "2",
        "name": "Avenida Litoral",
        "oneway": "yes",
        "surface": "concrete"
      },
      "geometry": {
        "type": "LineString",
        "coordinates": [
          [
            -68.1949432,
            -16.5466429
          ],
          [
            -68.19455,
            -16.5471295
          ],
          [
            -68.1943346,
            -16.5472888
          ],
          [
            -68.1935546,
            -16.5478163
          ],
          [
            -68.1927581,
            -16.5483288
          ],
          [
            -68.1923588,
            -16.5485701
          ],
          [
            -68.1919274,
            -16.5488439
          ],
          [
            -68.1916022,
            -16.54905
          ],
          [
            -68.1911899,
            -16.5493054
          ],
          [
            -68.1907755,
            -16.5495515
          ],
          [
            -68.1903283,
            -16.5498215
          ],
          [
            -68.1896937,
            -16.5501922
          ],
          [
            -68.1895114,
            -16.55027
          ],
          [
            -68.1894411,
            -16.5502941
          ],
          [
            -68.1891639,
            -16.5503645
          ],
          [
            -68.1889765,
            -16.5504288
          ],
          [
            -68.1888505,
            -16.5505001
          ],
          [
            -68.1885862,
            -16.5506589
          ]
        ]
      },
      "id": "way/788718564"
    },
    {
      "type": "Feature",
      "properties": {
        "@id": "way/788718567",
        "highway": "trunk",
        "lanes": "3",
        "maxspeed": "80",
        "name": "Avenida Juan Pablo II",
        "oneway": "yes",
        "ref": "F2",
        "smoothness": "intermediate",
        "surface": "asphalt"
      },
      "geometry": {
        "type": "LineString",
        "coordinates": [
          [
            -68.1948933,
            -16.4939141
          ],
          [
            -68.1967259,
            -16.4931015
          ]
        ]
      },
      "id": "way/788718567"
    },
    {
      "type": "Feature",
      "properties": {
        "@id": "way/789754824",
        "highway": "primary",
        "lanes": "3",
        "name": "Avenida Nestor Galindo",
        "oneway": "yes",
        "source": "yahoo",
        "surface": "asphalt"
      },
      "geometry": {
        "type": "LineString",
        "coordinates": [
          [
            -68.1868726,
            -16.5542212
          ],
          [
            -68.1872182,
            -16.5545838
          ],
          [
            -68.1874965,
            -16.5548795
          ],
          [
            -68.187803,
            -16.5551955
          ],
          [
            -68.1881042,
            -16.5555011
          ],
          [
            -68.1884086,
            -16.5558118
          ],
          [
            -68.1885701,
            -16.5559805
          ],
          [
            -68.1887094,
            -16.5561271
          ],
          [
            -68.1890357,
            -16.556464
          ],
          [
            -68.1893346,
            -16.5567726
          ],
          [
            -68.1895962,
            -16.5570346
          ],
          [
            -68.1899064,
            -16.5573568
          ],
          [
            -68.1901868,
            -16.5576495
          ],
          [
            -68.1905009,
            -16.5579878
          ],
          [
            -68.1908607,
            -16.5583651
          ],
          [
            -68.1911223,
            -16.5586389
          ],
          [
            -68.1913551,
            -16.558876
          ],
          [
            -68.1916482,
            -16.5591886
          ],
          [
            -68.1919699,
            -16.5595303
          ],
          [
            -68.1922764,
            -16.5598501
          ],
          [
            -68.1925806,
            -16.5601673
          ],
          [
            -68.1926853,
            -16.5602742
          ],
          [
            -68.1928669,
            -16.5604614
          ],
          [
            -68.1931773,
            -16.5607827
          ],
          [
            -68.1934547,
            -16.5610679
          ],
          [
            -68.1937778,
            -16.5613847
          ],
          [
            -68.1938335,
            -16.5614175
          ]
        ]
      },
      "id": "way/789754824"
    },
    {
      "type": "Feature",
      "properties": {
        "@id": "way/791073485",
        "bicycle": "yes",
        "foot": "no",
        "highway": "primary",
        "incline": "0%",
        "junction": "roundabout",
        "lanes": "2",
        "lit": "yes",
        "maxspeed:type": "BO:urban",
        "noname": "yes",
        "oneway": "yes",
        "parking:lane:left": "no_parking",
        "parking:lane:right": "no_parking",
        "shoulder": "no",
        "sidewalk": "no",
        "smoothness": "good",
        "surface": "concrete",
        "wheelchair": "limited",
        "width": "10"
      },
      "geometry": {
        "type": "LineString",
        "coordinates": [
          [
            -68.1457147,
            -16.5288002
          ],
          [
            -68.1457498,
            -16.5288387
          ],
          [
            -68.1457663,
            -16.5288872
          ],
          [
            -68.1457666,
            -16.5288989
          ],
          [
            -68.1457618,
            -16.5289381
          ]
        ]
      },
      "id": "way/791073485"
    },
    {
      "type": "Feature",
      "properties": {
        "@id": "way/791073486",
        "bicycle": "yes",
        "foot": "no",
        "highway": "primary",
        "incline": "0%",
        "junction": "roundabout",
        "lanes": "2",
        "lit": "yes",
        "maxspeed:type": "BO:urban",
        "noname": "yes",
        "oneway": "yes",
        "parking:lane:left": "no_parking",
        "parking:lane:right": "no_parking",
        "shoulder": "no",
        "sidewalk": "no",
        "smoothness": "excellent",
        "surface": "concrete",
        "wheelchair": "limited",
        "width": "10"
      },
      "geometry": {
        "type": "LineString",
        "coordinates": [
          [
            -68.1456756,
            -16.5287804
          ],
          [
            -68.1457147,
            -16.5288002
          ]
        ]
      },
      "id": "way/791073486"
    },
    {
      "type": "Feature",
      "properties": {
        "@id": "way/791073488",
        "alt_name": "Avenida Max Fernandez",
        "bicycle": "yes",
        "foot": "no",
        "highway": "primary",
        "incline": "0%",
        "lanes": "2",
        "lit": "yes",
        "maxspeed:type": "BO:urban",
        "name": "Avenida Panorámica",
        "oneway": "yes",
        "parking:lane:left": "no_parking",
        "parking:lane:right": "parallel",
        "shoulder": "no",
        "sidewalk": "right",
        "sidewalk:right:surface": "concrete",
        "smoothness": "excellent",
        "surface": "concrete",
        "wheelchair": "limited",
        "width": "8.9"
      },
      "geometry": {
        "type": "LineString",
        "coordinates": [
          [
            -68.1457666,
            -16.5288989
          ],
          [
            -68.1458944,
            -16.5289535
          ]
        ]
      },
      "id": "way/791073488"
    },
    {
      "type": "Feature",
      "properties": {
        "@id": "way/791975037",
        "bicycle": "yes",
        "foot": "no",
        "highway": "primary",
        "incline": "0%",
        "lanes": "2",
        "lit": "yes",
        "maxspeed:type": "BO:urban",
        "name": "Avenida Panorámica",
        "oneway": "yes",
        "shoulder": "no",
        "sidewalk": "right",
        "sidewalk:right:surface": "concrete",
        "smoothness": "excellent",
        "surface": "concrete",
        "wheelchair": "limited",
        "width": "10"
      },
      "geometry": {
        "type": "LineString",
        "coordinates": [
          [
            -68.147819,
            -16.5252557
          ],
          [
            -68.1477416,
            -16.5252907
          ]
        ]
      },
      "id": "way/791975037"
    },
    {
      "type": "Feature",
      "properties": {
        "@id": "way/794509734",
        "hgv": "designated",
        "highway": "primary",
        "name": "Avenida Litoral",
        "oneway": "yes",
        "surface": "asphalt"
      },
      "geometry": {
        "type": "LineString",
        "coordinates": [
          [
            -68.1799821,
            -16.5539773
          ],
          [
            -68.1801754,
            -16.5539019
          ],
          [
            -68.1808302,
            -16.5536346
          ],
          [
            -68.1811656,
            -16.553511
          ],
          [
            -68.1840461,
            -16.5524181
          ],
          [
            -68.1846268,
            -16.5522091
          ],
          [
            -68.1847165,
            -16.5521648
          ],
          [
            -68.1848276,
            -16.5520793
          ]
        ]
      },
      "id": "way/794509734"
    },
    {
      "type": "Feature",
      "properties": {
        "@id": "way/795525736",
        "destination:backward": "El Alto;La Paz",
        "destination:forward": "Viacha",
        "destination:ref:backward": "F1",
        "destination:ref:forward": "F19",
        "highway": "trunk",
        "lanes": "4",
        "lanes:backward": "2",
        "lanes:forward": "2",
        "maxspeed": "80",
        "name": "Avenida Ladislao Cabrera",
        "oneway": "no",
        "ref": "F19",
        "separation": "no",
        "sidewalk": "left",
        "surface": "asphalt"
      },
      "geometry": {
        "type": "LineString",
        "coordinates": [
          [
            -68.1668475,
            -16.5162959
          ],
          [
            -68.1669751,
            -16.5162553
          ]
        ]
      },
      "id": "way/795525736"
    },
    {
      "type": "Feature",
      "properties": {
        "@id": "way/845089071",
        "alt_name": "Calle 12",
        "bicycle": "yes",
        "foot": "no",
        "highway": "primary",
        "lanes": "2",
        "maxspeed:type": "BO:urban",
        "name": "Avenida Ciudad Satélite",
        "oneway": "yes",
        "parking:lane:left": "no_parking",
        "parking:lane:right": "parallel",
        "sidewalk": "right",
        "smoothness": "excellent",
        "surface": "concrete",
        "wheelchair": "limited",
        "width": "6.5"
      },
      "geometry": {
        "type": "LineString",
        "coordinates": [
          [
            -68.1573849,
            -16.5214495
          ],
          [
            -68.1573229,
            -16.5214739
          ],
          [
            -68.1569015,
            -16.5216314
          ],
          [
            -68.1568624,
            -16.5216458
          ],
          [
            -68.1565574,
            -16.5217666
          ]
        ]
      },
      "id": "way/845089071"
    },
    {
      "type": "Feature",
      "properties": {
        "@id": "way/846776025",
        "alt_name": "Calle 12",
        "bicycle": "yes",
        "foot": "yes",
        "highway": "primary",
        "lanes": "2",
        "lit": "yes",
        "maxspeed:type": "BO:urban",
        "name": "Avenida Ciudad Satélite",
        "oneway": "yes",
        "parking:lane:left": "no_parking",
        "parking:lane:right": "parallel",
        "sidewalk": "right",
        "smoothness": "good",
        "surface": "concrete",
        "wheelchair": "limited",
        "width": "6.5"
      },
      "geometry": {
        "type": "LineString",
        "coordinates": [
          [
            -68.1563801,
            -16.5218342
          ],
          [
            -68.1562925,
            -16.521869
          ]
        ]
      },
      "id": "way/846776025"
    },
    {
      "type": "Feature",
      "properties": {
        "@id": "way/846776026",
        "alt_name": "Calle 12",
        "bicycle": "yes",
        "foot": "no",
        "highway": "primary",
        "lanes": "2",
        "lit": "yes",
        "maxspeed:type": "BO:urban",
        "name": "Avenida Ciudad Satélite",
        "oneway": "yes",
        "parking:lane:left": "no_parking",
        "parking:lane:right": "parallel",
        "sidewalk": "right",
        "smoothness": "good",
        "surface": "concrete",
        "wheelchair": "limited",
        "width": "6.5"
      },
      "geometry": {
        "type": "LineString",
        "coordinates": [
          [
            -68.1562925,
            -16.521869
          ],
          [
            -68.1561399,
            -16.5219298
          ],
          [
            -68.1559594,
            -16.5220016
          ],
          [
            -68.1558354,
            -16.5220509
          ],
          [
            -68.155783,
            -16.5220711
          ],
          [
            -68.1557648,
            -16.5220782
          ]
        ]
      },
      "id": "way/846776026"
    },
    {
      "type": "Feature",
      "properties": {
        "@id": "way/846845617",
        "foot": "no",
        "highway": "primary",
        "junction": "circular",
        "lanes": "2",
        "oneway": "yes",
        "surface": "asphalt",
        "wheelchair": "limited"
      },
      "geometry": {
        "type": "LineString",
        "coordinates": [
          [
            -68.1537796,
            -16.5116269
          ],
          [
            -68.153845,
            -16.5116424
          ],
          [
            -68.1539474,
            -16.5116992
          ],
          [
            -68.1540026,
            -16.5117505
          ],
          [
            -68.1540472,
            -16.5118095
          ],
          [
            -68.1541069,
            -16.5119044
          ]
        ]
      },
      "id": "way/846845617"
    },
    {
      "type": "Feature",
      "properties": {
        "@id": "way/846845622",
        "foot": "no",
        "highway": "primary",
        "junction": "circular",
        "lanes": "2",
        "oneway": "yes",
        "smoothness": "excellent",
        "surface": "concrete",
        "wheelchair": "limited"
      },
      "geometry": {
        "type": "LineString",
        "coordinates": [
          [
            -68.1541247,
            -16.512563
          ],
          [
            -68.1541085,
            -16.5126541
          ],
          [
            -68.1540721,
            -16.5127262
          ],
          [
            -68.1540033,
            -16.5128141
          ],
          [
            -68.1539114,
            -16.5128743
          ],
          [
            -68.1537973,
            -16.5129013
          ],
          [
            -68.1536694,
            -16.5129093
          ]
        ]
      },
      "id": "way/846845622"
    },
    {
      "type": "Feature",
      "properties": {
        "@id": "way/846845623",
        "highway": "primary",
        "lanes": "3",
        "name": "Avenida Panamericana",
        "oneway": "yes",
        "surface": "concrete",
        "wheelchair": "limited"
      },
      "geometry": {
        "type": "LineString",
        "coordinates": [
          [
            -68.1541247,
            -16.512563
          ],
          [
            -68.1541489,
            -16.5127231
          ]
        ]
      },
      "id": "way/846845623"
    },
    {
      "type": "Feature",
      "properties": {
        "@id": "way/878811086",
        "foot": "no",
        "hgv": "designated",
        "highway": "primary",
        "junction": "roundabout",
        "lanes": "3",
        "name": "Rotonda Costanera-25 de Julio-Vicenta Juaristi Eguino",
        "surface": "asphalt"
      },
      "geometry": {
        "type": "LineString",
        "coordinates": [
          [
            -68.2136221,
            -16.5104137
          ],
          [
            -68.2135545,
            -16.5104719
          ],
          [
            -68.2134696,
            -16.5105181
          ],
          [
            -68.213417,
            -16.5105355
          ],
          [
            -68.2133761,
            -16.5105454
          ],
          [
            -68.2132788,
            -16.5105522
          ],
          [
            -68.2131808,
            -16.5105379
          ],
          [
            -68.2130887,
            -16.510503
          ],
          [
            -68.2130058,
            -16.5104483
          ],
          [
            -68.2129381,
            -16.5103771
          ],
          [
            -68.2128889,
            -16.5102929
          ],
          [
            -68.212861,
            -16.5102003
          ],
          [
            -68.2128568,
            -16.5100903
          ],
          [
            -68.2128659,
            -16.5100358
          ],
          [
            -68.2128823,
            -16.5099829
          ],
          [
            -68.212936,
            -16.5098856
          ],
          [
            -68.2129665,
            -16.5098488
          ],
          [
            -68.2130405,
            -16.5097853
          ]
        ]
      },
      "id": "way/878811086"
    },
    {
      "type": "Feature",
      "properties": {
        "@id": "way/883641950",
        "highway": "trunk",
        "lanes": "2",
        "maxspeed": "80",
        "name": "Avenida Juan Pablo II",
        "oneway": "yes",
        "ref": "F2",
        "shoulder": "right",
        "smoothness": "intermediate",
        "source": "yahoo",
        "surface": "asphalt"
      },
      "geometry": {
        "type": "LineString",
        "coordinates": [
          [
            -68.2235214,
            -16.4866611
          ],
          [
            -68.2273737,
            -16.4858567
          ]
        ]
      },
      "id": "way/883641950"
    },
    {
      "type": "Feature",
      "properties": {
        "@id": "way/883641951",
        "highway": "trunk",
        "lanes": "2",
        "maxspeed": "80",
        "name": "Avenida Juan Pablo II",
        "oneway": "yes",
        "ref": "F2",
        "shoulder": "right",
        "smoothness": "intermediate",
        "source": "yahoo",
        "surface": "asphalt"
      },
      "geometry": {
        "type": "LineString",
        "coordinates": [
          [
            -68.2283737,
            -16.4857423
          ],
          [
            -68.2274005,
            -16.4859469
          ],
          [
            -68.2269765,
            -16.4860361
          ],
          [
            -68.2235442,
            -16.4867663
          ]
        ]
      },
      "id": "way/883641951"
    },
    {
      "type": "Feature",
      "properties": {
        "@id": "way/887687041",
        "foot": "no",
        "highway": "trunk",
        "incline": "up",
        "lane_markings": "yes",
        "lanes": "2",
        "lit": "yes",
        "loc_name": "Autopista La Paz-El Alto",
        "maxspeed": "80",
        "name": "Autopista Héroes de la Guerra del Chaco",
        "oneway": "yes",
        "operator": "Administradora Boliviana de Carreteras",
        "operator:short": "ABC",
        "operator:type": "public",
        "ref": "F1",
        "smoothness": "excellent",
        "start_date": "1977;2019-01-12",
        "surface": "concrete:plates",
        "wikidata": "Q2872945",
        "wikipedia": "es:Autopista La Paz-El Alto"
      },
      "geometry": {
        "type": "LineString",
        "coordinates": [
          [
            -68.1626332,
            -16.5028173
          ],
          [
            -68.1626492,
            -16.5030475
          ],
          [
            -68.1626668,
            -16.5032433
          ],
          [
            -68.1626947,
            -16.5034184
          ],
          [
            -68.1627374,
            -16.5035973
          ]
        ]
      },
      "id": "way/887687041"
    },
    {
      "type": "Feature",
      "properties": {
        "@id": "way/907065100",
        "alt_name": "Calle 12",
        "bicycle": "yes",
        "foot": "no",
        "highway": "primary",
        "lanes": "2",
        "lit": "yes",
        "maxspeed:type": "BO:urban",
        "name": "Avenida Satélite",
        "oneway": "yes",
        "parking:lane:left": "no_parking",
        "parking:lane:right": "parallel",
        "sidewalk": "both",
        "sidewalk:both:surface": "concrete",
        "smoothness": "good",
        "surface": "concrete",
        "wheelchair": "limited",
        "width": "8"
      },
      "geometry": {
        "type": "LineString",
        "coordinates": [
          [
            -68.1533424,
            -16.5230454
          ],
          [
            -68.1532203,
            -16.5230928
          ],
          [
            -68.1530898,
            -16.5231455
          ],
          [
            -68.1530275,
            -16.523171
          ]
        ]
      },
      "id": "way/907065100"
    },
    {
      "type": "Feature",
      "properties": {
        "@id": "way/947937701",
        "highway": "primary",
        "lanes": "2",
        "name": "Avenida Sucre A",
        "oneway": "yes",
        "ref": "F41",
        "surface": "concrete"
      },
      "geometry": {
        "type": "LineString",
        "coordinates": [
          [
            -68.1926087,
            -16.4895699
          ],
          [
            -68.192653,
            -16.4897204
          ]
        ]
      },
      "id": "way/947937701"
    },
    {
      "type": "Feature",
      "properties": {
        "@id": "way/947937703",
        "destination": "Milluni;La Cumbre",
        "destination:ref": "F41",
        "foot": "yes",
        "highway": "primary",
        "name": "Avenida Sucre A",
        "oneway": "yes",
        "ref": "F41",
        "source": "yahoo"
      },
      "geometry": {
        "type": "LineString",
        "coordinates": [
          [
            -68.1925289,
            -16.4895944
          ],
          [
            -68.1924091,
            -16.4891902
          ],
          [
            -68.1923863,
            -16.4891131
          ],
          [
            -68.1922444,
            -16.4886342
          ],
          [
            -68.1921026,
            -16.4881559
          ],
          [
            -68.1919625,
            -16.4876831
          ],
          [
            -68.1918155,
            -16.4871871
          ]
        ]
      },
      "id": "way/947937703"
    },
    {
      "type": "Feature",
      "properties": {
        "@id": "way/947937704",
        "destination": "Milluni;La Cumbre",
        "destination:ref": "F41",
        "foot": "yes",
        "highway": "primary",
        "lanes": "2",
        "name": "Avenida Sucre A",
        "oneway": "yes",
        "ref": "F41",
        "source": "yahoo",
        "surface": "concrete"
      },
      "geometry": {
        "type": "LineString",
        "coordinates": [
          [
            -68.192574,
            -16.489742
          ],
          [
            -68.1925289,
            -16.4895944
          ]
        ]
      },
      "id": "way/947937704"
    },
    {
      "type": "Feature",
      "properties": {
        "@id": "way/947937709",
        "foot": "yes",
        "highway": "primary",
        "lanes": "2",
        "name": "Avenida Santa Vera Cruz",
        "oneway": "yes",
        "ref": "F41",
        "source": "yahoo",
        "surface": "concrete"
      },
      "geometry": {
        "type": "LineString",
        "coordinates": [
          [
            -68.1916123,
            -16.4864732
          ],
          [
            -68.1915852,
            -16.4863795
          ],
          [
            -68.1915677,
            -16.4863383
          ]
        ]
      },
      "id": "way/947937709"
    },
    {
      "type": "Feature",
      "properties": {
        "@id": "way/947937710",
        "destination": "Milluni;La Cumbre",
        "destination:ref": "F41",
        "foot": "yes",
        "highway": "primary",
        "name": "Avenida Sucre A",
        "oneway": "yes",
        "ref": "F41",
        "source": "yahoo"
      },
      "geometry": {
        "type": "LineString",
        "coordinates": [
          [
            -68.1917294,
            -16.4868933
          ],
          [
            -68.1917122,
            -16.4868328
          ]
        ]
      },
      "id": "way/947937710"
    },
    {
      "type": "Feature",
      "properties": {
        "@id": "way/947937711",
        "destination": "Milluni;La Cumbre",
        "destination:ref": "F41",
        "foot": "yes",
        "highway": "primary",
        "name": "Avenida Sucre A",
        "oneway": "yes",
        "ref": "F41",
        "source": "yahoo"
      },
      "geometry": {
        "type": "LineString",
        "coordinates": [
          [
            -68.1918155,
            -16.4871871
          ],
          [
            -68.1917294,
            -16.4868933
          ]
        ]
      },
      "id": "way/947937711"
    },
    {
      "type": "Feature",
      "properties": {
        "@id": "way/966441035",
        "hgv": "designated",
        "highway": "primary",
        "lanes": "2",
        "name": "Avenida Litoral",
        "oneway": "yes",
        "surface": "asphalt"
      },
      "geometry": {
        "type": "LineString",
        "coordinates": [
          [
            -68.2175592,
            -16.5257871
          ],
          [
            -68.217493,
            -16.5259001
          ],
          [
            -68.217438,
            -16.5259731
          ],
          [
            -68.2173112,
            -16.5261079
          ],
          [
            -68.2167887,
            -16.5265681
          ],
          [
            -68.2156655,
            -16.5275096
          ]
        ]
      },
      "id": "way/966441035"
    },
    {
      "type": "Feature",
      "properties": {
        "@id": "way/968123215",
        "highway": "primary",
        "lanes": "2",
        "name": "Avenida Bolivia",
        "oneway": "yes",
        "surface": "asphalt"
      },
      "geometry": {
        "type": "LineString",
        "coordinates": [
          [
            -68.1904022,
            -16.5348369
          ],
          [
            -68.1901796,
            -16.5349829
          ],
          [
            -68.1901691,
            -16.5349903
          ],
          [
            -68.1897487,
            -16.5353055
          ],
          [
            -68.1897115,
            -16.5353334
          ],
          [
            -68.1893254,
            -16.5356228
          ],
          [
            -68.1892854,
            -16.5356528
          ],
          [
            -68.1888411,
            -16.5359859
          ],
          [
            -68.1884249,
            -16.5362979
          ],
          [
            -68.1882416,
            -16.5364353
          ],
          [
            -68.1877972,
            -16.5367685
          ]
        ]
      },
      "id": "way/968123215"
    },
    {
      "type": "Feature",
      "properties": {
        "@id": "way/968123216",
        "highway": "primary",
        "lanes": "2",
        "name": "Avenida Bolivia",
        "oneway": "yes",
        "surface": "asphalt"
      },
      "geometry": {
        "type": "LineString",
        "coordinates": [
          [
            -68.1878923,
            -16.5365358
          ],
          [
            -68.1881586,
            -16.5363319
          ],
          [
            -68.1887711,
            -16.5358859
          ],
          [
            -68.1891444,
            -16.5356145
          ],
          [
            -68.1892493,
            -16.5355382
          ],
          [
            -68.1896628,
            -16.5352375
          ],
          [
            -68.1896828,
            -16.5352229
          ],
          [
            -68.1900922,
            -16.5349253
          ],
          [
            -68.1901149,
            -16.5349088
          ],
          [
            -68.1902312,
            -16.5348243
          ],
          [
            -68.1903306,
            -16.5347463
          ]
        ]
      },
      "id": "way/968123216"
    },
    {
      "type": "Feature",
      "properties": {
        "@id": "way/968909997",
        "highway": "primary",
        "lanes": "2",
        "name": "Avenida Estructurante",
        "oneway": "yes",
        "source": "bing",
        "surface": "concrete:plates"
      },
      "geometry": {
        "type": "LineString",
        "coordinates": [
          [
            -68.1886957,
            -16.5635929
          ],
          [
            -68.1897022,
            -16.5631811
          ],
          [
            -68.1905178,
            -16.5628475
          ],
          [
            -68.1915949,
            -16.5624069
          ],
          [
            -68.1920429,
            -16.5622236
          ],
          [
            -68.1925961,
            -16.5619973
          ],
          [
            -68.1935635,
            -16.5616015
          ]
        ]
      },
      "id": "way/968909997"
    },
    {
      "type": "Feature",
      "properties": {
        "@id": "way/968909998",
        "highway": "primary",
        "lanes": "2",
        "name": "Avenida Primero de Mayo",
        "surface": "concrete:plates"
      },
      "geometry": {
        "type": "LineString",
        "coordinates": [
          [
            -68.1888563,
            -16.5639247
          ],
          [
            -68.1886957,
            -16.5635929
          ]
        ]
      },
      "id": "way/968909998"
    },
    {
      "type": "Feature",
      "properties": {
        "@id": "way/968910000",
        "highway": "primary",
        "lanes": "2",
        "name": "Avenida Estructurante",
        "oneway": "yes",
        "source": "bing",
        "surface": "paved"
      },
      "geometry": {
        "type": "LineString",
        "coordinates": [
          [
            -68.2094712,
            -16.5549576
          ],
          [
            -68.2095111,
            -16.5549316
          ]
        ]
      },
      "id": "way/968910000"
    },
    {
      "type": "Feature",
      "properties": {
        "@id": "way/968910001",
        "bridge": "yes",
        "highway": "primary",
        "lanes": "2",
        "layer": "1",
        "name": "Avenida Estructurante",
        "oneway": "yes",
        "source": "bing",
        "surface": "paved"
      },
      "geometry": {
        "type": "LineString",
        "coordinates": [
          [
            -68.209369,
            -16.5550241
          ],
          [
            -68.2094712,
            -16.5549576
          ]
        ]
      },
      "id": "way/968910001"
    },
    {
      "type": "Feature",
      "properties": {
        "@id": "way/969684035",
        "highway": "primary",
        "lanes": "2",
        "lanes:backward": "1",
        "lanes:forward": "1",
        "name": "Camino El Alto-Achocalla",
        "oneway": "no",
        "smoothness": "good",
        "surface": "asphalt"
      },
      "geometry": {
        "type": "LineString",
        "coordinates": [
          [
            -68.1779914,
            -16.5551175
          ],
          [
            -68.1780475,
            -16.5550949
          ],
          [
            -68.1784783,
            -16.5549213
          ],
          [
            -68.1786071,
            -16.5548694
          ],
          [
            -68.1787077,
            -16.5548284
          ]
        ]
      },
      "id": "way/969684035"
    },
    {
      "type": "Feature",
      "properties": {
        "@id": "way/969684036",
        "highway": "primary",
        "lanes": "1",
        "name": "Camino El Alto-Achocalla",
        "oneway": "yes",
        "smoothness": "good",
        "surface": "asphalt"
      },
      "geometry": {
        "type": "LineString",
        "coordinates": [
          [
            -68.1779914,
            -16.5551175
          ],
          [
            -68.1778653,
            -16.5552005
          ],
          [
            -68.1777795,
            -16.5552331
          ],
          [
            -68.1776938,
            -16.5552657
          ],
          [
            -68.1775358,
            -16.5553008
          ]
        ]
      },
      "id": "way/969684036"
    },
    {
      "type": "Feature",
      "properties": {
        "@id": "way/969684037",
        "highway": "primary",
        "lanes": "1",
        "name": "Camino El Alto-Achocalla",
        "oneway": "yes",
        "smoothness": "good",
        "surface": "asphalt"
      },
      "geometry": {
        "type": "LineString",
        "coordinates": [
          [
            -68.1775358,
            -16.5553008
          ],
          [
            -68.1776756,
            -16.5552217
          ],
          [
            -68.1777638,
            -16.5551882
          ],
          [
            -68.1778471,
            -16.5551566
          ],
          [
            -68.1779914,
            -16.5551175
          ]
        ]
      },
      "id": "way/969684037"
    },
    {
      "type": "Feature",
      "properties": {
        "@id": "way/970038671",
        "highway": "primary",
        "junction": "roundabout",
        "lanes": "3",
        "surface": "asphalt"
      },
      "geometry": {
        "type": "LineString",
        "coordinates": [
          [
            -68.1684811,
            -16.5418564
          ],
          [
            -68.1684692,
            -16.5418151
          ],
          [
            -68.1684692,
            -16.5417594
          ]
        ]
      },
      "id": "way/970038671"
    },
    {
      "type": "Feature",
      "properties": {
        "@id": "way/970038672",
        "highway": "primary",
        "junction": "roundabout",
        "lanes": "3",
        "surface": "asphalt"
      },
      "geometry": {
        "type": "LineString",
        "coordinates": [
          [
            -68.16859,
            -16.5416029
          ],
          [
            -68.1686381,
            -16.5415898
          ]
        ]
      },
      "id": "way/970038672"
    },
    {
      "type": "Feature",
      "properties": {
        "@id": "way/970043758",
        "bicycle": "yes",
        "highway": "primary",
        "junction": "roundabout",
        "lanes": "2",
        "maxspeed:type": "BO:urban",
        "motor_vehicle:conditional": "no @ (Su 09:00-13:00)",
        "oneway": "yes",
        "sidewalk": "right",
        "surface": "concrete"
      },
      "geometry": {
        "type": "LineString",
        "coordinates": [
          [
            -68.1632271,
            -16.5326934
          ],
          [
            -68.163272,
            -16.5326956
          ]
        ]
      },
      "id": "way/970043758"
    },
    {
      "type": "Feature",
      "properties": {
        "@id": "way/970095355",
        "bicycle": "yes",
        "foot": "yes",
        "highway": "primary",
        "lanes": "2",
        "lit": "yes",
        "maxspeed:type": "BO:urban",
        "motor_vehicle:conditional": "no @ (Su 09:00-13:00)",
        "name": "Avenida La Paz",
        "noname": "yes",
        "oneway": "yes",
        "shoulder": "right",
        "sidewalk": "no",
        "smoothness": "excellent",
        "surface": "concrete",
        "wheelchair": "limited",
        "width": "10"
      },
      "geometry": {
        "type": "LineString",
        "coordinates": [
          [
            -68.1607573,
            -16.529279
          ],
          [
            -68.1608676,
            -16.5292771
          ]
        ]
      },
      "id": "way/970095355"
    },
    {
      "type": "Feature",
      "properties": {
        "@id": "way/970098654",
        "bicycle": "yes",
        "highway": "primary",
        "junction": "circular",
        "lanes": "2",
        "lit": "yes",
        "maxspeed": "40",
        "motor_vehicle:conditional": "no @ (Su 09:00-13:00)",
        "noname": "yes",
        "oneway": "yes",
        "surface": "concrete",
        "wheelchair": "limited"
      },
      "geometry": {
        "type": "LineString",
        "coordinates": [
          [
            -68.1576114,
            -16.5211775
          ],
          [
            -68.1576527,
            -16.5212791
          ]
        ]
      },
      "id": "way/970098654"
    },
    {
      "type": "Feature",
      "properties": {
        "@id": "way/970413870",
        "highway": "primary",
        "lanes": "3",
        "maxspeed:type": "BO:urban",
        "name": "Avenida Bolivia",
        "oneway": "yes",
        "surface": "asphalt"
      },
      "geometry": {
        "type": "LineString",
        "coordinates": [
          [
            -68.182217,
            -16.54059
          ],
          [
            -68.1827538,
            -16.5402009
          ]
        ]
      },
      "id": "way/970413870"
    },
    {
      "type": "Feature",
      "properties": {
        "@id": "way/970413871",
        "highway": "primary",
        "lanes": "3",
        "maxspeed:type": "BO:urban",
        "name": "Avenida Bolivia",
        "oneway": "yes",
        "surface": "asphalt"
      },
      "geometry": {
        "type": "LineString",
        "coordinates": [
          [
            -68.1786743,
            -16.5431288
          ],
          [
            -68.1792421,
            -16.5427045
          ],
          [
            -68.1799893,
            -16.5421674
          ],
          [
            -68.1803477,
            -16.5419235
          ],
          [
            -68.1807027,
            -16.5416819
          ],
          [
            -68.1807887,
            -16.5416205
          ],
          [
            -68.181424,
            -16.5411668
          ],
          [
            -68.1815106,
            -16.541102
          ],
          [
            -68.182217,
            -16.54059
          ]
        ]
      },
      "id": "way/970413871"
    },
    {
      "type": "Feature",
      "properties": {
        "@id": "way/970413872",
        "highway": "primary",
        "lanes": "3",
        "maxspeed:type": "BO:urban",
        "name": "Avenida Bolivia",
        "oneway": "yes",
        "surface": "asphalt"
      },
      "geometry": {
        "type": "LineString",
        "coordinates": [
          [
            -68.1831006,
            -16.5400904
          ],
          [
            -68.1822838,
            -16.5406722
          ]
        ]
      },
      "id": "way/970413872"
    },
    {
      "type": "Feature",
      "properties": {
        "@id": "way/970415578",
        "highway": "primary",
        "lanes": "3",
        "name": "Avenida Bolivia",
        "oneway": "yes",
        "source": "bing",
        "surface": "asphalt"
      },
      "geometry": {
        "type": "LineString",
        "coordinates": [
          [
            -68.1926818,
            -16.5327408
          ],
          [
            -68.1919411,
            -16.5334413
          ]
        ]
      },
      "id": "way/970415578"
    },
    {
      "type": "Feature",
      "properties": {
        "@id": "way/970415579",
        "highway": "primary",
        "lanes": "3",
        "name": "Avenida Bolivia",
        "oneway": "yes",
        "surface": "asphalt"
      },
      "geometry": {
        "type": "LineString",
        "coordinates": [
          [
            -68.1918639,
            -16.5333718
          ],
          [
            -68.1925933,
            -16.532645
          ]
        ]
      },
      "id": "way/970415579"
    },
    {
      "type": "Feature",
      "properties": {
        "@id": "way/970415580",
        "highway": "primary",
        "lanes": "3",
        "name": "Avenida Bolivia",
        "oneway": "yes",
        "sidewalk": "right",
        "surface": "asphalt"
      },
      "geometry": {
        "type": "LineString",
        "coordinates": [
          [
            -68.1907592,
            -16.5344374
          ],
          [
            -68.1910938,
            -16.5341064
          ],
          [
            -68.1912588,
            -16.533949
          ],
          [
            -68.1918639,
            -16.5333718
          ]
        ]
      },
      "id": "way/970415580"
    },
    {
      "type": "Feature",
      "properties": {
        "@id": "way/970415831",
        "highway": "primary",
        "lanes": "3",
        "name": "Avenida Bolivia",
        "oneway": "yes",
        "source": "bing",
        "surface": "asphalt"
      },
      "geometry": {
        "type": "LineString",
        "coordinates": [
          [
            -68.1982784,
            -16.5274606
          ],
          [
            -68.1976238,
            -16.5280584
          ]
        ]
      },
      "id": "way/970415831"
    },
    {
      "type": "Feature",
      "properties": {
        "@id": "way/970415832",
        "highway": "primary",
        "lanes": "3",
        "name": "Avenida Bolivia",
        "oneway": "yes",
        "source": "bing",
        "surface": "asphalt"
      },
      "geometry": {
        "type": "LineString",
        "coordinates": [
          [
            -68.2003084,
            -16.5255271
          ],
          [
            -68.2002228,
            -16.5256093
          ],
          [
            -68.1999492,
            -16.5258753
          ],
          [
            -68.1996181,
            -16.5262024
          ],
          [
            -68.1995189,
            -16.5263003
          ],
          [
            -68.1988091,
            -16.5269642
          ],
          [
            -68.1982784,
            -16.5274606
          ]
        ]
      },
      "id": "way/970415832"
    },
    {
      "type": "Feature",
      "properties": {
        "@id": "way/970415833",
        "highway": "primary",
        "lanes": "3",
        "name": "Avenida Bolivia",
        "oneway": "yes",
        "surface": "asphalt"
      },
      "geometry": {
        "type": "LineString",
        "coordinates": [
          [
            -68.1981468,
            -16.5273917
          ],
          [
            -68.1987003,
            -16.526866
          ],
          [
            -68.1987985,
            -16.5267727
          ],
          [
            -68.1991345,
            -16.5264492
          ],
          [
            -68.1994543,
            -16.5261414
          ],
          [
            -68.199498,
            -16.5260994
          ],
          [
            -68.1997787,
            -16.5258291
          ],
          [
            -68.20011,
            -16.5255053
          ],
          [
            -68.2001991,
            -16.5254272
          ]
        ]
      },
      "id": "way/970415833"
    },
    {
      "type": "Feature",
      "properties": {
        "@id": "way/970415834",
        "highway": "primary",
        "lanes": "3",
        "name": "Avenida Bolivia",
        "oneway": "yes",
        "surface": "asphalt"
      },
      "geometry": {
        "type": "LineString",
        "coordinates": [
          [
            -68.197485,
            -16.5280159
          ],
          [
            -68.1981468,
            -16.5273917
          ]
        ]
      },
      "id": "way/970415834"
    },
    {
      "type": "Feature",
      "properties": {
        "@id": "way/970416491",
        "highway": "primary",
        "lanes": "3",
        "name": "Avenida Bolivia",
        "oneway": "yes",
        "surface": "asphalt"
      },
      "geometry": {
        "type": "LineString",
        "coordinates": [
          [
            -68.2041095,
            -16.5221311
          ],
          [
            -68.2039315,
            -16.5222863
          ],
          [
            -68.2038457,
            -16.5223611
          ],
          [
            -68.2037248,
            -16.5224698
          ],
          [
            -68.2032401,
            -16.5228888
          ],
          [
            -68.2031686,
            -16.5229511
          ],
          [
            -68.2027842,
            -16.5232861
          ],
          [
            -68.2016492,
            -16.5242753
          ],
          [
            -68.2012278,
            -16.5246425
          ],
          [
            -68.2010289,
            -16.5248157
          ],
          [
            -68.2009454,
            -16.5248883
          ]
        ]
      },
      "id": "way/970416491"
    },
    {
      "type": "Feature",
      "properties": {
        "@id": "way/970416492",
        "highway": "primary",
        "lanes": "3",
        "name": "Avenida Bolivia",
        "oneway": "yes",
        "surface": "asphalt"
      },
      "geometry": {
        "type": "LineString",
        "coordinates": [
          [
            -68.2047859,
            -16.5215656
          ],
          [
            -68.2041095,
            -16.5221311
          ]
        ]
      },
      "id": "way/970416492"
    },
    {
      "type": "Feature",
      "properties": {
        "@id": "way/970416493",
        "highway": "primary",
        "lanes": "3",
        "name": "Avenida Bolivia",
        "oneway": "yes",
        "surface": "asphalt"
      },
      "geometry": {
        "type": "LineString",
        "coordinates": [
          [
            -68.2042466,
            -16.5218889
          ],
          [
            -68.2046598,
            -16.5215032
          ]
        ]
      },
      "id": "way/970416493"
    },
    {
      "type": "Feature",
      "properties": {
        "@id": "way/970416494",
        "highway": "primary",
        "lanes": "3",
        "name": "Avenida Bolivia",
        "oneway": "yes",
        "surface": "asphalt"
      },
      "geometry": {
        "type": "LineString",
        "coordinates": [
          [
            -68.2008556,
            -16.5248018
          ],
          [
            -68.2009447,
            -16.5247247
          ],
          [
            -68.2010441,
            -16.5246402
          ],
          [
            -68.2014968,
            -16.5242513
          ],
          [
            -68.2019251,
            -16.5238833
          ],
          [
            -68.20234,
            -16.5235269
          ],
          [
            -68.2027983,
            -16.5231332
          ],
          [
            -68.2030962,
            -16.5228772
          ],
          [
            -68.2031646,
            -16.5228184
          ],
          [
            -68.2032017,
            -16.5227866
          ],
          [
            -68.2036568,
            -16.5223956
          ],
          [
            -68.2037804,
            -16.5222895
          ],
          [
            -68.2042466,
            -16.5218889
          ]
        ]
      },
      "id": "way/970416494"
    },
    {
      "type": "Feature",
      "properties": {
        "@id": "way/970417464",
        "highway": "primary",
        "lanes": "3",
        "name": "Avenida Bolivia",
        "oneway": "yes",
        "surface": "asphalt"
      },
      "geometry": {
        "type": "LineString",
        "coordinates": [
          [
            -68.2104582,
            -16.5166607
          ],
          [
            -68.2097272,
            -16.5172928
          ],
          [
            -68.2093111,
            -16.5176526
          ],
          [
            -68.2088814,
            -16.5180241
          ],
          [
            -68.2081467,
            -16.5186595
          ],
          [
            -68.2077191,
            -16.5190292
          ],
          [
            -68.2072521,
            -16.519433
          ],
          [
            -68.2066585,
            -16.5199464
          ],
          [
            -68.2062377,
            -16.5203102
          ],
          [
            -68.2058281,
            -16.5206644
          ],
          [
            -68.2052181,
            -16.5211918
          ],
          [
            -68.2047859,
            -16.5215656
          ]
        ]
      },
      "id": "way/970417464"
    },
    {
      "type": "Feature",
      "properties": {
        "@id": "way/970417465",
        "highway": "primary",
        "lanes": "3",
        "name": "Avenida Bolivia",
        "oneway": "yes",
        "surface": "asphalt"
      },
      "geometry": {
        "type": "LineString",
        "coordinates": [
          [
            -68.2107728,
            -16.516379
          ],
          [
            -68.2104582,
            -16.5166607
          ]
        ]
      },
      "id": "way/970417465"
    },
    {
      "type": "Feature",
      "properties": {
        "@id": "way/970417466",
        "highway": "primary",
        "lanes": "3",
        "name": "Avenida Bolivia",
        "oneway": "yes",
        "surface": "asphalt"
      },
      "geometry": {
        "type": "LineString",
        "coordinates": [
          [
            -68.2109586,
            -16.5162227
          ],
          [
            -68.2107728,
            -16.516379
          ]
        ]
      },
      "id": "way/970417466"
    },
    {
      "type": "Feature",
      "properties": {
        "@id": "way/970417467",
        "highway": "primary",
        "lanes": "3",
        "name": "Avenida Bolivia",
        "oneway": "yes",
        "surface": "asphalt"
      },
      "geometry": {
        "type": "LineString",
        "coordinates": [
          [
            -68.2107105,
            -16.5163013
          ],
          [
            -68.2108873,
            -16.5161466
          ]
        ]
      },
      "id": "way/970417467"
    },
    {
      "type": "Feature",
      "properties": {
        "@id": "way/970417469",
        "highway": "primary",
        "lanes": "3",
        "name": "Avenida Bolivia",
        "oneway": "yes",
        "surface": "asphalt"
      },
      "geometry": {
        "type": "LineString",
        "coordinates": [
          [
            -68.2046598,
            -16.5215032
          ],
          [
            -68.205107,
            -16.5211187
          ],
          [
            -68.2055177,
            -16.5207657
          ],
          [
            -68.2059625,
            -16.5203832
          ],
          [
            -68.2063972,
            -16.5200095
          ],
          [
            -68.2068232,
            -16.5196433
          ],
          [
            -68.2072571,
            -16.5192703
          ],
          [
            -68.2076402,
            -16.5189409
          ],
          [
            -68.2076888,
            -16.5188991
          ],
          [
            -68.2081227,
            -16.518526
          ],
          [
            -68.2085547,
            -16.5181547
          ],
          [
            -68.2089889,
            -16.5177813
          ],
          [
            -68.2094144,
            -16.5174155
          ],
          [
            -68.2098584,
            -16.5170338
          ],
          [
            -68.2102849,
            -16.5166671
          ],
          [
            -68.2107105,
            -16.5163013
          ]
        ]
      },
      "id": "way/970417469"
    },
    {
      "type": "Feature",
      "properties": {
        "@id": "way/971047128",
        "bridge": "viaduct",
        "bridge:name": "Paso a Desnivel Extraca Senkata",
        "bridge:structure": "beam",
        "foot": "no",
        "highway": "trunk",
        "lanes": "2",
        "layer": "1",
        "lit": "yes",
        "motorroad": "yes",
        "name": "Avenida 6 de Marzo",
        "oneway": "yes",
        "ref": "F1",
        "sidewalk": "no",
        "start_date": "2024-10-04",
        "surface": "concrete"
      },
      "geometry": {
        "type": "LineString",
        "coordinates": [
          [
            -68.1852157,
            -16.5808997
          ],
          [
            -68.1851886,
            -16.5812843
          ],
          [
            -68.1851751,
            -16.581476
          ],
          [
            -68.1851621,
            -16.5816609
          ],
          [
            -68.1851344,
            -16.582056
          ]
        ]
      },
      "id": "way/971047128"
    },
    {
      "type": "Feature",
      "properties": {
        "@id": "way/971047130",
        "highway": "primary",
        "lanes": "2",
        "lit": "yes",
        "name": "Avenida 6 de Marzo",
        "oneway": "yes",
        "sidewalk": "right",
        "start_date": "2024-10-04",
        "surface": "asphalt"
      },
      "geometry": {
        "type": "LineString",
        "coordinates": [
          [
            -68.1853314,
            -16.5809586
          ],
          [
            -68.1853267,
            -16.5810482
          ],
          [
            -68.1853104,
            -16.5812588
          ],
          [
            -68.1852944,
            -16.5814642
          ]
        ]
      },
      "id": "way/971047130"
    },
    {
      "type": "Feature",
      "properties": {
        "@id": "way/971636180",
        "hgv": "designated",
        "highway": "primary",
        "lanes": "2",
        "name": "Avenida Litoral",
        "oneway": "yes",
        "surface": "concrete"
      },
      "geometry": {
        "type": "LineString",
        "coordinates": [
          [
            -68.1877551,
            -16.5511802
          ],
          [
            -68.1873556,
            -16.5514436
          ],
          [
            -68.1869298,
            -16.5517072
          ],
          [
            -68.1864942,
            -16.5519747
          ],
          [
            -68.1863315,
            -16.5520646
          ],
          [
            -68.1859075,
            -16.5523242
          ],
          [
            -68.1858406,
            -16.5524098
          ]
        ]
      },
      "id": "way/971636180"
    },
    {
      "type": "Feature",
      "properties": {
        "@id": "way/971636181",
        "hgv": "designated",
        "highway": "primary",
        "lanes": "2",
        "name": "Avenida Litoral",
        "oneway": "yes",
        "surface": "asphalt"
      },
      "geometry": {
        "type": "LineString",
        "coordinates": [
          [
            -68.1855722,
            -16.5520112
          ],
          [
            -68.1861071,
            -16.5517112
          ],
          [
            -68.1866266,
            -16.5514198
          ],
          [
            -68.1870749,
            -16.5511684
          ],
          [
            -68.1874828,
            -16.5509397
          ]
        ]
      },
      "id": "way/971636181"
    },
    {
      "type": "Feature",
      "properties": {
        "@id": "way/972909996",
        "foot": "yes",
        "highway": "primary",
        "lanes": "2",
        "name": "Avenida Santa Vera Cruz",
        "oneway": "yes",
        "ref": "F41",
        "source": "yahoo",
        "surface": "concrete"
      },
      "geometry": {
        "type": "LineString",
        "coordinates": [
          [
            -68.1916931,
            -16.4867672
          ],
          [
            -68.1916123,
            -16.4864732
          ]
        ]
      },
      "id": "way/972909996"
    },
    {
      "type": "Feature",
      "properties": {
        "@id": "way/972909999",
        "alt_name": "Avenida Santa Vera Cruz",
        "foot": "yes",
        "highway": "primary",
        "lanes": "3",
        "name": "Avenida Sucre",
        "oneway": "yes",
        "ref": "F41",
        "source": "yahoo",
        "surface": "concrete"
      },
      "geometry": {
        "type": "LineString",
        "coordinates": [
          [
            -68.1912788,
            -16.4859965
          ],
          [
            -68.1908628,
            -16.4855678
          ],
          [
            -68.1904628,
            -16.4851557
          ]
        ]
      },
      "id": "way/972909999"
    },
    {
      "type": "Feature",
      "properties": {
        "@id": "way/973776379",
        "highway": "primary",
        "lanes": "2",
        "maxspeed": "40",
        "name": "Avenida Polo de Ondergardo",
        "oneway": "yes",
        "surface": "concrete",
        "wheelchair": "limited"
      },
      "geometry": {
        "type": "LineString",
        "coordinates": [
          [
            -68.1545278,
            -16.5143226
          ],
          [
            -68.1550397,
            -16.5151639
          ],
          [
            -68.1551895,
            -16.5154927
          ]
        ]
      },
      "id": "way/973776379"
    },
    {
      "type": "Feature",
      "properties": {
        "@id": "way/973781916",
        "hgv": "designated",
        "highway": "primary",
        "lanes": "2",
        "name": "Avenida Litoral",
        "oneway": "yes",
        "surface": "asphalt"
      },
      "geometry": {
        "type": "LineString",
        "coordinates": [
          [
            -68.1980154,
            -16.5424596
          ],
          [
            -68.1981198,
            -16.5423643
          ],
          [
            -68.1985062,
            -16.542032
          ],
          [
            -68.1986682,
            -16.5418952
          ]
        ]
      },
      "id": "way/973781916"
    },
    {
      "type": "Feature",
      "properties": {
        "@id": "way/974811432",
        "bicycle": "yes",
        "highway": "primary",
        "junction": "roundabout",
        "lanes": "3",
        "lit": "yes",
        "maxspeed:type": "BO:urban",
        "oneway": "yes",
        "sidewalk": "both",
        "smoothness": "excellent",
        "surface": "concrete",
        "wheelchair": "limited",
        "width": "12"
      },
      "geometry": {
        "type": "LineString",
        "coordinates": [
          [
            -68.1608097,
            -16.5293979
          ],
          [
            -68.160822,
            -16.5293541
          ],
          [
            -68.1608406,
            -16.5293101
          ],
          [
            -68.1608676,
            -16.5292771
          ]
        ]
      },
      "id": "way/974811432"
    },
    {
      "type": "Feature",
      "properties": {
        "@id": "way/975112933",
        "hgv": "designated",
        "highway": "primary",
        "lanes": "2",
        "maxspeed": "10",
        "name": "Avenida Litoral",
        "oneway": "yes",
        "surface": "asphalt"
      },
      "geometry": {
        "type": "LineString",
        "coordinates": [
          [
            -68.2092659,
            -16.5325918
          ],
          [
            -68.2099082,
            -16.5320297
          ],
          [
            -68.2108028,
            -16.5312467
          ],
          [
            -68.2108932,
            -16.5311676
          ],
          [
            -68.2110349,
            -16.5310468
          ]
        ]
      },
      "id": "way/975112933"
    },
    {
      "type": "Feature",
      "properties": {
        "@id": "way/975797880",
        "destination": "Milluni;La Cumbre",
        "destination:ref": "F41",
        "foot": "yes",
        "highway": "primary",
        "lanes": "2",
        "maxspeed": "10",
        "name": "Avenida Sucre A",
        "oneway": "yes",
        "ref": "F41",
        "source": "yahoo",
        "surface": "paved"
      },
      "geometry": {
        "type": "LineString",
        "coordinates": [
          [
            -68.1939885,
            -16.4944633
          ],
          [
            -68.1939435,
            -16.4943183
          ],
          [
            -68.1938559,
            -16.4940109
          ]
        ]
      },
      "id": "way/975797880"
    },
    {
      "type": "Feature",
      "properties": {
        "@id": "way/1004150667",
        "hgv": "designated",
        "highway": "primary",
        "lanes": "4",
        "note": "Road mainly used by trucks and other types of heavy goods vehicles to avoid the downtown Area of El Alto. Therefore the most appropriate classification is Primary.",
        "oneway": "no",
        "surface": "unpaved"
      },
      "geometry": {
        "type": "LineString",
        "coordinates": [
          [
            -68.2263467,
            -16.5134565
          ],
          [
            -68.2266213,
            -16.5132912
          ]
        ]
      },
      "id": "way/1004150667"
    },
    {
      "type": "Feature",
      "properties": {
        "@id": "way/1020979376",
        "highway": "primary",
        "oneway": "yes"
      },
      "geometry": {
        "type": "LineString",
        "coordinates": [
          [
            -81.2237806,
            -4.2687859
          ],
          [
            -81.2237582,
            -4.268701
          ],
          [
            -81.2237497,
            -4.268639
          ]
        ]
      },
      "id": "way/1020979376"
    },
    {
      "type": "Feature",
      "properties": {
        "@id": "way/1031501970",
        "hgv": "designated",
        "highway": "primary",
        "lanes": "4",
        "oneway": "no",
        "source": "bing",
        "surface": "concrete:plates"
      },
      "geometry": {
        "type": "LineString",
        "coordinates": [
          [
            -68.2231931,
            -16.5189093
          ],
          [
            -68.2232834,
            -16.5187088
          ],
          [
            -68.223453,
            -16.5182951
          ],
          [
            -68.2234853,
            -16.5181585
          ]
        ]
      },
      "id": "way/1031501970"
    },
    {
      "type": "Feature",
      "properties": {
        "@id": "way/1031501971",
        "highway": "primary",
        "name": "Avenida Litoral",
        "oneway": "yes",
        "source": "bing"
      },
      "geometry": {
        "type": "LineString",
        "coordinates": [
          [
            -68.2231437,
            -16.5189354
          ],
          [
            -68.2231931,
            -16.5189093
          ]
        ]
      },
      "id": "way/1031501971"
    },
    {
      "type": "Feature",
      "properties": {
        "@id": "way/1035753632",
        "bicycle": "yes",
        "foot": "yes",
        "highway": "primary",
        "junction": "roundabout",
        "lanes": "2",
        "lit": "yes",
        "maxspeed:type": "BO:urban",
        "motor_vehicle:conditional": "no @ (Su 09:00-13:00)",
        "noname": "yes",
        "shoulder": "both",
        "sidewalk": "no",
        "smoothness": "excellent",
        "surface": "concrete",
        "wheelchair": "limited",
        "width": "12"
      },
      "geometry": {
        "type": "LineString",
        "coordinates": [
          [
            -68.1608676,
            -16.5292771
          ],
          [
            -68.1609122,
            -16.5292496
          ],
          [
            -68.1609638,
            -16.5292371
          ],
          [
            -68.1610209,
            -16.5292364
          ],
          [
            -68.1610878,
            -16.5292626
          ]
        ]
      },
      "id": "way/1035753632"
    },
    {
      "type": "Feature",
      "properties": {
        "@id": "way/1037480415",
        "highway": "trunk",
        "lanes": "4",
        "maxspeed": "70",
        "name": "Avenida 6 de Marzo",
        "oneway": "yes",
        "ref": "F1",
        "surface": "asphalt"
      },
      "geometry": {
        "type": "LineString",
        "coordinates": [
          [
            -68.1734484,
            -16.5359112
          ],
          [
            -68.1732979,
            -16.5354967
          ],
          [
            -68.1732353,
            -16.5353119
          ],
          [
            -68.1730991,
            -16.53491
          ],
          [
            -68.1729734,
            -16.5345389
          ],
          [
            -68.1728726,
            -16.5342414
          ],
          [
            -68.1726386,
            -16.5335506
          ],
          [
            -68.172479,
            -16.5330793
          ],
          [
            -68.1723181,
            -16.5326045
          ],
          [
            -68.1719927,
            -16.531644
          ],
          [
            -68.1716718,
            -16.5306967
          ],
          [
            -68.1713735,
            -16.529816
          ],
          [
            -68.1711988,
            -16.5293001
          ],
          [
            -68.1704825,
            -16.5271856
          ],
          [
            -68.1692948,
            -16.5236795
          ],
          [
            -68.1692406,
            -16.5235196
          ]
        ]
      },
      "id": "way/1037480415"
    },
    {
      "type": "Feature",
      "properties": {
        "@id": "way/1037876971",
        "highway": "trunk",
        "lanes": "3",
        "maxspeed": "80",
        "name": "Avenida Ladislao Cabrera",
        "oneway": "yes",
        "ref": "F19",
        "surface": "concrete"
      },
      "geometry": {
        "type": "LineString",
        "coordinates": [
          [
            -68.1746555,
            -16.5172532
          ],
          [
            -68.1740026,
            -16.5165865
          ]
        ]
      },
      "id": "way/1037876971"
    },
    {
      "type": "Feature",
      "properties": {
        "@id": "way/1060166389",
        "bicycle": "yes",
        "foot": "no",
        "highway": "primary",
        "junction": "roundabout",
        "lanes": "2",
        "lit": "yes",
        "maxspeed:type": "BO:urban",
        "name": "Plaza Sebastián Pagador",
        "oneway": "yes",
        "parking:left": "no",
        "parking:left:restriction": "no_parking",
        "parking:right": "yes",
        "parking:right:orientation": "parallel",
        "sidewalk": "left",
        "sidewalk:left:surface": "concrete",
        "smoothness": "bad",
        "source": "Aeronave UAV",
        "surface": "concrete",
        "wheelchair": "limited",
        "width": "7"
      },
      "geometry": {
        "type": "LineString",
        "coordinates": [
          [
            -68.1504527,
            -16.5243224
          ],
          [
            -68.1504096,
            -16.5242932
          ],
          [
            -68.1503807,
            -16.5242724
          ],
          [
            -68.1503388,
            -16.5242477
          ]
        ]
      },
      "id": "way/1060166389"
    },
    {
      "type": "Feature",
      "properties": {
        "@id": "way/1063452332",
        "highway": "trunk",
        "lanes": "4",
        "maxspeed": "40",
        "name": "Avenida 6 de Marzo",
        "oneway": "yes",
        "ref": "F1",
        "surface": "asphalt"
      },
      "geometry": {
        "type": "LineString",
        "coordinates": [
          [
            -68.167083,
            -16.5165728
          ],
          [
            -68.1673223,
            -16.5173004
          ]
        ]
      },
      "id": "way/1063452332"
    },
    {
      "type": "Feature",
      "properties": {
        "@id": "way/1098144311",
        "bicycle": "yes",
        "foot": "no",
        "highway": "trunk",
        "junction": "circular",
        "lanes": "3",
        "motor_vehicle:conditional": "no @ (Su 09:00-13:00)",
        "name": "Rotonda Ladislao Cabrera y Panamericana",
        "oneway": "yes",
        "ref": "F19",
        "surface": "paved"
      },
      "geometry": {
        "type": "LineString",
        "coordinates": [
          [
            -68.1786079,
            -16.5213498
          ],
          [
            -68.1785855,
            -16.5213745
          ],
          [
            -68.1785568,
            -16.521402
          ]
        ]
      },
      "id": "way/1098144311"
    },
    {
      "type": "Feature",
      "properties": {
        "@id": "way/1098144312",
        "bicycle": "yes",
        "highway": "primary",
        "lanes": "1",
        "motor_vehicle:conditional": "no @ (Su 09:00-13:00)",
        "name": "Avenida Ladislao Cabrera",
        "oneway": "yes",
        "ref": "F19",
        "sidewalk": "both",
        "surface": "concrete:plates"
      },
      "geometry": {
        "type": "LineString",
        "coordinates": [
          [
            -68.1786713,
            -16.5214242
          ],
          [
            -68.1787262,
            -16.5214837
          ],
          [
            -68.1808805,
            -16.5238158
          ],
          [
            -68.182319,
            -16.5253731
          ],
          [
            -68.1833846,
            -16.5265266
          ],
          [
            -68.1852493,
            -16.5285453
          ],
          [
            -68.185383,
            -16.52869
          ],
          [
            -68.1888511,
            -16.5324441
          ],
          [
            -68.1889824,
            -16.5325672
          ]
        ]
      },
      "id": "way/1098144312"
    },
    {
      "type": "Feature",
      "properties": {
        "@id": "way/1098144314",
        "bicycle": "yes",
        "highway": "trunk",
        "lanes": "3",
        "maxspeed": "80",
        "motor_vehicle:conditional": "no @ (Su 09:00-13:00)",
        "name": "Avenida Ladislao Cabrera",
        "oneway": "yes",
        "ref": "F19",
        "sidewalk": "both",
        "surface": "concrete:plates"
      },
      "geometry": {
        "type": "LineString",
        "coordinates": [
          [
            -68.1787308,
            -16.5213749
          ],
          [
            -68.1787858,
            -16.5214347
          ],
          [
            -68.1795817,
            -16.5222998
          ],
          [
            -68.1798866,
            -16.5226313
          ],
          [
            -68.1800772,
            -16.5228385
          ],
          [
            -68.1802942,
            -16.5230744
          ],
          [
            -68.1806004,
            -16.5234077
          ],
          [
            -68.1809349,
            -16.5237718
          ],
          [
            -68.1810014,
            -16.5238431
          ],
          [
            -68.1817107,
            -16.524614
          ],
          [
            -68.182371,
            -16.5253317
          ],
          [
            -68.1824213,
            -16.5253864
          ],
          [
            -68.1831586,
            -16.5261879
          ],
          [
            -68.183432,
            -16.5264851
          ],
          [
            -68.1838449,
            -16.5269339
          ],
          [
            -68.1842069,
            -16.5273274
          ],
          [
            -68.1845724,
            -16.5277247
          ],
          [
            -68.1852935,
            -16.5285085
          ],
          [
            -68.1853409,
            -16.5285601
          ],
          [
            -68.185424,
            -16.5286541
          ],
          [
            -68.1862843,
            -16.5295855
          ],
          [
            -68.1867516,
            -16.5300934
          ],
          [
            -68.1869969,
            -16.53036
          ],
          [
            -68.187399,
            -16.5307971
          ],
          [
            -68.1877604,
            -16.5311899
          ],
          [
            -68.1881234,
            -16.5315844
          ],
          [
            -68.1888984,
            -16.5324173
          ],
          [
            -68.1889824,
            -16.5325672
          ]
        ]
      },
      "id": "way/1098144314"
    },
    {
      "type": "Feature",
      "properties": {
        "@id": "way/1098144315",
        "bicycle": "yes",
        "foot": "no",
        "highway": "trunk",
        "junction": "circular",
        "lanes": "3",
        "motor_vehicle:conditional": "no @ (Su 09:00-13:00)",
        "name": "Rotonda Ladislao Cabrera y Panamericana",
        "oneway": "yes",
        "ref": "F19",
        "surface": "paved"
      },
      "geometry": {
        "type": "LineString",
        "coordinates": [
          [
            -68.1784418,
            -16.5214451
          ],
          [
            -68.1783997,
            -16.5214433
          ],
          [
            -68.1783589,
            -16.5214332
          ],
          [
            -68.1783212,
            -16.5214151
          ],
          [
            -68.1782883,
            -16.52139
          ],
          [
            -68.1782615,
            -16.5213588
          ],
          [
            -68.1782421,
            -16.5213229
          ],
          [
            -68.178231,
            -16.521284
          ],
          [
            -68.1782285,
            -16.5212436
          ],
          [
            -68.1782348,
            -16.5212037
          ]
        ]
      },
      "id": "way/1098144315"
    },
    {
      "type": "Feature",
      "properties": {
        "@id": "way/1098144316",
        "bicycle": "yes",
        "foot": "no",
        "highway": "primary",
        "lanes": "1",
        "motor_vehicle:conditional": "no @ (Su 09:00-13:00)",
        "name": "Avenida Ladislao Cabrera",
        "oneway": "yes",
        "ref": "F19",
        "surface": "concrete:plates"
      },
      "geometry": {
        "type": "LineString",
        "coordinates": [
          [
            -68.1785568,
            -16.521402
          ],
          [
            -68.1782953,
            -16.5211086
          ]
        ]
      },
      "id": "way/1098144316"
    },
    {
      "type": "Feature",
      "properties": {
        "@id": "way/1098144317",
        "bicycle": "yes",
        "foot": "no",
        "highway": "trunk",
        "junction": "circular",
        "lanes": "3",
        "motor_vehicle:conditional": "no @ (Su 09:00-13:00)",
        "name": "Rotonda Ladislao Cabrera y Panamericana",
        "oneway": "yes",
        "ref": "F19",
        "surface": "paved"
      },
      "geometry": {
        "type": "LineString",
        "coordinates": [
          [
            -68.1785568,
            -16.521402
          ],
          [
            -68.178519,
            -16.5214256
          ],
          [
            -68.1784813,
            -16.521439
          ]
        ]
      },
      "id": "way/1098144317"
    },
    {
      "type": "Feature",
      "properties": {
        "@id": "way/1098144318",
        "bicycle": "yes",
        "highway": "trunk",
        "junction": "circular",
        "lanes": "3",
        "motor_vehicle:conditional": "no @ (Su 09:00-13:00)",
        "name": "Rotonda Ladislao Cabrera y Panamericana",
        "oneway": "yes",
        "ref": "F19",
        "surface": "paved"
      },
      "geometry": {
        "type": "LineString",
        "coordinates": [
          [
            -68.1786279,
            -16.5212322
          ],
          [
            -68.1786302,
            -16.521268
          ]
        ]
      },
      "id": "way/1098144318"
    },
    {
      "type": "Feature",
      "properties": {
        "@id": "way/1098144320",
        "bicycle": "yes",
        "highway": "primary",
        "lanes": "1",
        "motor_vehicle:conditional": "no @ (Su 09:00-13:00)",
        "name": "Avenida Ladislao Cabrera",
        "oneway": "yes",
        "ref": "F19",
        "surface": "concrete:plates"
      },
      "geometry": {
        "type": "LineString",
        "coordinates": [
          [
            -68.178616,
            -16.5214702
          ],
          [
            -68.1785568,
            -16.521402
          ]
        ]
      },
      "id": "way/1098144320"
    },
    {
      "type": "Feature",
      "properties": {
        "@id": "way/1098144322",
        "bicycle": "yes",
        "highway": "trunk",
        "lanes": "3",
        "maxspeed": "80",
        "motor_vehicle:conditional": "no @ (Su 09:00-13:00)",
        "name": "Avenida Ladislao Cabrera",
        "oneway": "yes",
        "ref": "F19",
        "source": "yahoo",
        "surface": "concrete:plates"
      },
      "geometry": {
        "type": "LineString",
        "coordinates": [
          [
            -68.178557,
            -16.5215177
          ],
          [
            -68.1784813,
            -16.521439
          ]
        ]
      },
      "id": "way/1098144322"
    },
    {
      "type": "Feature",
      "properties": {
        "@id": "way/1098144323",
        "bicycle": "yes",
        "foot": "no",
        "highway": "trunk",
        "junction": "circular",
        "lanes": "3",
        "motor_vehicle:conditional": "no @ (Su 09:00-13:00)",
        "name": "Rotonda Ladislao Cabrera y Panamericana",
        "oneway": "yes",
        "ref": "F19",
        "surface": "paved"
      },
      "geometry": {
        "type": "LineString",
        "coordinates": [
          [
            -68.1783566,
            -16.5210726
          ],
          [
            -68.1784052,
            -16.5210609
          ],
          [
            -68.1784552,
            -16.5210611
          ]
        ]
      },
      "id": "way/1098144323"
    },
    {
      "type": "Feature",
      "properties": {
        "@id": "way/1098144324",
        "bicycle": "yes",
        "foot": "no",
        "highway": "trunk",
        "junction": "circular",
        "lanes": "3",
        "motor_vehicle:conditional": "no @ (Su 09:00-13:00)",
        "name": "Rotonda Ladislao Cabrera y Panamericana",
        "oneway": "yes",
        "ref": "F19",
        "surface": "paved"
      },
      "geometry": {
        "type": "LineString",
        "coordinates": [
          [
            -68.1782953,
            -16.5211086
          ],
          [
            -68.1783243,
            -16.521088
          ],
          [
            -68.1783566,
            -16.5210726
          ]
        ]
      },
      "id": "way/1098144324"
    },
    {
      "type": "Feature",
      "properties": {
        "@id": "way/1144947885",
        "alt_name": "Ruta 01",
        "highway": "trunk",
        "lanes": "2",
        "name": "Carretera Panamericana Norte",
        "ref": "PE-1N",
        "source": "GPS",
        "surface": "asphalt"
      },
      "geometry": {
        "type": "LineString",
        "coordinates": [
          [
            -81.2029148,
            -4.267715
          ],
          [
            -81.2027087,
            -4.2677317
          ],
          [
            -81.2025072,
            -4.2677466
          ],
          [
            -81.202258,
            -4.2677647
          ],
          [
            -81.201078,
            -4.267819
          ],
          [
            -81.2002689,
            -4.2678526
          ],
          [
            -81.1999495,
            -4.2678546
          ],
          [
            -81.1990471,
            -4.2678567
          ],
          [
            -81.1981921,
            -4.2678625
          ],
          [
            -81.1980078,
            -4.267865
          ],
          [
            -81.1978502,
            -4.2678836
          ],
          [
            -81.1976884,
            -4.2679167
          ],
          [
            -81.1975432,
            -4.2679581
          ],
          [
            -81.1974184,
            -4.2680122
          ],
          [
            -81.1972818,
            -4.268078
          ],
          [
            -81.1971387,
            -4.268167
          ],
          [
            -81.1970329,
            -4.2682456
          ],
          [
            -81.1969303,
            -4.2683421
          ],
          [
            -81.1968503,
            -4.2684318
          ],
          [
            -81.1967694,
            -4.2685249
          ],
          [
            -81.1966927,
            -4.2686324
          ],
          [
            -81.1966159,
            -4.2687442
          ],
          [
            -81.1965372,
            -4.2688847
          ],
          [
            -81.1964831,
            -4.2690234
          ],
          [
            -81.196423,
            -4.2691993
          ],
          [
            -81.1963898,
            -4.2693275
          ],
          [
            -81.1963711,
            -4.2694475
          ],
          [
            -81.196315,
            -4.2698075
          ],
          [
            -81.1962054,
            -4.2705661
          ],
          [
            -81.1961561,
            -4.270976
          ],
          [
            -81.1961467,
            -4.2710636
          ],
          [
            -81.1961294,
            -4.2712258
          ],
          [
            -81.1960489,
            -4.2717796
          ],
          [
            -81.1960275,
            -4.2718773
          ],
          [
            -81.1959378,
            -4.2724956
          ],
          [
            -81.1958131,
            -4.2735352
          ],
          [
            -81.1957655,
            -4.274035
          ],
          [
            -81.1957241,
            -4.2744053
          ],
          [
            -81.1956802,
            -4.2747525
          ],
          [
            -81.1955829,
            -4.2756284
          ],
          [
            -81.1955166,
            -4.2761739
          ],
          [
            -81.1954595,
            -4.2767259
          ],
          [
            -81.1953673,
            -4.2777627
          ],
          [
            -81.1953447,
            -4.2780673
          ],
          [
            -81.1953071,
            -4.2787597
          ],
          [
            -81.1952864,
            -4.2791093
          ],
          [
            -81.1952743,
            -4.2792883
          ],
          [
            -81.1952532,
            -4.2794815
          ],
          [
            -81.195223,
            -4.2796496
          ],
          [
            -81.1951892,
            -4.2798207
          ],
          [
            -81.1951526,
            -4.2799641
          ],
          [
            -81.195091,
            -4.2801645
          ],
          [
            -81.1950279,
            -4.2803225
          ],
          [
            -81.1949481,
            -4.2804999
          ],
          [
            -81.1948372,
            -4.2807116
          ],
          [
            -81.1947213,
            -4.2809061
          ],
          [
            -81.1945834,
            -4.2811138
          ],
          [
            -81.1944257,
            -4.2813192
          ],
          [
            -81.194319,
            -4.281444
          ],
          [
            -81.1941865,
            -4.2815795
          ],
          [
            -81.19341,
            -4.2822928
          ],
          [
            -81.1925651,
            -4.2830417
          ],
          [
            -81.1916699,
            -4.283853
          ],
          [
            -81.1912491,
            -4.284199
          ],
          [
            -81.190964,
            -4.2844497
          ],
          [
            -81.1900817,
            -4.2852504
          ],
          [
            -81.1900594,
            -4.2852699
          ],
          [
            -81.1895991,
            -4.2856731
          ],
          [
            -81.1890742,
            -4.2861379
          ],
          [
            -81.1882078,
            -4.2869224
          ],
          [
            -81.1872677,
            -4.2877522
          ],
          [
            -81.186391,
            -4.2885167
          ],
          [
            -81.185668,
            -4.2891632
          ],
          [
            -81.1849484,
            -4.2897963
          ],
          [
            -81.1847351,
            -4.289994
          ],
          [
            -81.1845503,
            -4.2901447
          ],
          [
            -81.1843772,
            -4.290288
          ],
          [
            -81.1842364,
            -4.2903977
          ],
          [
            -81.1840751,
            -4.2905162
          ],
          [
            -81.1839313,
            -4.2906274
          ],
          [
            -81.1837377,
            -4.2907649
          ],
          [
            -81.183421,
            -4.290974
          ],
          [
            -81.1825912,
            -4.291509
          ],
          [
            -81.181577,
            -4.2921793
          ],
          [
            -81.181291,
            -4.2923666
          ],
          [
            -81.1811253,
            -4.2924763
          ],
          [
            -81.1809844,
            -4.2925757
          ],
          [
            -81.1808158,
            -4.292703
          ],
          [
            -81.1806368,
            -4.2928522
          ],
          [
            -81.1804764,
            -4.292999
          ],
          [
            -81.1802597,
            -4.2931988
          ],
          [
            -81.179749,
            -4.2936901
          ],
          [
            -81.179555,
            -4.2938827
          ],
          [
            -81.1793628,
            -4.2940801
          ],
          [
            -81.1792842,
            -4.2941624
          ],
          [
            -81.179182,
            -4.294261
          ],
          [
            -81.1790789,
            -4.2943497
          ],
          [
            -81.1789137,
            -4.2944836
          ],
          [
            -81.178658,
            -4.2947011
          ],
          [
            -81.1783764,
            -4.2949588
          ],
          [
            -81.1775133,
            -4.2957505
          ],
          [
            -81.1768685,
            -4.2963773
          ],
          [
            -81.1762231,
            -4.2969917
          ],
          [
            -81.175596,
            -4.2975892
          ],
          [
            -81.1754193,
            -4.2977508
          ],
          [
            -81.1753107,
            -4.297862
          ],
          [
            -81.1752169,
            -4.29796
          ],
          [
            -81.1751274,
            -4.2980609
          ],
          [
            -81.1749866,
            -4.2982247
          ],
          [
            -81.1743274,
            -4.2990502
          ],
          [
            -81.1736967,
            -4.2998597
          ],
          [
            -81.1733649,
            -4.3002899
          ],
          [
            -81.1730215,
            -4.3007007
          ],
          [
            -81.1723946,
            -4.3015322
          ],
          [
            -81.1718497,
            -4.3022397
          ],
          [
            -81.1715938,
            -4.3025792
          ],
          [
            -81.1709587,
            -4.3033626
          ],
          [
            -81.1702931,
            -4.3042072
          ],
          [
            -81.1696546,
            -4.305016
          ],
          [
            -81.1689808,
            -4.3058689
          ],
          [
            -81.1683029,
            -4.3067388
          ],
          [
            -81.1676116,
            -4.3075923
          ],
          [
            -81.1669252,
            -4.3084363
          ],
          [
            -81.1663573,
            -4.3091938
          ],
          [
            -81.165739,
            -4.3099796
          ],
          [
            -81.1651339,
            -4.310722
          ],
          [
            -81.164927,
            -4.310997
          ],
          [
            -81.1647833,
            -4.3111739
          ],
          [
            -81.1646674,
            -4.3113085
          ],
          [
            -81.1645559,
            -4.3114298
          ],
          [
            -81.1644503,
            -4.3115294
          ],
          [
            -81.1643418,
            -4.3116274
          ],
          [
            -81.1642244,
            -4.3117239
          ],
          [
            -81.1640675,
            -4.3118409
          ],
          [
            -81.1639179,
            -4.3119433
          ],
          [
            -81.1637638,
            -4.3120384
          ],
          [
            -81.1636084,
            -4.3121261
          ],
          [
            -81.1634306,
            -4.3122235
          ],
          [
            -81.1628544,
            -4.3125284
          ],
          [
            -81.1622531,
            -4.3128551
          ],
          [
            -81.161821,
            -4.3130928
          ],
          [
            -81.1614033,
            -4.31331
          ],
          [
            -81.1601469,
            -4.3139769
          ],
          [
            -81.1595482,
            -4.314307
          ],
          [
            -81.1592255,
            -4.3144854
          ],
          [
            -81.158913,
            -4.3146434
          ],
          [
            -81.1585037,
            -4.3148548
          ],
          [
            -81.1582706,
            -4.3149798
          ],
          [
            -81.1580476,
            -4.3151115
          ],
          [
            -81.157832,
            -4.3152533
          ],
          [
            -81.1576457,
            -4.3153879
          ],
          [
            -81.1574286,
            -4.3155532
          ],
          [
            -81.1569295,
            -4.3159528
          ],
          [
            -81.1566298,
            -4.3162167
          ],
          [
            -81.1562187,
            -4.3165511
          ],
          [
            -81.1559708,
            -4.3167459
          ],
          [
            -81.1558017,
            -4.3168837
          ],
          [
            -81.1555828,
            -4.3170748
          ],
          [
            -81.1553902,
            -4.3172444
          ],
          [
            -81.1550186,
            -4.3175653
          ],
          [
            -81.1543468,
            -4.3181202
          ],
          [
            -81.1541502,
            -4.3182942
          ],
          [
            -81.1536576,
            -4.3186945
          ],
          [
            -81.1530912,
            -4.3191777
          ],
          [
            -81.1526137,
            -4.3195854
          ],
          [
            -81.1525162,
            -4.3196779
          ],
          [
            -81.1524068,
            -4.3197777
          ],
          [
            -81.1522771,
            -4.3198953
          ],
          [
            -81.1521525,
            -4.3200252
          ],
          [
            -81.1509107,
            -4.3213329
          ]
        ]
      },
      "id": "way/1144947885"
    },
    {
      "type": "Feature",
      "properties": {
        "@id": "way/1144947886",
        "alt_name": "Ruta 01",
        "bridge": "yes",
        "bridge:name": "Puente Las Monjas",
        "highway": "trunk",
        "lanes": "2",
        "layer": "1",
        "maxweight": "48",
        "name": "Carretera Panamericana Norte",
        "ref": "PE-1N",
        "source": "GPS",
        "surface": "asphalt"
      },
      "geometry": {
        "type": "LineString",
        "coordinates": [
          [
            -81.1509107,
            -4.3213329
          ],
          [
            -81.1506259,
            -4.321633
          ]
        ]
      },
      "id": "way/1144947886"
    },
    {
      "type": "Feature",
      "properties": {
        "@id": "way/1159768993",
        "foot": "no",
        "highway": "trunk",
        "lane_markings": "yes",
        "lanes": "2",
        "lit": "yes",
        "maxspeed": "80",
        "motorroad": "yes",
        "name": "Avenida Juan Pablo II",
        "oneway": "yes",
        "ref": "F2",
        "sidewalk": "no",
        "start_date": "2026-03-19",
        "surface": "concrete:plates"
      },
      "geometry": {
        "type": "LineString",
        "coordinates": [
          [
            -68.2061224,
            -16.4903469
          ],
          [
            -68.2054382,
            -16.4904832
          ]
        ]
      },
      "id": "way/1159768993"
    },
    {
      "type": "Feature",
      "properties": {
        "@id": "way/1159768995",
        "foot": "no",
        "highway": "trunk",
        "lane_markings": "yes",
        "lanes": "3",
        "lit": "yes",
        "maxspeed": "80",
        "motorroad": "yes",
        "name": "Avenida Juan Pablo II",
        "oneway": "yes",
        "ref": "F2",
        "sidewalk": "no",
        "start_date": "2026-03-19",
        "surface": "concrete:plates"
      },
      "geometry": {
        "type": "LineString",
        "coordinates": [
          [
            -68.2054301,
            -16.4903168
          ],
          [
            -68.2074946,
            -16.4898903
          ]
        ]
      },
      "id": "way/1159768995"
    },
    {
      "type": "Feature",
      "properties": {
        "@id": "way/1159768996",
        "foot": "no",
        "highway": "trunk",
        "lane_markings": "yes",
        "lanes": "5",
        "lit": "yes",
        "maxspeed": "80",
        "motorroad": "yes",
        "name": "Avenida Juan Pablo II",
        "oneway": "yes",
        "ref": "F2",
        "sidewalk": "right",
        "start_date": "2026-03-19",
        "surface": "concrete:plates"
      },
      "geometry": {
        "type": "LineString",
        "coordinates": [
          [
            -68.2088224,
            -16.4896669
          ],
          [
            -68.2102612,
            -16.4893616
          ],
          [
            -68.2110398,
            -16.4891964
          ]
        ]
      },
      "id": "way/1159768996"
    },
    {
      "type": "Feature",
      "properties": {
        "@id": "way/1159768997",
        "foot": "no",
        "highway": "trunk",
        "lane_markings": "yes",
        "lanes": "5",
        "lit": "yes",
        "maxspeed": "80",
        "motorroad": "yes",
        "name": "Avenida Juan Pablo II",
        "oneway": "yes",
        "ref": "F2",
        "sidewalk": "right",
        "start_date": "2026-03-19",
        "surface": "concrete:plates"
      },
      "geometry": {
        "type": "LineString",
        "coordinates": [
          [
            -68.2109624,
            -16.4893635
          ],
          [
            -68.2102834,
            -16.4895036
          ]
        ]
      },
      "id": "way/1159768997"
    },
    {
      "type": "Feature",
      "properties": {
        "@id": "way/1165400028",
        "highway": "trunk",
        "lanes": "4",
        "maxspeed": "70",
        "name": "Avenida 6 de Marzo",
        "oneway": "yes",
        "ref": "F1",
        "surface": "asphalt"
      },
      "geometry": {
        "type": "LineString",
        "coordinates": [
          [
            -68.1734705,
            -16.5355204
          ],
          [
            -68.1735831,
            -16.5358716
          ]
        ]
      },
      "id": "way/1165400028"
    },
    {
      "type": "Feature",
      "properties": {
        "@id": "way/1180178674",
        "highway": "trunk",
        "lanes": "3",
        "lit": "yes",
        "maxspeed": "80",
        "name": "Avenida Juan Pablo II",
        "oneway": "yes",
        "ref": "F2",
        "sidewalk": "right",
        "smoothness": "intermediate",
        "surface": "asphalt"
      },
      "geometry": {
        "type": "LineString",
        "coordinates": [
          [
            -68.205263,
            -16.4905479
          ],
          [
            -68.2044555,
            -16.4907019
          ],
          [
            -68.2043242,
            -16.490727
          ]
        ]
      },
      "id": "way/1180178674"
    },
    {
      "type": "Feature",
      "properties": {
        "@id": "way/1180178675",
        "highway": "trunk",
        "lanes": "3",
        "lit": "yes",
        "maxspeed": "80",
        "name": "Avenida Juan Pablo II",
        "oneway": "yes",
        "ref": "F2",
        "sidewalk": "right",
        "smoothness": "intermediate",
        "surface": "asphalt"
      },
      "geometry": {
        "type": "LineString",
        "coordinates": [
          [
            -68.2042846,
            -16.4905799
          ],
          [
            -68.2044209,
            -16.490553
          ],
          [
            -68.2047957,
            -16.4904791
          ],
          [
            -68.2049119,
            -16.4904561
          ],
          [
            -68.2053162,
            -16.4903763
          ]
        ]
      },
      "id": "way/1180178675"
    },
    {
      "type": "Feature",
      "properties": {
        "@id": "way/1180236333",
        "alt_name": "Calle 12",
        "bicycle": "yes",
        "foot": "no",
        "highway": "primary",
        "lanes": "2",
        "lit": "yes",
        "maxspeed:type": "BO:urban",
        "name": "Avenida Satélite",
        "oneway": "yes",
        "parking:lane:left": "no_parking",
        "parking:lane:right": "parallel",
        "sidewalk": "both",
        "sidewalk:both:surface": "concrete",
        "smoothness": "good",
        "surface": "concrete",
        "wheelchair": "limited",
        "width": "8.6"
      },
      "geometry": {
        "type": "LineString",
        "coordinates": [
          [
            -68.1511237,
            -16.5239319
          ],
          [
            -68.1510413,
            -16.523962
          ]
        ]
      },
      "id": "way/1180236333"
    },
    {
      "type": "Feature",
      "properties": {
        "@id": "way/1190656734",
        "bridge": "viaduct",
        "bridge:name": "Distribuidor La Ceja",
        "bridge:structure": "beam",
        "highway": "trunk",
        "lanes": "3",
        "layer": "1",
        "lit": "yes",
        "maxspeed": "80",
        "name": "Avenida Juan Pablo II",
        "oneway": "yes",
        "ref": "F2",
        "sidewalk": "right",
        "surface": "concrete"
      },
      "geometry": {
        "type": "LineString",
        "coordinates": [
          [
            -68.1624836,
            -16.5036115
          ],
          [
            -68.1627973,
            -16.5034703
          ]
        ]
      },
      "id": "way/1190656734"
    },
    {
      "type": "Feature",
      "properties": {
        "@id": "way/1190657761",
        "highway": "primary",
        "lanes": "2",
        "lit": "yes",
        "name": "Avenida 6 de Marzo",
        "oneway": "yes",
        "sidewalk": "right",
        "start_date": "2024-10-04",
        "surface": "asphalt"
      },
      "geometry": {
        "type": "LineString",
        "coordinates": [
          [
            -68.1854129,
            -16.5796924
          ],
          [
            -68.1853913,
            -16.5800747
          ],
          [
            -68.1853594,
            -16.5805191
          ]
        ]
      },
      "id": "way/1190657761"
    },
    {
      "type": "Feature",
      "properties": {
        "@id": "way/1190657768",
        "highway": "trunk",
        "lane_markings": "yes",
        "lanes": "2",
        "lit": "yes",
        "motorroad": "yes",
        "name": "Avenida 6 de Marzo",
        "oneway": "yes",
        "ref": "F1",
        "sidewalk": "no",
        "start_date": "2024-10-04",
        "surface": "asphalt"
      },
      "geometry": {
        "type": "LineString",
        "coordinates": [
          [
            -68.1853567,
            -16.5789413
          ],
          [
            -68.1852808,
            -16.5799953
          ]
        ]
      },
      "id": "way/1190657768"
    },
    {
      "type": "Feature",
      "properties": {
        "@id": "way/1190657769",
        "embankment": "yes",
        "highway": "trunk",
        "incline": "down",
        "lanes": "2",
        "lit": "yes",
        "motorroad": "yes",
        "name": "Avenida 6 de Marzo",
        "oneway": "yes",
        "ref": "F1",
        "sidewalk": "no",
        "start_date": "2024-10-04",
        "surface": "paved"
      },
      "geometry": {
        "type": "LineString",
        "coordinates": [
          [
            -68.185131,
            -16.5808943
          ],
          [
            -68.1851944,
            -16.5799868
          ]
        ]
      },
      "id": "way/1190657769"
    },
    {
      "type": "Feature",
      "properties": {
        "@id": "way/1190657770",
        "highway": "primary",
        "lanes": "2",
        "lit": "yes",
        "name": "Avenida 6 de Marzo",
        "oneway": "yes",
        "sidewalk": "right",
        "start_date": "2024-10-04",
        "surface": "asphalt"
      },
      "geometry": {
        "type": "LineString",
        "coordinates": [
          [
            -68.1849832,
            -16.5814196
          ],
          [
            -68.1849926,
            -16.5812394
          ],
          [
            -68.1850136,
            -16.5808402
          ],
          [
            -68.1850643,
            -16.5802225
          ],
          [
            -68.1851597,
            -16.5789589
          ]
        ]
      },
      "id": "way/1190657770"
    },
    {
      "type": "Feature",
      "properties": {
        "@id": "way/1190662692",
        "highway": "primary",
        "name": "RN41: Ruta Nacional 41",
        "oneway": "no",
        "ref": "F41",
        "surface": "unpaved"
      },
      "geometry": {
        "type": "LineString",
        "coordinates": [
          [
            -68.1662335,
            -16.4416873
          ],
          [
            -68.1662699,
            -16.4417348
          ],
          [
            -68.1663258,
            -16.4418093
          ]
        ]
      },
      "id": "way/1190662692"
    },
    {
      "type": "Feature",
      "properties": {
        "@id": "way/1190662693",
        "highway": "primary",
        "name": "RN41: Ruta Nacional 41",
        "oneway": "no",
        "ref": "F41",
        "surface": "unpaved"
      },
      "geometry": {
        "type": "LineString",
        "coordinates": [
          [
            -68.1660834,
            -16.441482
          ],
          [
            -68.1661193,
            -16.4415343
          ],
          [
            -68.1661768,
            -16.4416122
          ]
        ]
      },
      "id": "way/1190662693"
    },
    {
      "type": "Feature",
      "properties": {
        "@id": "way/1190662694",
        "highway": "primary",
        "lanes": "2",
        "name": "RN41: Rio Seke-La Cumbre",
        "oneway": "no",
        "ref": "F41",
        "surface": "paved"
      },
      "geometry": {
        "type": "LineString",
        "coordinates": [
          [
            -68.1577092,
            -16.433176
          ],
          [
            -68.1583348,
            -16.4333878
          ],
          [
            -68.1586247,
            -16.4335165
          ],
          [
            -68.1588411,
            -16.4336199
          ],
          [
            -68.1595128,
            -16.4340041
          ],
          [
            -68.1595781,
            -16.4340439
          ],
          [
            -68.1600609,
            -16.4343385
          ],
          [
            -68.1603949,
            -16.4345305
          ],
          [
            -68.1616226,
            -16.4350792
          ],
          [
            -68.1619977,
            -16.4352788
          ],
          [
            -68.1621261,
            -16.4353447
          ],
          [
            -68.1623789,
            -16.4355331
          ],
          [
            -68.1625852,
            -16.4357483
          ],
          [
            -68.1627861,
            -16.4360281
          ],
          [
            -68.1631715,
            -16.4366113
          ],
          [
            -68.164253,
            -16.438413
          ],
          [
            -68.1651537,
            -16.4399534
          ],
          [
            -68.165981,
            -16.4413326
          ],
          [
            -68.1660834,
            -16.441482
          ]
        ]
      },
      "id": "way/1190662694"
    },
    {
      "type": "Feature",
      "properties": {
        "@id": "way/1190666492",
        "highway": "trunk",
        "lanes": "4",
        "maxspeed": "40",
        "name": "Avenida 6 de Marzo",
        "oneway": "yes",
        "ref": "F1",
        "surface": "asphalt"
      },
      "geometry": {
        "type": "LineString",
        "coordinates": [
          [
            -68.1628723,
            -16.5040686
          ],
          [
            -68.1628742,
            -16.5040751
          ]
        ]
      },
      "id": "way/1190666492"
    },
    {
      "type": "Feature",
      "properties": {
        "@id": "way/1190706385",
        "highway": "primary",
        "lane_markings": "yes",
        "lanes": "2",
        "lit": "yes",
        "name": "Avenida Juan Pablo II",
        "oneway": "yes",
        "sidewalk": "right",
        "start_date": "2026-03-19",
        "surface": "concrete:plates"
      },
      "geometry": {
        "type": "LineString",
        "coordinates": [
          [
            -68.207557,
            -16.4901318
          ],
          [
            -68.2064994,
            -16.4903466
          ],
          [
            -68.2054531,
            -16.490559
          ]
        ]
      },
      "id": "way/1190706385"
    },
    {
      "type": "Feature",
      "properties": {
        "@id": "way/1190710464",
        "hgv": "designated",
        "highway": "primary",
        "lanes": "3",
        "name": "Avenida Costanera",
        "oneway": "yes",
        "surface": "concrete:plates"
      },
      "geometry": {
        "type": "LineString",
        "coordinates": [
          [
            -68.2177683,
            -16.5147382
          ],
          [
            -68.2176941,
            -16.5145735
          ],
          [
            -68.2175959,
            -16.514382
          ],
          [
            -68.2175714,
            -16.5143434
          ],
          [
            -68.2175208,
            -16.5142857
          ],
          [
            -68.2170581,
            -16.5137707
          ],
          [
            -68.2169964,
            -16.5137017
          ],
          [
            -68.2167129,
            -16.5133843
          ],
          [
            -68.2159972,
            -16.5127288
          ],
          [
            -68.2159037,
            -16.5126005
          ]
        ]
      },
      "id": "way/1190710464"
    },
    {
      "type": "Feature",
      "properties": {
        "@id": "way/1190850244",
        "bicycle": "yes",
        "highway": "primary",
        "lanes": "2",
        "motor_vehicle:conditional": "no @ (Su 09:00-13:00)",
        "name": "Avenida Santa Vera Cruz",
        "oneway": "yes",
        "ref": "F41",
        "surface": "asphalt"
      },
      "geometry": {
        "type": "LineString",
        "coordinates": [
          [
            -68.1867145,
            -16.4811355
          ],
          [
            -68.1868111,
            -16.4812351
          ],
          [
            -68.1871586,
            -16.4815933
          ],
          [
            -68.1872024,
            -16.4816384
          ],
          [
            -68.1876008,
            -16.482049
          ]
        ]
      },
      "id": "way/1190850244"
    },
    {
      "type": "Feature",
      "properties": {
        "@id": "way/1190850245",
        "bicycle": "yes",
        "highway": "primary",
        "lanes": "2",
        "motor_vehicle:conditional": "no @ (Su 09:00-13:00)",
        "name": "Avenida Santa Vera Cruz",
        "oneway": "yes",
        "ref": "F41",
        "surface": "asphalt"
      },
      "geometry": {
        "type": "LineString",
        "coordinates": [
          [
            -68.1875499,
            -16.4821325
          ],
          [
            -68.1871546,
            -16.4817361
          ],
          [
            -68.1870905,
            -16.4816707
          ],
          [
            -68.1867378,
            -16.4813107
          ]
        ]
      },
      "id": "way/1190850245"
    },
    {
      "type": "Feature",
      "properties": {
        "@id": "way/1190853591",
        "highway": "primary",
        "lanes": "2",
        "name": "Avenida Santa Vera Cruz",
        "oneway": "yes",
        "ref": "F41",
        "surface": "asphalt"
      },
      "geometry": {
        "type": "LineString",
        "coordinates": [
          [
            -68.1916836,
            -16.48644
          ],
          [
            -68.1917685,
            -16.48679
          ]
        ]
      },
      "id": "way/1190853591"
    },
    {
      "type": "Feature",
      "properties": {
        "@id": "way/1190885663",
        "hgv": "designated",
        "highway": "primary",
        "junction": "roundabout",
        "lanes": "2",
        "name": "Rotonda Litoral y Junin",
        "oneway": "yes",
        "surface": "asphalt"
      },
      "geometry": {
        "type": "LineString",
        "coordinates": [
          [
            -68.215443,
            -16.5272212
          ],
          [
            -68.2154741,
            -16.5272221
          ],
          [
            -68.2155049,
            -16.527227
          ],
          [
            -68.2155346,
            -16.527236
          ],
          [
            -68.2155628,
            -16.5272488
          ],
          [
            -68.2155889,
            -16.5272651
          ],
          [
            -68.2156124,
            -16.5272848
          ],
          [
            -68.2156328,
            -16.5273074
          ],
          [
            -68.2156498,
            -16.5273324
          ],
          [
            -68.215663,
            -16.5273595
          ],
          [
            -68.2156723,
            -16.527388
          ],
          [
            -68.2156773,
            -16.5274175
          ],
          [
            -68.2156781,
            -16.5274474
          ],
          [
            -68.215676,
            -16.5274685
          ],
          [
            -68.2156718,
            -16.5274893
          ],
          [
            -68.2156655,
            -16.5275096
          ]
        ]
      },
      "id": "way/1190885663"
    },
    {
      "type": "Feature",
      "properties": {
        "@id": "way/1190902571",
        "highway": "primary",
        "lane_markings": "yes",
        "lanes": "3",
        "lit": "yes",
        "name": "Avenida Buenos Aires",
        "oneway": "yes",
        "sidewalk": "right",
        "start_date": "2026-03-19",
        "surface": "concrete:plates"
      },
      "geometry": {
        "type": "LineString",
        "coordinates": [
          [
            -68.2103781,
            -16.4908171
          ],
          [
            -68.2098219,
            -16.4906129
          ],
          [
            -68.2093037,
            -16.4904227
          ]
        ]
      },
      "id": "way/1190902571"
    },
    {
      "type": "Feature",
      "properties": {
        "@id": "way/1190902572",
        "highway": "primary",
        "lane_markings": "yes",
        "lanes": "2",
        "lit": "yes",
        "name": "Avenida Juan Pablo II",
        "oneway": "yes",
        "sidewalk": "right",
        "start_date": "2026-03-19",
        "surface": "concrete:plates"
      },
      "geometry": {
        "type": "LineString",
        "coordinates": [
          [
            -68.2081479,
            -16.4900118
          ],
          [
            -68.207557,
            -16.4901318
          ]
        ]
      },
      "id": "way/1190902572"
    },
    {
      "type": "Feature",
      "properties": {
        "@id": "way/1190914068",
        "highway": "primary",
        "name": "Avenida Estructurante",
        "oneway": "yes",
        "source": "bing",
        "surface": "concrete"
      },
      "geometry": {
        "type": "LineString",
        "coordinates": [
          [
            -68.2097361,
            -16.5551772
          ],
          [
            -68.2096971,
            -16.5552075
          ]
        ]
      },
      "id": "way/1190914068"
    },
    {
      "type": "Feature",
      "properties": {
        "@id": "way/1190914923",
        "highway": "trunk",
        "lanes": "2",
        "maxspeed": "80",
        "name": "Avenida Ladislao Cabrera",
        "oneway": "no",
        "ref": "F19",
        "source": "yahoo, bing",
        "surface": "asphalt"
      },
      "geometry": {
        "type": "LineString",
        "coordinates": [
          [
            -68.2107338,
            -16.5562662
          ],
          [
            -68.2107732,
            -16.5563097
          ],
          [
            -68.2113767,
            -16.5569755
          ],
          [
            -68.2121298,
            -16.5577836
          ],
          [
            -68.2128352,
            -16.5585518
          ],
          [
            -68.2135216,
            -16.5593099
          ]
        ]
      },
      "id": "way/1190914923"
    },
    {
      "type": "Feature",
      "properties": {
        "@id": "way/1190916122",
        "highway": "trunk",
        "lanes": "2",
        "maxspeed": "80",
        "name": "Avenida Ladislao Cabrera",
        "oneway": "no",
        "ref": "F19",
        "source": "yahoo, bing",
        "surface": "asphalt"
      },
      "geometry": {
        "type": "LineString",
        "coordinates": [
          [
            -68.2204435,
            -16.5668031
          ],
          [
            -68.2211793,
            -16.5675925
          ],
          [
            -68.2218267,
            -16.568309
          ],
          [
            -68.2225791,
            -16.5690812
          ],
          [
            -68.2226586,
            -16.5691706
          ],
          [
            -68.223384,
            -16.569911
          ]
        ]
      },
      "id": "way/1190916122"
    },
    {
      "type": "Feature",
      "properties": {
        "@id": "way/1190929028",
        "alt_name": "Señor de la Cruz",
        "highway": "primary",
        "name": "Calle Calacoto",
        "oneway": "yes",
        "ref": "F41",
        "source": "bing",
        "surface": "concrete"
      },
      "geometry": {
        "type": "LineString",
        "coordinates": [
          [
            -68.1780109,
            -16.4657906
          ],
          [
            -68.1784386,
            -16.4654087
          ]
        ]
      },
      "id": "way/1190929028"
    },
    {
      "type": "Feature",
      "properties": {
        "@id": "way/1190929029",
        "alt_name": "Señor de la Cruz",
        "highway": "primary",
        "name": "Calle Calacoto",
        "oneway": "yes",
        "ref": "F41",
        "source": "bing",
        "surface": "concrete"
      },
      "geometry": {
        "type": "LineString",
        "coordinates": [
          [
            -68.1781435,
            -16.465848
          ],
          [
            -68.1773495,
            -16.4665548
          ]
        ]
      },
      "id": "way/1190929029"
    },
    {
      "type": "Feature",
      "properties": {
        "@id": "way/1190929030",
        "alt_name": "Señor de la Cruz",
        "highway": "primary",
        "name": "Calle Calacoto",
        "oneway": "yes",
        "ref": "F41",
        "source": "bing",
        "surface": "concrete"
      },
      "geometry": {
        "type": "LineString",
        "coordinates": [
          [
            -68.1785657,
            -16.4654864
          ],
          [
            -68.1781435,
            -16.465848
          ]
        ]
      },
      "id": "way/1190929030"
    },
    {
      "type": "Feature",
      "properties": {
        "@id": "way/1190929031",
        "alt_name": "Señor de la Cruz",
        "highway": "primary",
        "name": "Calle Calacoto",
        "oneway": "yes",
        "ref": "F41",
        "source": "bing",
        "surface": "concrete"
      },
      "geometry": {
        "type": "LineString",
        "coordinates": [
          [
            -68.1773495,
            -16.4665548
          ],
          [
            -68.1772901,
            -16.4666109
          ],
          [
            -68.1770847,
            -16.466805
          ],
          [
            -68.1766737,
            -16.46716
          ],
          [
            -68.176384,
            -16.4674184
          ],
          [
            -68.1763257,
            -16.4674735
          ]
        ]
      },
      "id": "way/1190929031"
    },
    {
      "type": "Feature",
      "properties": {
        "@id": "way/1190929032",
        "alt_name": "Señor de la Cruz",
        "highway": "primary",
        "name": "Calle Calacoto",
        "oneway": "yes",
        "ref": "F41",
        "source": "bing",
        "surface": "concrete"
      },
      "geometry": {
        "type": "LineString",
        "coordinates": [
          [
            -68.1772681,
            -16.4664612
          ],
          [
            -68.177597,
            -16.4661674
          ],
          [
            -68.1780109,
            -16.4657906
          ]
        ]
      },
      "id": "way/1190929032"
    },
    {
      "type": "Feature",
      "properties": {
        "@id": "way/1191846824",
        "alt_name": "Señor de la Cruz",
        "highway": "primary",
        "name": "Calle Calacoto",
        "oneway": "yes",
        "ref": "F41",
        "source": "bing",
        "surface": "concrete"
      },
      "geometry": {
        "type": "LineString",
        "coordinates": [
          [
            -68.1857391,
            -16.4590647
          ],
          [
            -68.1854375,
            -16.4593263
          ]
        ]
      },
      "id": "way/1191846824"
    },
    {
      "type": "Feature",
      "properties": {
        "@id": "way/1191846825",
        "alt_name": "Señor de la Cruz",
        "highway": "primary",
        "name": "Calle Calacoto",
        "oneway": "yes",
        "ref": "F41",
        "source": "bing",
        "surface": "concrete"
      },
      "geometry": {
        "type": "LineString",
        "coordinates": [
          [
            -68.1858344,
            -16.4590293
          ],
          [
            -68.1857391,
            -16.4590647
          ]
        ]
      },
      "id": "way/1191846825"
    },
    {
      "type": "Feature",
      "properties": {
        "@id": "way/1191846827",
        "alt_name": "Señor de la Cruz",
        "highway": "primary",
        "name": "Calle Calacoto",
        "oneway": "yes",
        "ref": "F41",
        "source": "bing",
        "surface": "concrete"
      },
      "geometry": {
        "type": "LineString",
        "coordinates": [
          [
            -68.1856144,
            -16.4589846
          ],
          [
            -68.1856833,
            -16.4589311
          ]
        ]
      },
      "id": "way/1191846827"
    },
    {
      "type": "Feature",
      "properties": {
        "@id": "way/1191846828",
        "alt_name": "Señor de la Cruz",
        "highway": "primary",
        "name": "Calle Calacoto",
        "oneway": "yes",
        "ref": "F41",
        "source": "bing",
        "surface": "concrete"
      },
      "geometry": {
        "type": "LineString",
        "coordinates": [
          [
            -68.1850594,
            -16.4594686
          ],
          [
            -68.1856144,
            -16.4589846
          ]
        ]
      },
      "id": "way/1191846828"
    },
    {
      "type": "Feature",
      "properties": {
        "@id": "way/1191846829",
        "alt_name": "Señor de la Cruz",
        "highway": "primary",
        "name": "Calle Calacoto",
        "oneway": "yes",
        "ref": "F41",
        "source": "bing",
        "surface": "concrete"
      },
      "geometry": {
        "type": "LineString",
        "coordinates": [
          [
            -68.1820313,
            -16.4623771
          ],
          [
            -68.1815816,
            -16.4627618
          ],
          [
            -68.1812073,
            -16.4631021
          ],
          [
            -68.1808059,
            -16.463486
          ]
        ]
      },
      "id": "way/1191846829"
    },
    {
      "type": "Feature",
      "properties": {
        "@id": "way/1191846830",
        "alt_name": "Señor de la Cruz",
        "highway": "primary",
        "name": "Calle Calacoto",
        "oneway": "yes",
        "ref": "F41",
        "source": "bing",
        "surface": "concrete"
      },
      "geometry": {
        "type": "LineString",
        "coordinates": [
          [
            -68.1808059,
            -16.463486
          ],
          [
            -68.1804091,
            -16.4638302
          ],
          [
            -68.1801781,
            -16.4640325
          ],
          [
            -68.1799285,
            -16.4642573
          ],
          [
            -68.1789988,
            -16.465089
          ]
        ]
      },
      "id": "way/1191846830"
    },
    {
      "type": "Feature",
      "properties": {
        "@id": "way/1191846831",
        "alt_name": "Señor de la Cruz",
        "highway": "primary",
        "name": "Calle Calacoto",
        "oneway": "yes",
        "ref": "F41",
        "source": "bing",
        "surface": "concrete"
      },
      "geometry": {
        "type": "LineString",
        "coordinates": [
          [
            -68.1807136,
            -16.4633861
          ],
          [
            -68.180915,
            -16.4631921
          ],
          [
            -68.1813347,
            -16.4628204
          ],
          [
            -68.1817545,
            -16.4624397
          ],
          [
            -68.1819354,
            -16.4622784
          ]
        ]
      },
      "id": "way/1191846831"
    },
    {
      "type": "Feature",
      "properties": {
        "@id": "way/1191846832",
        "alt_name": "Señor de la Cruz",
        "highway": "primary",
        "name": "Calle Calacoto",
        "oneway": "yes",
        "ref": "F41",
        "source": "bing",
        "surface": "concrete"
      },
      "geometry": {
        "type": "LineString",
        "coordinates": [
          [
            -68.1789125,
            -16.4649946
          ],
          [
            -68.1792667,
            -16.4646906
          ],
          [
            -68.1796709,
            -16.4643284
          ],
          [
            -68.180093,
            -16.4639476
          ],
          [
            -68.1804929,
            -16.463584
          ],
          [
            -68.1807136,
            -16.4633861
          ]
        ]
      },
      "id": "way/1191846832"
    },
    {
      "type": "Feature",
      "properties": {
        "@id": "way/1191857791",
        "highway": "trunk",
        "lanes": "3",
        "maxspeed": "80",
        "name": "Avenida Ladislao Cabrera",
        "oneway": "yes",
        "ref": "F19",
        "source": "yahoo",
        "surface": "concrete"
      },
      "geometry": {
        "type": "LineString",
        "coordinates": [
          [
            -68.1892928,
            -16.5331149
          ],
          [
            -68.1889155,
            -16.5327124
          ]
        ]
      },
      "id": "way/1191857791"
    },
    {
      "type": "Feature",
      "properties": {
        "@id": "way/1191870571",
        "alt_name": "Señor de la Cruz",
        "highway": "primary",
        "name": "Calle Calacoto",
        "oneway": "yes",
        "ref": "F41",
        "source": "bing",
        "surface": "concrete"
      },
      "geometry": {
        "type": "LineString",
        "coordinates": [
          [
            -68.1762421,
            -16.4673886
          ],
          [
            -68.1766665,
            -16.4670121
          ],
          [
            -68.1772122,
            -16.4665116
          ],
          [
            -68.1772681,
            -16.4664612
          ]
        ]
      },
      "id": "way/1191870571"
    },
    {
      "type": "Feature",
      "properties": {
        "@id": "way/1191870573",
        "alt_name": "Señor de la Cruz",
        "highway": "primary",
        "name": "Calle Calacoto",
        "oneway": "yes",
        "ref": "F41",
        "source": "bing",
        "surface": "concrete"
      },
      "geometry": {
        "type": "LineString",
        "coordinates": [
          [
            -68.1763257,
            -16.4674735
          ],
          [
            -68.1761028,
            -16.4676791
          ],
          [
            -68.1757638,
            -16.4679841
          ],
          [
            -68.1754231,
            -16.4682876
          ],
          [
            -68.174864,
            -16.4687785
          ],
          [
            -68.174798,
            -16.4688363
          ]
        ]
      },
      "id": "way/1191870573"
    },
    {
      "type": "Feature",
      "properties": {
        "@id": "way/1191870574",
        "alt_name": "Señor de la Cruz",
        "highway": "primary",
        "name": "Calle Calacoto",
        "oneway": "yes",
        "ref": "F41",
        "source": "bing",
        "surface": "concrete"
      },
      "geometry": {
        "type": "LineString",
        "coordinates": [
          [
            -68.1784386,
            -16.4654087
          ],
          [
            -68.1788448,
            -16.4650541
          ],
          [
            -68.1789125,
            -16.4649946
          ]
        ]
      },
      "id": "way/1191870574"
    },
    {
      "type": "Feature",
      "properties": {
        "@id": "way/1191870576",
        "alt_name": "Señor de la Cruz",
        "highway": "primary",
        "name": "Calle Calacoto",
        "oneway": "yes",
        "ref": "F41",
        "source": "bing",
        "surface": "concrete"
      },
      "geometry": {
        "type": "LineString",
        "coordinates": [
          [
            -68.1789988,
            -16.465089
          ],
          [
            -68.1785657,
            -16.4654864
          ]
        ]
      },
      "id": "way/1191870576"
    },
    {
      "type": "Feature",
      "properties": {
        "@id": "way/1191894539",
        "highway": "trunk",
        "lanes": "2",
        "lit": "yes",
        "maxspeed": "80",
        "name": "Doble Vía La Paz-Oruro",
        "oneway": "yes",
        "ref": "F1",
        "shoulder": "right",
        "surface": "asphalt"
      },
      "geometry": {
        "type": "LineString",
        "coordinates": [
          [
            -68.1872711,
            -16.6790798
          ],
          [
            -68.1865315,
            -16.6769917
          ],
          [
            -68.1861845,
            -16.6760027
          ],
          [
            -68.1856227,
            -16.6743286
          ],
          [
            -68.1835512,
            -16.6686564
          ],
          [
            -68.1832309,
            -16.6677087
          ],
          [
            -68.1824666,
            -16.6655178
          ],
          [
            -68.1815628,
            -16.6627477
          ],
          [
            -68.1809262,
            -16.6609338
          ],
          [
            -68.1807961,
            -16.6605476
          ],
          [
            -68.180458,
            -16.6596079
          ],
          [
            -68.1800969,
            -16.6584861
          ],
          [
            -68.1799199,
            -16.6579297
          ],
          [
            -68.1797932,
            -16.6573926
          ],
          [
            -68.1797392,
            -16.6568959
          ],
          [
            -68.1797228,
            -16.6564496
          ],
          [
            -68.179722,
            -16.6559484
          ],
          [
            -68.17983,
            -16.654375
          ],
          [
            -68.1799534,
            -16.6527133
          ],
          [
            -68.1801534,
            -16.6503998
          ],
          [
            -68.1802601,
            -16.6489064
          ],
          [
            -68.1803494,
            -16.6476247
          ],
          [
            -68.1804546,
            -16.6462766
          ],
          [
            -68.180494,
            -16.6457712
          ],
          [
            -68.1806494,
            -16.643985
          ],
          [
            -68.1807953,
            -16.6420615
          ],
          [
            -68.1809614,
            -16.6400466
          ],
          [
            -68.1810001,
            -16.6394774
          ],
          [
            -68.181003,
            -16.6394187
          ]
        ]
      },
      "id": "way/1191894539"
    },
    {
      "type": "Feature",
      "properties": {
        "@id": "way/1191899751",
        "highway": "primary",
        "lanes": "3",
        "name": "Avenida Bolivia",
        "oneway": "yes",
        "surface": "asphalt"
      },
      "geometry": {
        "type": "LineString",
        "coordinates": [
          [
            -68.1925933,
            -16.532645
          ],
          [
            -68.193177,
            -16.5320973
          ]
        ]
      },
      "id": "way/1191899751"
    },
    {
      "type": "Feature",
      "properties": {
        "@id": "way/1191899752",
        "highway": "primary",
        "lanes": "3",
        "name": "Avenida Bolivia",
        "oneway": "yes",
        "source": "bing",
        "surface": "asphalt"
      },
      "geometry": {
        "type": "LineString",
        "coordinates": [
          [
            -68.1932658,
            -16.5321944
          ],
          [
            -68.1926818,
            -16.5327408
          ]
        ]
      },
      "id": "way/1191899752"
    },
    {
      "type": "Feature",
      "properties": {
        "@id": "way/1191904312",
        "highway": "primary",
        "lanes": "1",
        "name": "Avenida Ladislao Cabrera",
        "oneway": "yes",
        "ref": "F19",
        "surface": "asphalt",
        "width": "3.5"
      },
      "geometry": {
        "type": "LineString",
        "coordinates": [
          [
            -68.1742684,
            -16.5166753
          ],
          [
            -68.174972,
            -16.5174175
          ]
        ]
      },
      "id": "way/1191904312"
    },
    {
      "type": "Feature",
      "properties": {
        "@id": "way/1191911258",
        "highway": "trunk",
        "lanes": "2",
        "maxspeed": "80",
        "name": "Avenida Ladislao Cabrera",
        "oneway": "no",
        "ref": "F19",
        "surface": "unpaved"
      },
      "geometry": {
        "type": "LineString",
        "coordinates": [
          [
            -68.1920433,
            -16.5359994
          ],
          [
            -68.1922029,
            -16.5361687
          ]
        ]
      },
      "id": "way/1191911258"
    },
    {
      "type": "Feature",
      "properties": {
        "@id": "way/1191912107",
        "hgv": "designated",
        "highway": "primary",
        "lanes": "3",
        "name": "Avenida Costanera",
        "oneway": "yes",
        "surface": "concrete:plates"
      },
      "geometry": {
        "type": "LineString",
        "coordinates": [
          [
            -68.2170677,
            -16.5132518
          ],
          [
            -68.2174762,
            -16.5136999
          ],
          [
            -68.2178317,
            -16.5140856
          ],
          [
            -68.2180805,
            -16.5143555
          ],
          [
            -68.2182005,
            -16.5144799
          ]
        ]
      },
      "id": "way/1191912107"
    },
    {
      "type": "Feature",
      "properties": {
        "@id": "way/1191920191",
        "highway": "trunk",
        "lanes": "4",
        "name": "Avenida 6 de Marzo",
        "oneway": "yes",
        "ref": "F1",
        "surface": "asphalt"
      },
      "geometry": {
        "type": "LineString",
        "coordinates": [
          [
            -68.1689791,
            -16.5227027
          ],
          [
            -68.1689379,
            -16.5225668
          ]
        ]
      },
      "id": "way/1191920191"
    },
    {
      "type": "Feature",
      "properties": {
        "@id": "way/1191920192",
        "highway": "trunk",
        "lanes": "4",
        "name": "Avenida 6 de Marzo",
        "oneway": "yes",
        "ref": "F1",
        "surface": "asphalt"
      },
      "geometry": {
        "type": "LineString",
        "coordinates": [
          [
            -68.169193,
            -16.523379
          ],
          [
            -68.1691448,
            -16.5232431
          ],
          [
            -68.1689791,
            -16.5227027
          ]
        ]
      },
      "id": "way/1191920192"
    },
    {
      "type": "Feature",
      "properties": {
        "@id": "way/1191920193",
        "highway": "trunk",
        "lanes": "4",
        "maxspeed": "40",
        "name": "Avenida 6 de Marzo",
        "oneway": "yes",
        "ref": "F1",
        "surface": "asphalt"
      },
      "geometry": {
        "type": "LineString",
        "coordinates": [
          [
            -68.1690791,
            -16.5225337
          ],
          [
            -68.1691189,
            -16.5226654
          ]
        ]
      },
      "id": "way/1191920193"
    },
    {
      "type": "Feature",
      "properties": {
        "@id": "way/1191923435",
        "highway": "primary",
        "lanes": "2",
        "name": "Avenida 6 de Marzo",
        "oneway": "yes",
        "surface": "asphalt"
      },
      "geometry": {
        "type": "LineString",
        "coordinates": [
          [
            -68.1762899,
            -16.5445918
          ],
          [
            -68.1756595,
            -16.5427324
          ],
          [
            -68.1755034,
            -16.5422812
          ],
          [
            -68.1750472,
            -16.5409176
          ],
          [
            -68.174944,
            -16.5406093
          ]
        ]
      },
      "id": "way/1191923435"
    },
    {
      "type": "Feature",
      "properties": {
        "@id": "way/1191936502",
        "highway": "trunk",
        "lanes": "4",
        "maxspeed": "70",
        "name": "Avenida 6 de Marzo",
        "oneway": "yes",
        "ref": "F1",
        "surface": "asphalt"
      },
      "geometry": {
        "type": "LineString",
        "coordinates": [
          [
            -68.1692406,
            -16.5235196
          ],
          [
            -68.1692171,
            -16.5234501
          ],
          [
            -68.169193,
            -16.523379
          ]
        ]
      },
      "id": "way/1191936502"
    },
    {
      "type": "Feature",
      "properties": {
        "@id": "way/1191936503",
        "highway": "trunk",
        "lanes": "4",
        "maxspeed": "40",
        "name": "Avenida 6 de Marzo",
        "oneway": "yes",
        "ref": "F1",
        "surface": "asphalt"
      },
      "geometry": {
        "type": "LineString",
        "coordinates": [
          [
            -68.1693386,
            -16.5233282
          ],
          [
            -68.1693573,
            -16.5233919
          ],
          [
            -68.1693875,
            -16.5234748
          ]
        ]
      },
      "id": "way/1191936503"
    },
    {
      "type": "Feature",
      "properties": {
        "@id": "way/1191938083",
        "highway": "trunk",
        "lanes": "4",
        "maxspeed": "40",
        "name": "Avenida 6 de Marzo",
        "oneway": "yes",
        "ref": "F1",
        "surface": "asphalt"
      },
      "geometry": {
        "type": "LineString",
        "coordinates": [
          [
            -68.1676505,
            -16.5182097
          ],
          [
            -68.1677367,
            -16.5184648
          ]
        ]
      },
      "id": "way/1191938083"
    },
    {
      "type": "Feature",
      "properties": {
        "@id": "way/1191938084",
        "highway": "trunk",
        "lanes": "4",
        "name": "Avenida 6 de Marzo",
        "oneway": "yes",
        "ref": "F1",
        "surface": "asphalt"
      },
      "geometry": {
        "type": "LineString",
        "coordinates": [
          [
            -68.1678118,
            -16.5190851
          ],
          [
            -68.1676113,
            -16.518501
          ]
        ]
      },
      "id": "way/1191938084"
    },
    {
      "type": "Feature",
      "properties": {
        "@id": "way/1191938085",
        "highway": "trunk",
        "lanes": "4",
        "maxspeed": "40",
        "name": "Avenida 6 de Marzo",
        "oneway": "yes",
        "ref": "F1",
        "surface": "asphalt"
      },
      "geometry": {
        "type": "LineString",
        "coordinates": [
          [
            -68.1677367,
            -16.5184648
          ],
          [
            -68.1679397,
            -16.5190508
          ]
        ]
      },
      "id": "way/1191938085"
    },
    {
      "type": "Feature",
      "properties": {
        "@id": "way/1191938086",
        "highway": "trunk",
        "lanes": "4",
        "maxspeed": "40",
        "name": "Avenida 6 de Marzo",
        "oneway": "yes",
        "ref": "F1",
        "surface": "asphalt"
      },
      "geometry": {
        "type": "LineString",
        "coordinates": [
          [
            -68.1673223,
            -16.5173004
          ],
          [
            -68.1676505,
            -16.5182097
          ]
        ]
      },
      "id": "way/1191938086"
    },
    {
      "type": "Feature",
      "properties": {
        "@id": "way/1191942441",
        "highway": "trunk",
        "lanes": "4",
        "maxspeed": "40",
        "name": "Avenida 6 de Marzo",
        "oneway": "yes",
        "ref": "F1",
        "surface": "asphalt"
      },
      "geometry": {
        "type": "LineString",
        "coordinates": [
          [
            -68.1640133,
            -16.5074033
          ],
          [
            -68.164303,
            -16.5082157
          ],
          [
            -68.1643484,
            -16.5083431
          ]
        ]
      },
      "id": "way/1191942441"
    },
    {
      "type": "Feature",
      "properties": {
        "@id": "way/1191942442",
        "highway": "trunk",
        "lanes": "4",
        "maxspeed": "40",
        "name": "Avenida 6 de Marzo",
        "oneway": "yes",
        "ref": "F1",
        "surface": "asphalt"
      },
      "geometry": {
        "type": "LineString",
        "coordinates": [
          [
            -68.1642254,
            -16.5084365
          ],
          [
            -68.1641666,
            -16.5082637
          ],
          [
            -68.1638684,
            -16.5073869
          ]
        ]
      },
      "id": "way/1191942442"
    },
    {
      "type": "Feature",
      "properties": {
        "@id": "way/1191942443",
        "highway": "trunk",
        "lanes": "4",
        "maxspeed": "40",
        "name": "Avenida 6 de Marzo",
        "oneway": "yes",
        "ref": "F1",
        "surface": "asphalt"
      },
      "geometry": {
        "type": "LineString",
        "coordinates": [
          [
            -68.1643484,
            -16.5083431
          ],
          [
            -68.1646376,
            -16.509243
          ],
          [
            -68.1647392,
            -16.5095778
          ]
        ]
      },
      "id": "way/1191942443"
    },
    {
      "type": "Feature",
      "properties": {
        "@id": "way/1191942444",
        "highway": "trunk",
        "lanes": "4",
        "maxspeed": "40",
        "name": "Avenida 6 de Marzo",
        "oneway": "yes",
        "ref": "F1",
        "surface": "asphalt"
      },
      "geometry": {
        "type": "LineString",
        "coordinates": [
          [
            -68.1647392,
            -16.5095778
          ],
          [
            -68.1649344,
            -16.5101329
          ],
          [
            -68.1652371,
            -16.5110489
          ],
          [
            -68.1654205,
            -16.5116136
          ],
          [
            -68.1654641,
            -16.5117448
          ],
          [
            -68.1654735,
            -16.5117768
          ],
          [
            -68.1654918,
            -16.5118332
          ]
        ]
      },
      "id": "way/1191942444"
    },
    {
      "type": "Feature",
      "properties": {
        "@id": "way/1191942445",
        "highway": "trunk",
        "lanes": "4",
        "maxspeed": "40",
        "name": "Avenida 6 de Marzo",
        "oneway": "yes",
        "ref": "F1",
        "surface": "asphalt"
      },
      "geometry": {
        "type": "LineString",
        "coordinates": [
          [
            -68.1654918,
            -16.5118332
          ],
          [
            -68.1655101,
            -16.5118872
          ],
          [
            -68.1655478,
            -16.5119985
          ],
          [
            -68.1656307,
            -16.5122426
          ],
          [
            -68.1662474,
            -16.5140258
          ]
        ]
      },
      "id": "way/1191942445"
    },
    {
      "type": "Feature",
      "properties": {
        "@id": "way/1192100509",
        "highway": "trunk",
        "lanes": "4",
        "maxheight": "7",
        "maxspeed": "40",
        "name": "Avenida 6 de Marzo",
        "oneway": "yes",
        "ref": "F1",
        "surface": "asphalt"
      },
      "geometry": {
        "type": "LineString",
        "coordinates": [
          [
            -68.1653517,
            -16.5118545
          ],
          [
            -68.1653293,
            -16.5117866
          ],
          [
            -68.1652836,
            -16.5116544
          ],
          [
            -68.1650815,
            -16.5110602
          ],
          [
            -68.1649596,
            -16.5107019
          ],
          [
            -68.1645972,
            -16.5096201
          ]
        ]
      },
      "id": "way/1192100509"
    },
    {
      "type": "Feature",
      "properties": {
        "@id": "way/1192101031",
        "highway": "trunk",
        "lanes": "4",
        "maxheight": "5.2",
        "maxspeed": "40",
        "name": "Avenida 6 de Marzo",
        "oneway": "yes",
        "ref": "F1",
        "surface": "asphalt"
      },
      "geometry": {
        "type": "LineString",
        "coordinates": [
          [
            -68.1668475,
            -16.5162959
          ],
          [
            -68.1668104,
            -16.5161915
          ],
          [
            -68.1664574,
            -16.5151895
          ]
        ]
      },
      "id": "way/1192101031"
    },
    {
      "type": "Feature",
      "properties": {
        "@id": "way/1192101032",
        "highway": "trunk",
        "lanes": "4",
        "maxspeed": "40",
        "name": "Avenida 6 de Marzo",
        "oneway": "yes",
        "ref": "F1",
        "surface": "asphalt"
      },
      "geometry": {
        "type": "LineString",
        "coordinates": [
          [
            -68.1662474,
            -16.5140258
          ],
          [
            -68.1666122,
            -16.5151383
          ]
        ]
      },
      "id": "way/1192101032"
    },
    {
      "type": "Feature",
      "properties": {
        "@id": "way/1192130614",
        "highway": "primary",
        "lanes": "3",
        "name": "Avenida Bolivia",
        "oneway": "yes",
        "surface": "asphalt"
      },
      "geometry": {
        "type": "LineString",
        "coordinates": [
          [
            -68.2126235,
            -16.5150895
          ],
          [
            -68.2129372,
            -16.5150784
          ],
          [
            -68.2131182,
            -16.515072
          ],
          [
            -68.2144411,
            -16.5150251
          ],
          [
            -68.215471,
            -16.5149885
          ],
          [
            -68.2160265,
            -16.5149722
          ],
          [
            -68.217094,
            -16.5149361
          ],
          [
            -68.217448,
            -16.514922
          ],
          [
            -68.2175151,
            -16.5149169
          ],
          [
            -68.2175446,
            -16.5149117
          ],
          [
            -68.2175955,
            -16.5148886
          ],
          [
            -68.2176237,
            -16.5148727
          ],
          [
            -68.2177574,
            -16.514797
          ]
        ]
      },
      "id": "way/1192130614"
    },
    {
      "type": "Feature",
      "properties": {
        "@id": "way/1192130615",
        "highway": "primary",
        "lanes": "3",
        "name": "Avenida Bolivia",
        "oneway": "yes",
        "surface": "asphalt"
      },
      "geometry": {
        "type": "LineString",
        "coordinates": [
          [
            -68.2126235,
            -16.515202
          ],
          [
            -68.2123128,
            -16.5152145
          ],
          [
            -68.2122263,
            -16.5152286
          ],
          [
            -68.2121733,
            -16.5152415
          ],
          [
            -68.2121056,
            -16.5152665
          ],
          [
            -68.2120292,
            -16.5153103
          ],
          [
            -68.211648,
            -16.5156196
          ],
          [
            -68.2112268,
            -16.5159925
          ],
          [
            -68.2109586,
            -16.5162227
          ]
        ]
      },
      "id": "way/1192130615"
    },
    {
      "type": "Feature",
      "properties": {
        "@id": "way/1192130618",
        "hgv": "designated",
        "highway": "primary",
        "lanes": "3",
        "name": "Avenida Costanera",
        "oneway": "yes",
        "source": "bing",
        "surface": "concrete:plates"
      },
      "geometry": {
        "type": "LineString",
        "coordinates": [
          [
            -68.218693,
            -16.5151605
          ],
          [
            -68.2191973,
            -16.5155826
          ]
        ]
      },
      "id": "way/1192130618"
    },
    {
      "type": "Feature",
      "properties": {
        "@id": "way/1197149386",
        "highway": "primary",
        "name": "Avenida Litoral",
        "oneway": "yes",
        "source": "bing"
      },
      "geometry": {
        "type": "LineString",
        "coordinates": [
          [
            -68.2231931,
            -16.5189093
          ],
          [
            -68.2231869,
            -16.518988
          ]
        ]
      },
      "id": "way/1197149386"
    },
    {
      "type": "Feature",
      "properties": {
        "@id": "way/1219474161",
        "foot": "no",
        "highway": "trunk",
        "lane_markings": "yes",
        "lanes": "2",
        "lit": "yes",
        "maxspeed": "80",
        "motorroad": "yes",
        "name": "Avenida Buenos Aires",
        "oneway": "yes",
        "ref": "F1",
        "sidewalk": "no",
        "start_date": "2026-03-19",
        "surface": "concrete:plates"
      },
      "geometry": {
        "type": "LineString",
        "coordinates": [
          [
            -68.2085903,
            -16.4899024
          ],
          [
            -68.2087383,
            -16.4900291
          ],
          [
            -68.2104427,
            -16.4906626
          ]
        ]
      },
      "id": "way/1219474161"
    },
    {
      "type": "Feature",
      "properties": {
        "@id": "way/1220303443",
        "highway": "trunk",
        "lanes": "2",
        "maxspeed": "80",
        "name": "Avenida Juan Pablo II",
        "oneway": "yes",
        "ref": "F2;F1",
        "smoothness": "intermediate",
        "surface": "asphalt"
      },
      "geometry": {
        "type": "LineString",
        "coordinates": [
          [
            -68.202502,
            -16.4909329
          ],
          [
            -68.2025612,
            -16.4909245
          ]
        ]
      },
      "id": "way/1220303443"
    },
    {
      "type": "Feature",
      "properties": {
        "@id": "way/1221928980",
        "highway": "trunk",
        "lanes": "2",
        "lit": "yes",
        "maxspeed": "80",
        "name": "Doble Vía La Paz-Oruro",
        "oneway": "yes",
        "ref": "F1",
        "shoulder": "right",
        "surface": "asphalt"
      },
      "geometry": {
        "type": "LineString",
        "coordinates": [
          [
            -68.1850245,
            -16.5836521
          ],
          [
            -68.1850156,
            -16.5838465
          ]
        ]
      },
      "id": "way/1221928980"
    },
    {
      "type": "Feature",
      "properties": {
        "@id": "way/1221928981",
        "highway": "trunk",
        "lanes": "2",
        "lit": "yes",
        "maxspeed": "80",
        "name": "Doble Vía La Paz-Oruro",
        "oneway": "yes",
        "ref": "F1",
        "shoulder": "right",
        "surface": "asphalt"
      },
      "geometry": {
        "type": "LineString",
        "coordinates": [
          [
            -68.1848976,
            -16.5842055
          ],
          [
            -68.1849377,
            -16.5836441
          ]
        ]
      },
      "id": "way/1221928981"
    },
    {
      "type": "Feature",
      "properties": {
        "@id": "way/1230046555",
        "hgv": "designated",
        "highway": "primary",
        "lanes": "2",
        "maxspeed": "80",
        "name": "Avenida Bautista Oquendo",
        "oneway": "yes",
        "ref": "F42",
        "source": "bing",
        "surface": "unpaved"
      },
      "geometry": {
        "type": "LineString",
        "coordinates": [
          [
            -68.2306769,
            -16.5032268
          ],
          [
            -68.2306528,
            -16.5029241
          ],
          [
            -68.2306134,
            -16.5023927
          ],
          [
            -68.2305821,
            -16.5019426
          ],
          [
            -68.230543,
            -16.5015394
          ],
          [
            -68.2304968,
            -16.5011297
          ],
          [
            -68.2304465,
            -16.5006911
          ],
          [
            -68.2303987,
            -16.500274
          ],
          [
            -68.2303511,
            -16.499858
          ],
          [
            -68.2303034,
            -16.4994421
          ],
          [
            -68.2302592,
            -16.4990043
          ],
          [
            -68.2301575,
            -16.4983401
          ]
        ]
      },
      "id": "way/1230046555"
    },
    {
      "type": "Feature",
      "properties": {
        "@id": "way/1230046556",
        "hgv": "designated",
        "highway": "primary",
        "lanes": "4",
        "name": "Avenida Bolivia",
        "note": "Road mainly used by trucks and other types of heavy goods vehicles to avoid the downtown Area of El Alto. Therefore the most appropriate classification is Primary.",
        "source": "Bing",
        "surface": "unpaved"
      },
      "geometry": {
        "type": "LineString",
        "coordinates": [
          [
            -68.2304228,
            -16.5130428
          ],
          [
            -68.229019,
            -16.5130855
          ],
          [
            -68.2275076,
            -16.5131286
          ],
          [
            -68.2268857,
            -16.5131749
          ],
          [
            -68.2266213,
            -16.5132912
          ]
        ]
      },
      "id": "way/1230046556"
    },
    {
      "type": "Feature",
      "properties": {
        "@id": "way/1231582977",
        "highway": "primary",
        "lanes": "2",
        "name": "Avenida Estructurante",
        "oneway": "yes",
        "source": "bing",
        "surface": "concrete:plates"
      },
      "geometry": {
        "type": "LineString",
        "coordinates": [
          [
            -68.1906859,
            -16.5631595
          ],
          [
            -68.1897339,
            -16.5635576
          ],
          [
            -68.1893656,
            -16.5637117
          ],
          [
            -68.1888563,
            -16.5639247
          ]
        ]
      },
      "id": "way/1231582977"
    },
    {
      "type": "Feature",
      "properties": {
        "@id": "way/1238512999",
        "highway": "trunk",
        "lanes": "2",
        "name": "Avenida Panamericana",
        "oneway": "yes",
        "ref": "F2",
        "smoothness": "intermediate",
        "source": "yahoo",
        "surface": "asphalt"
      },
      "geometry": {
        "type": "LineString",
        "coordinates": [
          [
            -68.2830231,
            -16.4739021
          ],
          [
            -68.2829533,
            -16.473925
          ],
          [
            -68.2815277,
            -16.4744348
          ],
          [
            -68.2813393,
            -16.4745002
          ],
          [
            -68.2809287,
            -16.4746426
          ],
          [
            -68.2805872,
            -16.4747501
          ],
          [
            -68.2801896,
            -16.4748423
          ],
          [
            -68.2798081,
            -16.4749217
          ],
          [
            -68.2791518,
            -16.475033
          ],
          [
            -68.2774921,
            -16.4753035
          ],
          [
            -68.2754652,
            -16.475648
          ],
          [
            -68.2727813,
            -16.4760882
          ],
          [
            -68.2717021,
            -16.4762686
          ],
          [
            -68.2715049,
            -16.4763022
          ]
        ]
      },
      "id": "way/1238512999"
    },
    {
      "type": "Feature",
      "properties": {
        "@id": "way/1257317886",
        "bridge": "viaduct",
        "bridge:name": "Distribuidor El Mallku",
        "bridge:structure": "beam",
        "hgv": "designated",
        "highway": "primary",
        "junction": "roundabout",
        "lanes": "3",
        "layer": "1",
        "lit": "yes",
        "name": "Rotonda Distribuidor El Mallku",
        "oneway": "yes",
        "sidewalk": "right",
        "surface": "concrete:plates"
      },
      "geometry": {
        "type": "LineString",
        "coordinates": [
          [
            -68.2184444,
            -16.5150176
          ],
          [
            -68.2184073,
            -16.5150656
          ],
          [
            -68.2183624,
            -16.5151069
          ],
          [
            -68.218311,
            -16.5151405
          ],
          [
            -68.2182544,
            -16.5151654
          ]
        ]
      },
      "id": "way/1257317886"
    },
    {
      "type": "Feature",
      "properties": {
        "@id": "way/1257317887",
        "hgv": "designated",
        "highway": "primary",
        "junction": "roundabout",
        "lanes": "3",
        "lit": "yes",
        "name": "Rotonda Distribuidor El Mallku",
        "oneway": "yes",
        "sidewalk": "right",
        "surface": "concrete:plates"
      },
      "geometry": {
        "type": "LineString",
        "coordinates": [
          [
            -68.2182544,
            -16.5151654
          ],
          [
            -68.2181943,
            -16.5151809
          ],
          [
            -68.2181323,
            -16.5151866
          ],
          [
            -68.2180702,
            -16.5151823
          ],
          [
            -68.2180097,
            -16.5151681
          ],
          [
            -68.2179526,
            -16.5151445
          ],
          [
            -68.2179003,
            -16.5151121
          ],
          [
            -68.2178544,
            -16.5150717
          ],
          [
            -68.2178285,
            -16.5150397
          ],
          [
            -68.2178162,
            -16.5150246
          ],
          [
            -68.2177867,
            -16.5149721
          ],
          [
            -68.2177667,
            -16.5149156
          ],
          [
            -68.2177569,
            -16.5148566
          ],
          [
            -68.2177574,
            -16.514797
          ],
          [
            -68.2177614,
            -16.5147754
          ],
          [
            -68.2177683,
            -16.5147382
          ],
          [
            -68.2177893,
            -16.514682
          ]
        ]
      },
      "id": "way/1257317887"
    },
    {
      "type": "Feature",
      "properties": {
        "@id": "way/1257317888",
        "bridge": "viaduct",
        "bridge:name": "Distribuidor El Mallku",
        "bridge:structure": "beam",
        "hgv": "designated",
        "highway": "primary",
        "junction": "roundabout",
        "lanes": "3",
        "layer": "1",
        "lit": "yes",
        "name": "Rotonda Distribuidor El Mallku",
        "oneway": "yes",
        "sidewalk": "right",
        "surface": "concrete:plates"
      },
      "geometry": {
        "type": "LineString",
        "coordinates": [
          [
            -68.2177893,
            -16.514682
          ],
          [
            -68.2178197,
            -16.5146299
          ],
          [
            -68.2178588,
            -16.5145835
          ],
          [
            -68.2179054,
            -16.5145439
          ],
          [
            -68.2179582,
            -16.5145123
          ],
          [
            -68.2180158,
            -16.5144896
          ],
          [
            -68.2180765,
            -16.5144765
          ],
          [
            -68.2181386,
            -16.5144732
          ]
        ]
      },
      "id": "way/1257317888"
    },
    {
      "type": "Feature",
      "properties": {
        "@id": "way/1257317903",
        "hgv": "designated",
        "highway": "primary",
        "junction": "roundabout",
        "lanes": "3",
        "lit": "yes",
        "name": "Rotonda Distribuidor El Mallku",
        "oneway": "yes",
        "sidewalk": "right",
        "surface": "concrete:plates"
      },
      "geometry": {
        "type": "LineString",
        "coordinates": [
          [
            -68.2181386,
            -16.5144732
          ],
          [
            -68.2182005,
            -16.5144799
          ],
          [
            -68.2182578,
            -16.5144954
          ],
          [
            -68.2183117,
            -16.5145196
          ],
          [
            -68.218361,
            -16.5145516
          ],
          [
            -68.2184042,
            -16.5145908
          ],
          [
            -68.2184405,
            -16.5146361
          ],
          [
            -68.2184687,
            -16.5146863
          ],
          [
            -68.2184882,
            -16.5147403
          ],
          [
            -68.2184985,
            -16.5147965
          ],
          [
            -68.2184993,
            -16.5148536
          ],
          [
            -68.2184906,
            -16.51491
          ],
          [
            -68.2184726,
            -16.5149644
          ],
          [
            -68.2184444,
            -16.5150176
          ]
        ]
      },
      "id": "way/1257317903"
    },
    {
      "type": "Feature",
      "properties": {
        "@id": "way/1257317905",
        "hgv": "designated",
        "highway": "primary",
        "lanes": "3",
        "name": "Avenida Costanera",
        "oneway": "yes",
        "surface": "asphalt"
      },
      "geometry": {
        "type": "LineString",
        "coordinates": [
          [
            -68.2184726,
            -16.5149644
          ],
          [
            -68.2185689,
            -16.5150497
          ],
          [
            -68.218693,
            -16.5151605
          ]
        ]
      },
      "id": "way/1257317905"
    },
    {
      "type": "Feature",
      "properties": {
        "@id": "way/1257317906",
        "hgv": "designated",
        "highway": "primary",
        "lanes": "3",
        "name": "Avenida Costanera",
        "oneway": "yes",
        "source": "bing",
        "surface": "concrete:plates"
      },
      "geometry": {
        "type": "LineString",
        "coordinates": [
          [
            -68.2197587,
            -16.5164379
          ],
          [
            -68.2196334,
            -16.5164233
          ],
          [
            -68.2195051,
            -16.5163803
          ],
          [
            -68.2188635,
            -16.5160746
          ],
          [
            -68.218427,
            -16.5158638
          ],
          [
            -68.218372,
            -16.5158259
          ],
          [
            -68.218321,
            -16.5157738
          ],
          [
            -68.21811,
            -16.5154962
          ],
          [
            -68.2180333,
            -16.5153952
          ],
          [
            -68.2179746,
            -16.5153238
          ],
          [
            -68.2179455,
            -16.5152884
          ],
          [
            -68.2178544,
            -16.5150717
          ]
        ]
      },
      "id": "way/1257317906"
    },
    {
      "type": "Feature",
      "properties": {
        "@id": "way/1289371928",
        "bicycle": "yes",
        "highway": "primary",
        "junction": "circular",
        "lanes": "2",
        "lit": "yes",
        "maxspeed": "40",
        "motor_vehicle:conditional": "no @ (Su 09:00-13:00)",
        "noname": "yes",
        "oneway": "yes",
        "surface": "concrete",
        "wheelchair": "limited"
      },
      "geometry": {
        "type": "LineString",
        "coordinates": [
          [
            -68.1573849,
            -16.5214495
          ],
          [
            -68.1573575,
            -16.5213811
          ]
        ]
      },
      "id": "way/1289371928"
    },
    {
      "type": "Feature",
      "properties": {
        "@id": "way/1289371929",
        "bicycle": "yes",
        "highway": "primary",
        "junction": "circular",
        "lanes": "2",
        "lit": "yes",
        "maxspeed": "40",
        "motor_vehicle:conditional": "no @ (Su 09:00-13:00)",
        "noname": "yes",
        "oneway": "yes",
        "surface": "concrete",
        "wheelchair": "limited"
      },
      "geometry": {
        "type": "LineString",
        "coordinates": [
          [
            -68.1575838,
            -16.5210915
          ],
          [
            -68.1576114,
            -16.5211775
          ]
        ]
      },
      "id": "way/1289371929"
    },
    {
      "type": "Feature",
      "properties": {
        "@id": "way/1289371930",
        "alt_name": "Calle 11",
        "highway": "primary",
        "lanes": "2",
        "name": "Avenida Satélite",
        "surface": "concrete:plates"
      },
      "geometry": {
        "type": "LineString",
        "coordinates": [
          [
            -68.1648834,
            -16.5168957
          ],
          [
            -68.1642075,
            -16.5171027
          ],
          [
            -68.1638246,
            -16.5172377
          ],
          [
            -68.1637985,
            -16.5172531
          ],
          [
            -68.1637755,
            -16.5172943
          ]
        ]
      },
      "id": "way/1289371930"
    },
    {
      "type": "Feature",
      "properties": {
        "@id": "way/1289813663",
        "highway": "trunk",
        "lanes": "2",
        "maxspeed": "80",
        "name": "Doble Vía El Alto-Viacha",
        "oneway": "yes",
        "ref": "F19",
        "surface": "asphalt"
      },
      "geometry": {
        "type": "LineString",
        "coordinates": [
          [
            -68.223384,
            -16.569911
          ],
          [
            -68.2234931,
            -16.5699802
          ],
          [
            -68.2235587,
            -16.5700446
          ],
          [
            -68.2236624,
            -16.5701545
          ],
          [
            -68.2239066,
            -16.570412
          ],
          [
            -68.2254387,
            -16.5720819
          ],
          [
            -68.2277586,
            -16.5745832
          ]
        ]
      },
      "id": "way/1289813663"
    },
    {
      "type": "Feature",
      "properties": {
        "@id": "way/1296208175",
        "alt_name": "Calle 11",
        "highway": "primary",
        "lanes": "2",
        "name": "Avenida Satélite",
        "surface": "concrete:plates"
      },
      "geometry": {
        "type": "LineString",
        "coordinates": [
          [
            -68.166186,
            -16.5165001
          ],
          [
            -68.1655628,
            -16.5166858
          ],
          [
            -68.1648834,
            -16.5168957
          ]
        ]
      },
      "id": "way/1296208175"
    },
    {
      "type": "Feature",
      "properties": {
        "@id": "way/1296987821",
        "highway": "primary",
        "lanes": "2",
        "name": "Avenida 6 de Marzo",
        "oneway": "yes",
        "surface": "asphalt"
      },
      "geometry": {
        "type": "LineString",
        "coordinates": [
          [
            -68.1737325,
            -16.5369959
          ],
          [
            -68.1737223,
            -16.5366963
          ]
        ]
      },
      "id": "way/1296987821"
    },
    {
      "type": "Feature",
      "properties": {
        "@id": "way/1296987822",
        "highway": "primary",
        "lanes": "2",
        "name": "Avenida 6 de Marzo",
        "oneway": "yes",
        "surface": "asphalt"
      },
      "geometry": {
        "type": "LineString",
        "coordinates": [
          [
            -68.174944,
            -16.5406093
          ],
          [
            -68.1749089,
            -16.5405108
          ],
          [
            -68.1743684,
            -16.5389459
          ]
        ]
      },
      "id": "way/1296987822"
    },
    {
      "type": "Feature",
      "properties": {
        "@id": "way/1300550158",
        "highway": "trunk",
        "lanes": "2",
        "maxspeed": "80",
        "name": "Doble Vía El Alto-Viacha",
        "oneway": "yes",
        "ref": "F19",
        "surface": "asphalt"
      },
      "geometry": {
        "type": "LineString",
        "coordinates": [
          [
            -68.223845,
            -16.5704641
          ],
          [
            -68.2235524,
            -16.5701471
          ],
          [
            -68.2234246,
            -16.5699988
          ],
          [
            -68.223384,
            -16.569911
          ]
        ]
      },
      "id": "way/1300550158"
    },
    {
      "type": "Feature",
      "properties": {
        "@id": "way/1304663579",
        "highway": "trunk",
        "lanes": "2",
        "lit": "yes",
        "maxspeed": "80",
        "name": "Doble Vía La Paz-Oruro",
        "oneway": "yes",
        "ref": "F1",
        "shoulder": "right",
        "surface": "asphalt"
      },
      "geometry": {
        "type": "LineString",
        "coordinates": [
          [
            -68.1839032,
            -16.5985424
          ],
          [
            -68.183939,
            -16.5982452
          ],
          [
            -68.1840842,
            -16.5961013
          ],
          [
            -68.1843359,
            -16.5922875
          ]
        ]
      },
      "id": "way/1304663579"
    },
    {
      "type": "Feature",
      "properties": {
        "@id": "way/1304663580",
        "highway": "trunk",
        "lanes": "2",
        "lit": "yes",
        "maxheight": "5",
        "maxspeed": "80",
        "name": "Doble Vía La Paz-Oruro",
        "oneway": "yes",
        "ref": "F1",
        "shoulder": "right",
        "surface": "asphalt"
      },
      "geometry": {
        "type": "LineString",
        "coordinates": [
          [
            -68.1843359,
            -16.5922875
          ],
          [
            -68.1845082,
            -16.5899099
          ]
        ]
      },
      "id": "way/1304663580"
    },
    {
      "type": "Feature",
      "properties": {
        "@id": "way/1304663581",
        "highway": "trunk",
        "lanes": "2",
        "lit": "yes",
        "maxspeed": "80",
        "name": "Doble Vía La Paz-Oruro",
        "oneway": "yes",
        "ref": "F1",
        "shoulder": "right",
        "surface": "asphalt"
      },
      "geometry": {
        "type": "LineString",
        "coordinates": [
          [
            -68.1850156,
            -16.5838465
          ],
          [
            -68.1849284,
            -16.5849733
          ],
          [
            -68.1848453,
            -16.5862181
          ],
          [
            -68.1848022,
            -16.5867894
          ],
          [
            -68.1846642,
            -16.5888521
          ],
          [
            -68.1845931,
            -16.5899151
          ]
        ]
      },
      "id": "way/1304663581"
    },
    {
      "type": "Feature",
      "properties": {
        "@id": "way/1304663583",
        "highway": "trunk",
        "lanes": "2",
        "lit": "yes",
        "maxheight": "5",
        "maxspeed": "80",
        "name": "Doble Vía La Paz-Oruro",
        "oneway": "yes",
        "ref": "F1",
        "shoulder": "right",
        "surface": "asphalt"
      },
      "geometry": {
        "type": "LineString",
        "coordinates": [
          [
            -68.1845931,
            -16.5899151
          ],
          [
            -68.1845831,
            -16.5900523
          ],
          [
            -68.1845517,
            -16.590483
          ],
          [
            -68.1844755,
            -16.5915294
          ],
          [
            -68.1844195,
            -16.5922973
          ]
        ]
      },
      "id": "way/1304663583"
    },
    {
      "type": "Feature",
      "properties": {
        "@id": "way/1314270636",
        "bicycle": "yes",
        "foot": "no",
        "highway": "primary",
        "lanes": "2",
        "lit": "yes",
        "maxspeed": "40",
        "motor_vehicle:conditional": "no @ (Su 09:00-13:00)",
        "name": "Avenida Cívica",
        "oneway": "yes",
        "shoulder": "no",
        "smoothness": "excellent",
        "surface": "concrete",
        "wheelchair": "limited"
      },
      "geometry": {
        "type": "LineString",
        "coordinates": [
          [
            -68.1586335,
            -16.5236131
          ],
          [
            -68.1586724,
            -16.523715
          ]
        ]
      },
      "id": "way/1314270636"
    },
    {
      "type": "Feature",
      "properties": {
        "@id": "way/1318055795",
        "highway": "primary",
        "lanes": "2",
        "lit": "yes",
        "name": "Avenida 6 de Marzo",
        "oneway": "yes",
        "sidewalk": "right",
        "start_date": "2024-10-04",
        "surface": "asphalt"
      },
      "geometry": {
        "type": "LineString",
        "coordinates": [
          [
            -68.1852927,
            -16.5814998
          ],
          [
            -68.18527,
            -16.5818111
          ],
          [
            -68.1852162,
            -16.5825138
          ],
          [
            -68.185157,
            -16.5829906
          ],
          [
            -68.1851116,
            -16.5832275
          ],
          [
            -68.1850245,
            -16.5836521
          ]
        ]
      },
      "id": "way/1318055795"
    },
    {
      "type": "Feature",
      "properties": {
        "@id": "way/1318055796",
        "highway": "primary",
        "lanes": "2",
        "lit": "yes",
        "name": "Avenida 6 de Marzo",
        "oneway": "yes",
        "sidewalk": "right",
        "start_date": "2024-10-04",
        "surface": "asphalt"
      },
      "geometry": {
        "type": "LineString",
        "coordinates": [
          [
            -68.1849524,
            -16.5818793
          ],
          [
            -68.1849582,
            -16.581798
          ],
          [
            -68.1849724,
            -16.5815953
          ],
          [
            -68.1849782,
            -16.5815136
          ]
        ]
      },
      "id": "way/1318055796"
    },
    {
      "type": "Feature",
      "properties": {
        "@id": "way/1318055797",
        "foot": "no",
        "highway": "primary",
        "junction": "roundabout",
        "lanes": "1",
        "lit": "yes",
        "name": "Rotonda Paso a Desnivel Extraca Senkata",
        "oneway": "yes",
        "sidewalk": "right",
        "start_date": "2024-10-04",
        "surface": "asphalt"
      },
      "geometry": {
        "type": "LineString",
        "coordinates": [
          [
            -68.1852402,
            -16.5815918
          ],
          [
            -68.1852058,
            -16.5816143
          ],
          [
            -68.1851665,
            -16.5816277
          ],
          [
            -68.185125,
            -16.5816312
          ],
          [
            -68.185084,
            -16.5816245
          ],
          [
            -68.1850461,
            -16.581608
          ],
          [
            -68.1850166,
            -16.5815828
          ],
          [
            -68.1849891,
            -16.5815468
          ],
          [
            -68.1849782,
            -16.5815136
          ],
          [
            -68.1849832,
            -16.5814196
          ],
          [
            -68.1849941,
            -16.5813973
          ],
          [
            -68.1850111,
            -16.5813752
          ],
          [
            -68.1850411,
            -16.5813472
          ],
          [
            -68.1850723,
            -16.5813297
          ],
          [
            -68.1851098,
            -16.5813203
          ],
          [
            -68.1851484,
            -16.5813197
          ],
          [
            -68.1851862,
            -16.5813278
          ],
          [
            -68.1852208,
            -16.5813443
          ],
          [
            -68.1852505,
            -16.5813681
          ],
          [
            -68.1852727,
            -16.5813966
          ],
          [
            -68.1852876,
            -16.5814292
          ],
          [
            -68.1852944,
            -16.5814642
          ],
          [
            -68.1852935,
            -16.5814827
          ],
          [
            -68.1852927,
            -16.5814998
          ],
          [
            -68.1852827,
            -16.581534
          ],
          [
            -68.1852649,
            -16.5815652
          ],
          [
            -68.1852402,
            -16.5815918
          ]
        ]
      },
      "id": "way/1318055797"
    },
    {
      "type": "Feature",
      "properties": {
        "@id": "way/1318055800",
        "highway": "trunk",
        "lanes": "2",
        "lit": "yes",
        "motorroad": "yes",
        "name": "Avenida 6 de Marzo",
        "oneway": "yes",
        "ref": "F1",
        "sidewalk": "no",
        "start_date": "2024-10-04",
        "surface": "asphalt"
      },
      "geometry": {
        "type": "LineString",
        "coordinates": [
          [
            -68.1849377,
            -16.5836441
          ],
          [
            -68.1849787,
            -16.5830702
          ]
        ]
      },
      "id": "way/1318055800"
    },
    {
      "type": "Feature",
      "properties": {
        "@id": "way/1318055801",
        "highway": "trunk",
        "lanes": "2",
        "lit": "yes",
        "motorroad": "yes",
        "name": "Avenida 6 de Marzo",
        "oneway": "yes",
        "ref": "F1",
        "sidewalk": "no",
        "start_date": "2024-10-04",
        "surface": "asphalt"
      },
      "geometry": {
        "type": "LineString",
        "coordinates": [
          [
            -68.1850646,
            -16.5830763
          ],
          [
            -68.1850245,
            -16.5836521
          ]
        ]
      },
      "id": "way/1318055801"
    },
    {
      "type": "Feature",
      "properties": {
        "@id": "way/1318055803",
        "bridge": "viaduct",
        "bridge:name": "Paso a Desnivel Extraca Senkata",
        "bridge:structure": "beam",
        "foot": "no",
        "highway": "trunk",
        "lanes": "2",
        "layer": "1",
        "lit": "yes",
        "motorroad": "yes",
        "name": "Avenida 6 de Marzo",
        "oneway": "yes",
        "ref": "F1",
        "sidewalk": "no",
        "start_date": "2024-10-04",
        "surface": "concrete"
      },
      "geometry": {
        "type": "LineString",
        "coordinates": [
          [
            -68.1850502,
            -16.5820506
          ],
          [
            -68.1850778,
            -16.5816556
          ],
          [
            -68.1850907,
            -16.5814706
          ],
          [
            -68.1851041,
            -16.5812789
          ],
          [
            -68.185131,
            -16.5808943
          ]
        ]
      },
      "id": "way/1318055803"
    },
    {
      "type": "Feature",
      "properties": {
        "@id": "way/1318055804",
        "embankment": "yes",
        "highway": "trunk",
        "incline": "down",
        "lanes": "2",
        "lit": "yes",
        "motorroad": "yes",
        "name": "Avenida 6 de Marzo",
        "oneway": "yes",
        "ref": "F1",
        "sidewalk": "no",
        "start_date": "2024-10-04",
        "surface": "paved"
      },
      "geometry": {
        "type": "LineString",
        "coordinates": [
          [
            -68.1851344,
            -16.582056
          ],
          [
            -68.1850646,
            -16.5830763
          ]
        ]
      },
      "id": "way/1318055804"
    },
    {
      "type": "Feature",
      "properties": {
        "@id": "way/1318055805",
        "embankment": "yes",
        "highway": "trunk",
        "lanes": "2",
        "lit": "yes",
        "motorroad": "yes",
        "name": "Avenida 6 de Marzo",
        "oneway": "yes",
        "ref": "F1",
        "sidewalk": "no",
        "start_date": "2024-10-04",
        "surface": "paved"
      },
      "geometry": {
        "type": "LineString",
        "coordinates": [
          [
            -68.1849787,
            -16.5830702
          ],
          [
            -68.1850502,
            -16.5820506
          ]
        ]
      },
      "id": "way/1318055805"
    },
    {
      "type": "Feature",
      "properties": {
        "@id": "way/1318055806",
        "embankment": "yes",
        "highway": "trunk",
        "lanes": "2",
        "lit": "yes",
        "motorroad": "yes",
        "name": "Avenida 6 de Marzo",
        "oneway": "yes",
        "ref": "F1",
        "sidewalk": "no",
        "start_date": "2024-10-04",
        "surface": "paved"
      },
      "geometry": {
        "type": "LineString",
        "coordinates": [
          [
            -68.1852808,
            -16.5799953
          ],
          [
            -68.1852157,
            -16.5808997
          ]
        ]
      },
      "id": "way/1318055806"
    },
    {
      "type": "Feature",
      "properties": {
        "@id": "way/1318055807",
        "highway": "trunk",
        "lane_markings": "yes",
        "lanes": "2",
        "lit": "yes",
        "motorroad": "yes",
        "name": "Avenida 6 de Marzo",
        "oneway": "yes",
        "ref": "F1",
        "sidewalk": "no",
        "start_date": "2024-10-04",
        "surface": "asphalt"
      },
      "geometry": {
        "type": "LineString",
        "coordinates": [
          [
            -68.1851944,
            -16.5799868
          ],
          [
            -68.1852729,
            -16.5789549
          ]
        ]
      },
      "id": "way/1318055807"
    },
    {
      "type": "Feature",
      "properties": {
        "@id": "way/1318055808",
        "bus_bay": "right",
        "highway": "primary",
        "lanes": "2",
        "lit": "yes",
        "name": "Avenida 6 de Marzo",
        "oneway": "yes",
        "sidewalk": "right",
        "start_date": "2024-10-04",
        "surface": "asphalt"
      },
      "geometry": {
        "type": "LineString",
        "coordinates": [
          [
            -68.1853594,
            -16.5805191
          ],
          [
            -68.1853314,
            -16.5809586
          ]
        ]
      },
      "id": "way/1318055808"
    },
    {
      "type": "Feature",
      "properties": {
        "@id": "way/1318055811",
        "bus_bay": "right",
        "highway": "primary",
        "lanes": "2",
        "lit": "yes",
        "name": "Avenida 6 de Marzo",
        "oneway": "yes",
        "sidewalk": "right",
        "start_date": "2024-10-04",
        "surface": "asphalt"
      },
      "geometry": {
        "type": "LineString",
        "coordinates": [
          [
            -68.1849014,
            -16.582567
          ],
          [
            -68.1849524,
            -16.5818793
          ]
        ]
      },
      "id": "way/1318055811"
    },
    {
      "type": "Feature",
      "properties": {
        "@id": "way/1318055812",
        "highway": "primary",
        "lanes": "2",
        "lit": "yes",
        "name": "Avenida 6 de Marzo",
        "oneway": "yes",
        "sidewalk": "right",
        "start_date": "2024-10-04",
        "surface": "asphalt"
      },
      "geometry": {
        "type": "LineString",
        "coordinates": [
          [
            -68.1849377,
            -16.5836441
          ],
          [
            -68.184885,
            -16.5829544
          ],
          [
            -68.184884,
            -16.5827788
          ],
          [
            -68.1849014,
            -16.582567
          ]
        ]
      },
      "id": "way/1318055812"
    },
    {
      "type": "Feature",
      "properties": {
        "@id": "way/1323085482",
        "hgv": "designated",
        "highway": "primary"
      },
      "geometry": {
        "type": "LineString",
        "coordinates": [
          [
            -68.2231437,
            -16.5189354
          ],
          [
            -68.2231869,
            -16.518988
          ]
        ]
      },
      "id": "way/1323085482"
    },
    {
      "type": "Feature",
      "properties": {
        "@id": "way/1323961622",
        "check_date": "2024-05-01",
        "highway": "trunk",
        "lanes": "2",
        "maxspeed": "80",
        "name": "Avenida Panamericana",
        "oneway": "yes",
        "ref": "F2",
        "shoulder": "right",
        "smoothness": "intermediate",
        "source": "yahoo",
        "surface": "asphalt"
      },
      "geometry": {
        "type": "LineString",
        "coordinates": [
          [
            -68.2366363,
            -16.4839249
          ],
          [
            -68.2357385,
            -16.4841309
          ],
          [
            -68.2349906,
            -16.4843026
          ],
          [
            -68.2334915,
            -16.484629
          ],
          [
            -68.2330661,
            -16.4847194
          ],
          [
            -68.2325469,
            -16.4848328
          ]
        ]
      },
      "id": "way/1323961622"
    },
    {
      "type": "Feature",
      "properties": {
        "@id": "way/1323961624",
        "check_date": "2024-05-01",
        "highway": "trunk",
        "lanes": "2",
        "maxspeed": "80",
        "name": "Avenida Panamericana",
        "oneway": "yes",
        "ref": "F2",
        "shoulder": "right",
        "smoothness": "intermediate",
        "source": "yahoo",
        "surface": "asphalt"
      },
      "geometry": {
        "type": "LineString",
        "coordinates": [
          [
            -68.2325373,
            -16.4847364
          ],
          [
            -68.2334698,
            -16.4845313
          ],
          [
            -68.2366481,
            -16.4838322
          ]
        ]
      },
      "id": "way/1323961624"
    },
    {
      "type": "Feature",
      "properties": {
        "@id": "way/1323961634",
        "highway": "trunk",
        "lanes": "2",
        "maxspeed": "80",
        "name": "Avenida Juan Pablo II",
        "oneway": "yes",
        "ref": "F2",
        "shoulder": "right",
        "smoothness": "intermediate",
        "source": "yahoo",
        "surface": "asphalt"
      },
      "geometry": {
        "type": "LineString",
        "coordinates": [
          [
            -68.2273737,
            -16.4858567
          ],
          [
            -68.2283516,
            -16.4856524
          ]
        ]
      },
      "id": "way/1323961634"
    },
    {
      "type": "Feature",
      "properties": {
        "@id": "way/1323961655",
        "highway": "trunk",
        "lanes": "2",
        "maxspeed": "80",
        "name": "Avenida Ladislao Cabrera",
        "oneway": "no",
        "ref": "F19;F42",
        "source": "yahoo, bing",
        "surface": "asphalt"
      },
      "geometry": {
        "type": "LineString",
        "coordinates": [
          [
            -68.2146416,
            -16.5605207
          ],
          [
            -68.215099,
            -16.561016
          ],
          [
            -68.2154895,
            -16.5614389
          ],
          [
            -68.2156743,
            -16.561639
          ],
          [
            -68.2158166,
            -16.5617931
          ],
          [
            -68.2163155,
            -16.5623333
          ],
          [
            -68.2163369,
            -16.5623565
          ],
          [
            -68.216496,
            -16.5625288
          ],
          [
            -68.2166196,
            -16.5626626
          ],
          [
            -68.216789,
            -16.562846
          ],
          [
            -68.2175034,
            -16.5636195
          ]
        ]
      },
      "id": "way/1323961655"
    },
    {
      "type": "Feature",
      "properties": {
        "@id": "way/1323961658",
        "highway": "trunk",
        "lanes": "2",
        "maxspeed": "80",
        "name": "Avenida Ladislao Cabrera",
        "oneway": "no",
        "ref": "F19;F42",
        "source": "yahoo, bing",
        "surface": "asphalt"
      },
      "geometry": {
        "type": "LineString",
        "coordinates": [
          [
            -68.2135216,
            -16.5593099
          ],
          [
            -68.2146416,
            -16.5605207
          ]
        ]
      },
      "id": "way/1323961658"
    },
    {
      "type": "Feature",
      "properties": {
        "@id": "way/1328563941",
        "highway": "primary",
        "lanes": "2",
        "lit": "yes",
        "name": "Avenida 6 de Marzo",
        "oneway": "yes",
        "sidewalk": "right",
        "surface": "asphalt"
      },
      "geometry": {
        "type": "LineString",
        "coordinates": [
          [
            -68.1852519,
            -16.5777818
          ],
          [
            -68.1852571,
            -16.5776814
          ],
          [
            -68.1852834,
            -16.5771802
          ],
          [
            -68.1853313,
            -16.5766207
          ],
          [
            -68.1853366,
            -16.5765814
          ],
          [
            -68.1853455,
            -16.5765144
          ],
          [
            -68.1853679,
            -16.5762058
          ],
          [
            -68.1854595,
            -16.5748988
          ],
          [
            -68.1855123,
            -16.5740303
          ],
          [
            -68.1856086,
            -16.5727816
          ],
          [
            -68.1856212,
            -16.5725874
          ],
          [
            -68.185725,
            -16.5709853
          ],
          [
            -68.1857391,
            -16.5707088
          ],
          [
            -68.1857463,
            -16.5704582
          ],
          [
            -68.1857353,
            -16.5702204
          ],
          [
            -68.185721,
            -16.5700646
          ],
          [
            -68.1857052,
            -16.5698656
          ],
          [
            -68.1856452,
            -16.5695541
          ],
          [
            -68.1855358,
            -16.5691229
          ],
          [
            -68.1854283,
            -16.5688134
          ],
          [
            -68.1847183,
            -16.5671828
          ],
          [
            -68.1842276,
            -16.5660557
          ],
          [
            -68.1840265,
            -16.5655244
          ],
          [
            -68.1836667,
            -16.5646503
          ],
          [
            -68.1835708,
            -16.5644157
          ],
          [
            -68.1832583,
            -16.5636687
          ],
          [
            -68.1819981,
            -16.5606589
          ],
          [
            -68.1811901,
            -16.5587574
          ],
          [
            -68.1807711,
            -16.5577247
          ],
          [
            -68.180645,
            -16.5573871
          ],
          [
            -68.180497,
            -16.556993
          ],
          [
            -68.1804798,
            -16.5569464
          ],
          [
            -68.180329,
            -16.556553
          ],
          [
            -68.1800761,
            -16.5557922
          ],
          [
            -68.1798541,
            -16.5551295
          ],
          [
            -68.1798336,
            -16.5550684
          ]
        ]
      },
      "id": "way/1328563941"
    },
    {
      "type": "Feature",
      "properties": {
        "@id": "way/1328563943",
        "highway": "trunk",
        "lane_markings": "yes",
        "lanes": "2",
        "lit": "yes",
        "motorroad": "yes",
        "name": "Avenida 6 de Marzo",
        "oneway": "yes",
        "ref": "F1",
        "sidewalk": "no",
        "surface": "asphalt"
      },
      "geometry": {
        "type": "LineString",
        "coordinates": [
          [
            -68.1853503,
            -16.5777959
          ],
          [
            -68.1856322,
            -16.5740352
          ],
          [
            -68.1857428,
            -16.5725028
          ],
          [
            -68.1858595,
            -16.5709701
          ],
          [
            -68.1858719,
            -16.5704522
          ],
          [
            -68.1858668,
            -16.5702758
          ],
          [
            -68.1858297,
            -16.569963
          ],
          [
            -68.1857692,
            -16.5695674
          ],
          [
            -68.1856492,
            -16.5691037
          ],
          [
            -68.1855404,
            -16.5687878
          ],
          [
            -68.1853675,
            -16.5683819
          ],
          [
            -68.184135,
            -16.5654905
          ]
        ]
      },
      "id": "way/1328563943"
    },
    {
      "type": "Feature",
      "properties": {
        "@id": "way/1345207491",
        "foot": "no",
        "highway": "primary",
        "junction": "roundabout",
        "lanes": "2",
        "oneway": "yes",
        "source": "yahoo;bing",
        "surface": "concrete"
      },
      "geometry": {
        "type": "LineString",
        "coordinates": [
          [
            -68.1745768,
            -16.4688112
          ],
          [
            -68.1745985,
            -16.4687741
          ],
          [
            -68.1746333,
            -16.4687478
          ],
          [
            -68.1746759,
            -16.4687363
          ]
        ]
      },
      "id": "way/1345207491"
    },
    {
      "type": "Feature",
      "properties": {
        "@id": "way/1345207492",
        "foot": "no",
        "highway": "primary",
        "junction": "roundabout",
        "lanes": "2",
        "oneway": "yes",
        "source": "yahoo;bing",
        "surface": "concrete"
      },
      "geometry": {
        "type": "LineString",
        "coordinates": [
          [
            -68.1747928,
            -16.4688785
          ],
          [
            -68.1747711,
            -16.4689156
          ],
          [
            -68.1747363,
            -16.4689419
          ],
          [
            -68.1746937,
            -16.4689534
          ]
        ]
      },
      "id": "way/1345207492"
    },
    {
      "type": "Feature",
      "properties": {
        "@id": "way/1345207493",
        "highway": "primary",
        "junction": "roundabout",
        "lanes": "2",
        "oneway": "yes",
        "source": "yahoo;bing",
        "surface": "concrete"
      },
      "geometry": {
        "type": "LineString",
        "coordinates": [
          [
            -68.174798,
            -16.4688363
          ],
          [
            -68.1747928,
            -16.4688785
          ]
        ]
      },
      "id": "way/1345207493"
    },
    {
      "type": "Feature",
      "properties": {
        "@id": "way/1345207494",
        "foot": "no",
        "highway": "primary",
        "junction": "roundabout",
        "lanes": "2",
        "oneway": "yes",
        "source": "yahoo;bing",
        "surface": "concrete"
      },
      "geometry": {
        "type": "LineString",
        "coordinates": [
          [
            -68.1747199,
            -16.4687413
          ],
          [
            -68.1747586,
            -16.4687621
          ],
          [
            -68.174786,
            -16.4687955
          ],
          [
            -68.174798,
            -16.4688363
          ]
        ]
      },
      "id": "way/1345207494"
    },
    {
      "type": "Feature",
      "properties": {
        "@id": "way/1345207495",
        "highway": "primary",
        "junction": "roundabout",
        "lanes": "2",
        "oneway": "yes",
        "source": "yahoo;bing",
        "surface": "concrete"
      },
      "geometry": {
        "type": "LineString",
        "coordinates": [
          [
            -68.1746759,
            -16.4687363
          ],
          [
            -68.1747199,
            -16.4687413
          ]
        ]
      },
      "id": "way/1345207495"
    },
    {
      "type": "Feature",
      "properties": {
        "@id": "way/1349250499",
        "highway": "primary",
        "junction": "circular",
        "lanes": "2",
        "oneway": "yes",
        "surface": "asphalt",
        "wheelchair": "limited"
      },
      "geometry": {
        "type": "LineString",
        "coordinates": [
          [
            -68.1537279,
            -16.5116252
          ],
          [
            -68.1537796,
            -16.5116269
          ]
        ]
      },
      "id": "way/1349250499"
    },
    {
      "type": "Feature",
      "properties": {
        "@id": "way/1349250500",
        "bicycle": "yes",
        "foot": "no",
        "highway": "primary",
        "junction": "circular",
        "lanes": "2",
        "oneway": "yes",
        "parking:left": "no",
        "parking:left:restriction": "no_parking",
        "parking:right": "yes",
        "parking:right:orientation": "parallel",
        "sidewalk": "right",
        "smoothness": "excellent",
        "surface": "concrete",
        "wheelchair": "limited"
      },
      "geometry": {
        "type": "LineString",
        "coordinates": [
          [
            -68.1532304,
            -16.5122726
          ],
          [
            -68.1532423,
            -16.5121091
          ]
        ]
      },
      "id": "way/1349250500"
    },
    {
      "type": "Feature",
      "properties": {
        "@id": "way/1353204072",
        "highway": "primary",
        "junction": "roundabout",
        "lanes": "3",
        "name": "Plaza de la Cruz",
        "oneway": "yes",
        "surface": "asphalt"
      },
      "geometry": {
        "type": "LineString",
        "coordinates": [
          [
            -68.2009454,
            -16.5248883
          ],
          [
            -68.2009835,
            -16.5249451
          ],
          [
            -68.2010123,
            -16.5250068
          ],
          [
            -68.201031,
            -16.525072
          ],
          [
            -68.2010357,
            -16.5251098
          ],
          [
            -68.2010393,
            -16.5251391
          ],
          [
            -68.201037,
            -16.5252066
          ],
          [
            -68.201024,
            -16.5252731
          ],
          [
            -68.2010009,
            -16.5253369
          ]
        ]
      },
      "id": "way/1353204072"
    },
    {
      "type": "Feature",
      "properties": {
        "@id": "way/1353204073",
        "foot": "no",
        "highway": "primary",
        "junction": "roundabout",
        "lanes": "3",
        "name": "Plaza de la Cruz",
        "oneway": "yes",
        "surface": "asphalt"
      },
      "geometry": {
        "type": "LineString",
        "coordinates": [
          [
            -68.2008556,
            -16.5248018
          ],
          [
            -68.2009036,
            -16.5248421
          ],
          [
            -68.2009454,
            -16.5248883
          ]
        ]
      },
      "id": "way/1353204073"
    },
    {
      "type": "Feature",
      "properties": {
        "@id": "way/1353204074",
        "foot": "no",
        "highway": "primary",
        "junction": "roundabout",
        "lanes": "3",
        "name": "Plaza de la Cruz",
        "oneway": "yes",
        "surface": "asphalt"
      },
      "geometry": {
        "type": "LineString",
        "coordinates": [
          [
            -68.2001056,
            -16.5251426
          ],
          [
            -68.2001138,
            -16.5250729
          ],
          [
            -68.2001333,
            -16.5250053
          ],
          [
            -68.2001636,
            -16.5249415
          ],
          [
            -68.2002039,
            -16.5248829
          ],
          [
            -68.2002532,
            -16.5248311
          ]
        ]
      },
      "id": "way/1353204074"
    },
    {
      "type": "Feature",
      "properties": {
        "@id": "way/1353204075",
        "highway": "primary",
        "junction": "roundabout",
        "lanes": "3",
        "name": "Plaza de la Cruz",
        "oneway": "yes",
        "surface": "asphalt"
      },
      "geometry": {
        "type": "LineString",
        "coordinates": [
          [
            -68.2001991,
            -16.5254272
          ],
          [
            -68.200157,
            -16.5253629
          ],
          [
            -68.2001269,
            -16.5252926
          ],
          [
            -68.2001096,
            -16.5252185
          ],
          [
            -68.2001056,
            -16.5251426
          ]
        ]
      },
      "id": "way/1353204075"
    },
    {
      "type": "Feature",
      "properties": {
        "@id": "way/1353204076",
        "highway": "primary",
        "junction": "roundabout",
        "lanes": "3",
        "name": "Plaza de la Cruz",
        "oneway": "yes",
        "surface": "asphalt"
      },
      "geometry": {
        "type": "LineString",
        "coordinates": [
          [
            -68.2009252,
            -16.5254519
          ],
          [
            -68.2008694,
            -16.525504
          ],
          [
            -68.2008053,
            -16.5255465
          ],
          [
            -68.2007347,
            -16.5255781
          ],
          [
            -68.2006471,
            -16.5256001
          ],
          [
            -68.2005821,
            -16.5256059
          ],
          [
            -68.2005044,
            -16.5256012
          ],
          [
            -68.2004285,
            -16.5255842
          ],
          [
            -68.2003566,
            -16.5255553
          ],
          [
            -68.2003084,
            -16.5255271
          ]
        ]
      },
      "id": "way/1353204076"
    },
    {
      "type": "Feature",
      "properties": {
        "@id": "way/1353204077",
        "foot": "no",
        "highway": "primary",
        "junction": "roundabout",
        "lanes": "3",
        "name": "Plaza de la Cruz",
        "oneway": "yes",
        "surface": "asphalt"
      },
      "geometry": {
        "type": "LineString",
        "coordinates": [
          [
            -68.2010009,
            -16.5253369
          ],
          [
            -68.2009798,
            -16.5253776
          ],
          [
            -68.2009544,
            -16.5254161
          ],
          [
            -68.2009252,
            -16.5254519
          ]
        ]
      },
      "id": "way/1353204077"
    },
    {
      "type": "Feature",
      "properties": {
        "@id": "way/1353204078",
        "foot": "no",
        "highway": "primary",
        "junction": "roundabout",
        "lanes": "3",
        "name": "Plaza de la Cruz",
        "oneway": "yes",
        "surface": "asphalt"
      },
      "geometry": {
        "type": "LineString",
        "coordinates": [
          [
            -68.2003084,
            -16.5255271
          ],
          [
            -68.2002688,
            -16.5254978
          ],
          [
            -68.2002267,
            -16.5254593
          ],
          [
            -68.2001991,
            -16.5254272
          ]
        ]
      },
      "id": "way/1353204078"
    },
    {
      "type": "Feature",
      "properties": {
        "@id": "way/1353266028",
        "foot": "no",
        "hgv": "designated",
        "highway": "primary",
        "junction": "roundabout",
        "lanes": "3",
        "name": "Rotonda Costanera-25 de Julio-Vicenta Juaristi Eguino",
        "surface": "asphalt"
      },
      "geometry": {
        "type": "LineString",
        "coordinates": [
          [
            -68.2131825,
            -16.5097215
          ],
          [
            -68.2132435,
            -16.5097089
          ],
          [
            -68.2132929,
            -16.5097074
          ],
          [
            -68.2134027,
            -16.5097201
          ],
          [
            -68.213458,
            -16.5097371
          ],
          [
            -68.2135313,
            -16.5097729
          ],
          [
            -68.2135964,
            -16.5098212
          ],
          [
            -68.2136511,
            -16.5098802
          ],
          [
            -68.2136933,
            -16.509948
          ],
          [
            -68.2137217,
            -16.5100221
          ],
          [
            -68.2137352,
            -16.5100999
          ],
          [
            -68.2137359,
            -16.510147
          ],
          [
            -68.2137256,
            -16.5102223
          ],
          [
            -68.2137011,
            -16.5102954
          ]
        ]
      },
      "id": "way/1353266028"
    },
    {
      "type": "Feature",
      "properties": {
        "@id": "way/1353266031",
        "bridge": "viaduct",
        "bridge:structure": "beam",
        "highway": "primary",
        "junction": "roundabout",
        "lanes": "3",
        "layer": "1",
        "name": "Rotonda Costanera-25 de Julio-Vicenta Juaristi Eguino",
        "surface": "asphalt"
      },
      "geometry": {
        "type": "LineString",
        "coordinates": [
          [
            -68.2130405,
            -16.5097853
          ],
          [
            -68.2131074,
            -16.5097478
          ],
          [
            -68.2131825,
            -16.5097215
          ]
        ]
      },
      "id": "way/1353266031"
    },
    {
      "type": "Feature",
      "properties": {
        "@id": "way/1353266032",
        "bridge": "viaduct",
        "bridge:structure": "beam",
        "hgv": "designated",
        "highway": "primary",
        "junction": "roundabout",
        "lanes": "3",
        "layer": "1",
        "name": "Rotonda Costanera-25 de Julio-Vicenta Juaristi Eguino",
        "surface": "asphalt"
      },
      "geometry": {
        "type": "LineString",
        "coordinates": [
          [
            -68.2137011,
            -16.5102954
          ],
          [
            -68.2136791,
            -16.5103381
          ],
          [
            -68.2136221,
            -16.5104137
          ]
        ]
      },
      "id": "way/1353266032"
    },
    {
      "type": "Feature",
      "properties": {
        "@id": "way/1362745405",
        "hgv": "designated",
        "highway": "primary",
        "lanes": "2",
        "maxspeed": "40",
        "name": "Avenida Litoral",
        "oneway": "yes",
        "surface": "asphalt"
      },
      "geometry": {
        "type": "LineString",
        "coordinates": [
          [
            -68.1986682,
            -16.5418952
          ],
          [
            -68.1987823,
            -16.5417962
          ],
          [
            -68.1991975,
            -16.5414358
          ],
          [
            -68.1997011,
            -16.5409956
          ]
        ]
      },
      "id": "way/1362745405"
    },
    {
      "type": "Feature",
      "properties": {
        "@id": "way/1362745406",
        "highway": "primary",
        "lanes": "3",
        "name": "Avenida Bolivia",
        "oneway": "yes",
        "source": "bing",
        "surface": "asphalt"
      },
      "geometry": {
        "type": "LineString",
        "coordinates": [
          [
            -68.1919411,
            -16.5334413
          ],
          [
            -68.1913277,
            -16.5340195
          ]
        ]
      },
      "id": "way/1362745406"
    },
    {
      "type": "Feature",
      "properties": {
        "@id": "way/1362746935",
        "highway": "primary",
        "lanes": "3",
        "name": "Avenida Bolivia",
        "oneway": "yes",
        "source": "bing",
        "surface": "asphalt"
      },
      "geometry": {
        "type": "LineString",
        "coordinates": [
          [
            -68.1911687,
            -16.5341695
          ],
          [
            -68.1908206,
            -16.5345101
          ]
        ]
      },
      "id": "way/1362746935"
    },
    {
      "type": "Feature",
      "properties": {
        "@id": "way/1364815891",
        "embankment": "yes",
        "highway": "trunk",
        "incline": "down",
        "lanes": "3",
        "maxspeed": "80",
        "name": "Avenida Juan Pablo II",
        "oneway": "yes",
        "ref": "F2",
        "surface": "concrete"
      },
      "geometry": {
        "type": "LineString",
        "coordinates": [
          [
            -68.1623893,
            -16.5036564
          ],
          [
            -68.1624719,
            -16.5036168
          ]
        ]
      },
      "id": "way/1364815891"
    },
    {
      "type": "Feature",
      "properties": {
        "@id": "way/1388855625",
        "hgv": "designated",
        "highway": "primary",
        "junction": "roundabout",
        "lanes": "2",
        "name": "Rotonda Litoral y Junin",
        "oneway": "yes",
        "surface": "asphalt"
      },
      "geometry": {
        "type": "LineString",
        "coordinates": [
          [
            -68.2156655,
            -16.5275096
          ],
          [
            -68.2155972,
            -16.5275784
          ],
          [
            -68.2155322,
            -16.5276403
          ]
        ]
      },
      "id": "way/1388855625"
    },
    {
      "type": "Feature",
      "properties": {
        "@id": "way/1388855626",
        "hgv": "designated",
        "highway": "primary",
        "junction": "roundabout",
        "lanes": "2",
        "maxspeed": "40",
        "name": "Rotonda Litoral y Junin",
        "oneway": "yes",
        "surface": "asphalt"
      },
      "geometry": {
        "type": "LineString",
        "coordinates": [
          [
            -68.2152291,
            -16.5274044
          ],
          [
            -68.2153019,
            -16.5273392
          ],
          [
            -68.215385,
            -16.5272653
          ],
          [
            -68.215443,
            -16.5272212
          ]
        ]
      },
      "id": "way/1388855626"
    },
    {
      "type": "Feature",
      "properties": {
        "@id": "way/1388855629",
        "hgv": "designated",
        "highway": "primary",
        "lanes": "2",
        "name": "Avenida Litoral",
        "oneway": "yes",
        "surface": "asphalt"
      },
      "geometry": {
        "type": "LineString",
        "coordinates": [
          [
            -68.2155322,
            -16.5276403
          ],
          [
            -68.214669,
            -16.5284014
          ],
          [
            -68.2136315,
            -16.5292584
          ]
        ]
      },
      "id": "way/1388855629"
    },
    {
      "type": "Feature",
      "properties": {
        "@id": "way/1391150825",
        "highway": "primary",
        "junction": "roundabout",
        "lanes": "3",
        "surface": "asphalt"
      },
      "geometry": {
        "type": "LineString",
        "coordinates": [
          [
            -68.1686381,
            -16.5415898
          ],
          [
            -68.1686749,
            -16.5415877
          ],
          [
            -68.1687115,
            -16.5415919
          ],
          [
            -68.1687467,
            -16.5416024
          ],
          [
            -68.1687793,
            -16.5416189
          ]
        ]
      },
      "id": "way/1391150825"
    },
    {
      "type": "Feature",
      "properties": {
        "@id": "way/1391157286",
        "highway": "primary",
        "junction": "roundabout",
        "source": "yahoo",
        "surface": "asphalt"
      },
      "geometry": {
        "type": "LineString",
        "coordinates": [
          [
            -68.185391,
            -16.5382018
          ],
          [
            -68.1853881,
            -16.5381568
          ],
          [
            -68.1853919,
            -16.5381118
          ],
          [
            -68.1854017,
            -16.5380679
          ]
        ]
      },
      "id": "way/1391157286"
    },
    {
      "type": "Feature",
      "properties": {
        "@id": "way/1391157287",
        "highway": "primary",
        "junction": "roundabout",
        "source": "yahoo",
        "surface": "asphalt"
      },
      "geometry": {
        "type": "LineString",
        "coordinates": [
          [
            -68.1854017,
            -16.5380679
          ],
          [
            -68.1854189,
            -16.5380256
          ],
          [
            -68.1854444,
            -16.537982
          ],
          [
            -68.1854766,
            -16.5379428
          ],
          [
            -68.1855262,
            -16.5379005
          ],
          [
            -68.1855836,
            -16.5378666
          ]
        ]
      },
      "id": "way/1391157287"
    },
    {
      "type": "Feature",
      "properties": {
        "@id": "way/1412918258",
        "highway": "primary",
        "name": "Carretera Costanera I",
        "ref": "PI-100"
      },
      "geometry": {
        "type": "LineString",
        "coordinates": [
          [
            -81.2431898,
            -4.3010345
          ],
          [
            -81.2431106,
            -4.3006732
          ],
          [
            -81.2430211,
            -4.3002636
          ],
          [
            -81.2429771,
            -4.300094
          ],
          [
            -81.2429566,
            -4.3000091
          ],
          [
            -81.2429449,
            -4.2999199
          ],
          [
            -81.2429434,
            -4.2998321
          ],
          [
            -81.2429463,
            -4.2997137
          ],
          [
            -81.2429625,
            -4.2995279
          ],
          [
            -81.2429683,
            -4.299367
          ],
          [
            -81.2429713,
            -4.2992558
          ],
          [
            -81.242961,
            -4.2991622
          ],
          [
            -81.2429522,
            -4.2990759
          ],
          [
            -81.2429273,
            -4.2989896
          ],
          [
            -81.242895,
            -4.2989077
          ],
          [
            -81.2428495,
            -4.2988126
          ],
          [
            -81.242719,
            -4.2985625
          ],
          [
            -81.242606,
            -4.2983475
          ],
          [
            -81.2424814,
            -4.2981135
          ],
          [
            -81.2423141,
            -4.2978121
          ],
          [
            -81.2422627,
            -4.2977073
          ],
          [
            -81.2422129,
            -4.2976059
          ],
          [
            -81.2418785,
            -4.2969214
          ],
          [
            -81.2416673,
            -4.2964708
          ],
          [
            -81.2414648,
            -4.2960364
          ],
          [
            -81.2413944,
            -4.2958814
          ],
          [
            -81.2412463,
            -4.295564
          ],
          [
            -81.2412081,
            -4.2954674
          ],
          [
            -81.2411847,
            -4.2953914
          ],
          [
            -81.2411729,
            -4.2953211
          ],
          [
            -81.2411671,
            -4.2952392
          ],
          [
            -81.2411715,
            -4.2951573
          ],
          [
            -81.241192,
            -4.2950505
          ],
          [
            -81.2412683,
            -4.2947565
          ],
          [
            -81.241324,
            -4.2944962
          ],
          [
            -81.241349,
            -4.2943923
          ],
          [
            -81.2413754,
            -4.2942914
          ],
          [
            -81.2414047,
            -4.2942022
          ],
          [
            -81.241456,
            -4.2941056
          ],
          [
            -81.241525,
            -4.2939915
          ],
          [
            -81.2416247,
            -4.293835
          ],
          [
            -81.2416775,
            -4.2937326
          ],
          [
            -81.241723,
            -4.2936127
          ],
          [
            -81.2417523,
            -4.2934767
          ],
          [
            -81.2417714,
            -4.2933436
          ],
          [
            -81.2418051,
            -4.2930554
          ],
          [
            -81.2418418,
            -4.2927029
          ],
          [
            -81.241855,
            -4.292542
          ],
          [
            -81.2418536,
            -4.292444
          ],
          [
            -81.2418529,
            -4.2923411
          ],
          [
            -81.2418379,
            -4.2922411
          ],
          [
            -81.2418169,
            -4.2921617
          ],
          [
            -81.2417949,
            -4.2920608
          ],
          [
            -81.2417626,
            -4.291973
          ],
          [
            -81.2417186,
            -4.2918896
          ],
          [
            -81.2416438,
            -4.2917609
          ],
          [
            -81.2415705,
            -4.291638
          ],
          [
            -81.2415191,
            -4.2915459
          ],
          [
            -81.2414883,
            -4.2914669
          ],
          [
            -81.2414707,
            -4.2913938
          ],
          [
            -81.2414516,
            -4.2913001
          ],
          [
            -81.2414326,
            -4.2911919
          ],
          [
            -81.2414164,
            -4.2910924
          ],
          [
            -81.2413944,
            -4.290993
          ],
          [
            -81.2413666,
            -4.290895
          ],
          [
            -81.2413255,
            -4.2907955
          ],
          [
            -81.24128,
            -4.2907121
          ],
          [
            -81.241214,
            -4.2906097
          ],
          [
            -81.2411099,
            -4.2904474
          ],
          [
            -81.2409206,
            -4.2901197
          ],
          [
            -81.2407666,
            -4.2898886
          ],
          [
            -81.2404131,
            -4.2893694
          ],
          [
            -81.2403691,
            -4.2893167
          ],
          [
            -81.2403192,
            -4.2892757
          ],
          [
            -81.2402635,
            -4.2892421
          ],
          [
            -81.2401916,
            -4.2892158
          ],
          [
            -81.2401198,
            -4.2891953
          ],
          [
            -81.2400464,
            -4.289166
          ],
          [
            -81.2399877,
            -4.2891382
          ],
          [
            -81.2399291,
            -4.2890944
          ],
          [
            -81.239866,
            -4.2890417
          ],
          [
            -81.2397604,
            -4.2889408
          ],
          [
            -81.2396856,
            -4.2888633
          ],
          [
            -81.2395448,
            -4.2887301
          ],
          [
            -81.2394832,
            -4.2886687
          ],
          [
            -81.2394377,
            -4.2886029
          ],
          [
            -81.2394171,
            -4.2885327
          ],
          [
            -81.239401,
            -4.2884595
          ],
          [
            -81.2393893,
            -4.2883835
          ],
          [
            -81.2393863,
            -4.2882811
          ],
          [
            -81.2393819,
            -4.2881714
          ],
          [
            -81.2393717,
            -4.2880763
          ],
          [
            -81.2393467,
            -4.287971
          ],
          [
            -81.2393042,
            -4.2878335
          ],
          [
            -81.2392406,
            -4.2876905
          ],
          [
            -81.2390106,
            -4.2872564
          ],
          [
            -81.2388271,
            -4.2868414
          ],
          [
            -81.2385013,
            -4.2861151
          ],
          [
            -81.2382522,
            -4.2855936
          ],
          [
            -81.2379537,
            -4.2849083
          ],
          [
            -81.2375622,
            -4.2840865
          ],
          [
            -81.237261,
            -4.2834285
          ],
          [
            -81.2370666,
            -4.2830271
          ],
          [
            -81.2369598,
            -4.2827978
          ],
          [
            -81.2368667,
            -4.2826503
          ],
          [
            -81.2368328,
            -4.2826083
          ],
          [
            -81.2367435,
            -4.2824974
          ],
          [
            -81.2366121,
            -4.2823718
          ],
          [
            -81.2364314,
            -4.2822217
          ],
          [
            -81.2361959,
            -4.2820715
          ],
          [
            -81.2360098,
            -4.2819486
          ],
          [
            -81.235851,
            -4.2818449
          ],
          [
            -81.2356675,
            -4.2817384
          ],
          [
            -81.2355224,
            -4.2816674
          ],
          [
            -81.2353691,
            -4.2816046
          ],
          [
            -81.2349994,
            -4.2814708
          ],
          [
            -81.2341315,
            -4.2811295
          ],
          [
            -81.2334552,
            -4.2808838
          ],
          [
            -81.232924,
            -4.2806599
          ],
          [
            -81.2321569,
            -4.2803295
          ],
          [
            -81.2316448,
            -4.2801002
          ],
          [
            -81.2310397,
            -4.2798408
          ],
          [
            -81.2307796,
            -4.2797097
          ],
          [
            -81.2305223,
            -4.2795677
          ],
          [
            -81.2304085,
            -4.2794852
          ],
          [
            -81.2303361,
            -4.2794258
          ],
          [
            -81.2302375,
            -4.2793357
          ],
          [
            -81.2301526,
            -4.2792292
          ],
          [
            -81.2299829,
            -4.2790326
          ],
          [
            -81.2297419,
            -4.2787322
          ],
          [
            -81.2294955,
            -4.2784319
          ],
          [
            -81.2293614,
            -4.2782681
          ],
          [
            -81.2292628,
            -4.2781479
          ],
          [
            -81.229156,
            -4.2780305
          ],
          [
            -81.2290273,
            -4.2779131
          ],
          [
            -81.2288521,
            -4.2777602
          ],
          [
            -81.2287097,
            -4.2776237
          ],
          [
            -81.2285482,
            -4.2774353
          ],
          [
            -81.2284469,
            -4.2773261
          ],
          [
            -81.2283374,
            -4.2772032
          ],
          [
            -81.2282169,
            -4.277023
          ],
          [
            -81.2280937,
            -4.2768101
          ],
          [
            -81.2278637,
            -4.2763869
          ],
          [
            -81.2276857,
            -4.2760565
          ],
          [
            -81.2275652,
            -4.2758599
          ],
          [
            -81.2274858,
            -4.2757015
          ],
          [
            -81.2274393,
            -4.2755705
          ],
          [
            -81.2274092,
            -4.2754121
          ],
          [
            -81.2273927,
            -4.2752838
          ],
          [
            -81.22739,
            -4.2750271
          ],
          [
            -81.2273818,
            -4.2746121
          ],
          [
            -81.2273626,
            -4.2743172
          ],
          [
            -81.2273489,
            -4.2739541
          ],
          [
            -81.2273462,
            -4.2737575
          ],
          [
            -81.2273571,
            -4.2736674
          ],
          [
            -81.2273955,
            -4.2735445
          ],
          [
            -81.2274448,
            -4.2734353
          ],
          [
            -81.2275433,
            -4.2732387
          ],
          [
            -81.2275844,
            -4.2731323
          ],
          [
            -81.227609,
            -4.2730039
          ],
          [
            -81.2276255,
            -4.2728483
          ],
          [
            -81.2276173,
            -4.272578
          ],
          [
            -81.2276145,
            -4.2723241
          ],
          [
            -81.2276069,
            -4.2721954
          ],
          [
            -81.2276036,
            -4.2719991
          ],
          [
            -81.2275707,
            -4.2718927
          ],
          [
            -81.2275269,
            -4.2717916
          ],
          [
            -81.2274552,
            -4.2716999
          ],
          [
            -81.2271924,
            -4.2714869
          ],
          [
            -81.2269815,
            -4.271304
          ],
          [
            -81.2266886,
            -4.2711074
          ],
          [
            -81.2264148,
            -4.2709162
          ],
          [
            -81.2257631,
            -4.2704657
          ],
          [
            -81.2254483,
            -4.2702336
          ],
          [
            -81.2252867,
            -4.2701353
          ],
          [
            -81.2251361,
            -4.2700097
          ],
          [
            -81.2250348,
            -4.2698896
          ],
          [
            -81.2249281,
            -4.2697613
          ],
          [
            -81.2247692,
            -4.2695893
          ],
          [
            -81.2246214,
            -4.2694609
          ],
          [
            -81.2245735,
            -4.2694251
          ],
          [
            -81.2245228,
            -4.2693872
          ],
          [
            -81.2241751,
            -4.2691715
          ],
          [
            -81.2240881,
            -4.2690942
          ],
          [
            -81.223928,
            -4.2689485
          ],
          [
            -81.2237806,
            -4.2687859
          ]
        ]
      },
      "id": "way/1412918258"
    },
    {
      "type": "Feature",
      "properties": {
        "@id": "way/1421405424",
        "bicycle": "yes",
        "foot": "no",
        "highway": "primary",
        "junction": "roundabout",
        "lanes": "2",
        "lit": "yes",
        "maxspeed:type": "BO:urban",
        "name": "Plaza Sebastián Pagador",
        "oneway": "yes",
        "parking:left": "no",
        "parking:left:restriction": "no_parking",
        "parking:right": "yes",
        "parking:right:orientation": "parallel",
        "sidewalk": "both",
        "sidewalk:both:surface": "concrete",
        "smoothness": "good",
        "surface": "concrete",
        "wheelchair": "limited",
        "width": "11.9"
      },
      "geometry": {
        "type": "LineString",
        "coordinates": [
          [
            -68.1510413,
            -16.523962
          ],
          [
            -68.1510532,
            -16.5240083
          ]
        ]
      },
      "id": "way/1421405424"
    },
    {
      "type": "Feature",
      "properties": {
        "@id": "way/1421405425",
        "bicycle": "yes",
        "foot": "no",
        "highway": "primary",
        "junction": "roundabout",
        "lanes": "2",
        "lit": "yes",
        "maxspeed:type": "BO:urban",
        "name": "Plaza Sebastián Pagador",
        "oneway": "yes",
        "parking:left": "no",
        "parking:left:restriction": "no_parking",
        "parking:right": "yes",
        "parking:right:orientation": "parallel",
        "sidewalk": "left",
        "sidewalk:left:surface": "concrete",
        "smoothness": "good",
        "source": "Aeronave UAV",
        "surface": "concrete",
        "wheelchair": "limited",
        "width": "7"
      },
      "geometry": {
        "type": "LineString",
        "coordinates": [
          [
            -68.1505972,
            -16.5243843
          ],
          [
            -68.1505647,
            -16.524376
          ]
        ]
      },
      "id": "way/1421405425"
    },
    {
      "type": "Feature",
      "properties": {
        "@id": "way/1421405426",
        "bicycle": "yes",
        "foot": "no",
        "highway": "primary",
        "junction": "roundabout",
        "lanes": "2",
        "lit": "yes",
        "maxspeed:type": "BO:urban",
        "name": "Plaza Sebastián Pagador",
        "oneway": "yes",
        "parking:left": "no",
        "parking:left:restriction": "no_parking",
        "parking:right": "yes",
        "parking:right:orientation": "parallel",
        "sidewalk": "left",
        "sidewalk:left:surface": "concrete",
        "smoothness": "good",
        "source": "Aeronave UAV",
        "surface": "concrete",
        "wheelchair": "limited",
        "width": "7"
      },
      "geometry": {
        "type": "LineString",
        "coordinates": [
          [
            -68.1505647,
            -16.524376
          ],
          [
            -68.1505105,
            -16.5243542
          ],
          [
            -68.1504527,
            -16.5243224
          ]
        ]
      },
      "id": "way/1421405426"
    },
    {
      "type": "Feature",
      "properties": {
        "@id": "way/1421553920",
        "hgv": "designated",
        "highway": "primary",
        "lanes": "2",
        "maxspeed": "80",
        "name": "Avenida Bautista Oquendo",
        "oneway": "yes",
        "ref": "F42",
        "source": "bing",
        "surface": "unpaved"
      },
      "geometry": {
        "type": "LineString",
        "coordinates": [
          [
            -68.2304991,
            -16.5112319
          ],
          [
            -68.2305271,
            -16.5109306
          ],
          [
            -68.2305505,
            -16.5107809
          ],
          [
            -68.2305874,
            -16.5105129
          ]
        ]
      },
      "id": "way/1421553920"
    },
    {
      "type": "Feature",
      "properties": {
        "@id": "way/1421553921",
        "check_date": "2024-05-01",
        "highway": "trunk",
        "lanes": "2",
        "maxspeed": "80",
        "name": "Avenida Buenos Aires",
        "oneway": "no",
        "ref": "F1",
        "surface": "asphalt"
      },
      "geometry": {
        "type": "LineString",
        "coordinates": [
          [
            -68.2446014,
            -16.5026906
          ],
          [
            -68.2428291,
            -16.5021474
          ],
          [
            -68.2423564,
            -16.5020146
          ],
          [
            -68.2419366,
            -16.5018863
          ],
          [
            -68.2407448,
            -16.5015305
          ],
          [
            -68.2406084,
            -16.5014946
          ],
          [
            -68.2401516,
            -16.5013545
          ],
          [
            -68.2396918,
            -16.5012168
          ],
          [
            -68.2387634,
            -16.500942
          ],
          [
            -68.2387112,
            -16.5009232
          ],
          [
            -68.2377308,
            -16.500633
          ],
          [
            -68.2375417,
            -16.500577
          ],
          [
            -68.2374276,
            -16.5005432
          ],
          [
            -68.2373454,
            -16.5005169
          ]
        ]
      },
      "id": "way/1421553921"
    },
    {
      "type": "Feature",
      "properties": {
        "@id": "way/1421553923",
        "check_date": "2024-05-01",
        "highway": "trunk",
        "lanes": "2",
        "maxspeed": "80",
        "name": "Avenida Buenos Aires",
        "oneway": "no",
        "ref": "F1",
        "surface": "asphalt"
      },
      "geometry": {
        "type": "LineString",
        "coordinates": [
          [
            -68.2482217,
            -16.5037863
          ],
          [
            -68.2472624,
            -16.5034991
          ],
          [
            -68.246814,
            -16.5033593
          ],
          [
            -68.2463492,
            -16.5032123
          ],
          [
            -68.2454918,
            -16.5029564
          ],
          [
            -68.2450135,
            -16.5028136
          ],
          [
            -68.2446014,
            -16.5026906
          ]
        ]
      },
      "id": "way/1421553923"
    },
    {
      "type": "Feature",
      "properties": {
        "@id": "way/1441953775",
        "highway": "trunk",
        "lanes": "2",
        "lit": "yes",
        "maxspeed": "80",
        "name": "Doble Vía La Paz-Oruro",
        "oneway": "yes",
        "ref": "F1",
        "shoulder": "right",
        "surface": "asphalt"
      },
      "geometry": {
        "type": "LineString",
        "coordinates": [
          [
            -68.1826522,
            -16.6169374
          ],
          [
            -68.1825402,
            -16.6185552
          ],
          [
            -68.1825171,
            -16.6188887
          ],
          [
            -68.1825143,
            -16.6189286
          ],
          [
            -68.1825121,
            -16.6189608
          ]
        ]
      },
      "id": "way/1441953775"
    },
    {
      "type": "Feature",
      "properties": {
        "@id": "way/1441953777",
        "highway": "trunk",
        "lanes": "2",
        "lit": "yes",
        "maxspeed": "80",
        "name": "Doble Vía La Paz-Oruro",
        "oneway": "yes",
        "ref": "F1",
        "shoulder": "right",
        "surface": "asphalt"
      },
      "geometry": {
        "type": "LineString",
        "coordinates": [
          [
            -68.1824411,
            -16.6189552
          ],
          [
            -68.1824458,
            -16.6188848
          ],
          [
            -68.1824674,
            -16.6185593
          ],
          [
            -68.182525,
            -16.6176945
          ],
          [
            -68.1825632,
            -16.6171195
          ],
          [
            -68.1825697,
            -16.6170223
          ],
          [
            -68.1825764,
            -16.6169223
          ]
        ]
      },
      "id": "way/1441953777"
    },
    {
      "type": "Feature",
      "properties": {
        "@id": "way/1441953778",
        "highway": "trunk",
        "lanes": "2",
        "lit": "yes",
        "maxspeed": "80",
        "name": "Doble Vía La Paz-Oruro",
        "oneway": "yes",
        "ref": "F1",
        "shoulder": "right",
        "surface": "asphalt"
      },
      "geometry": {
        "type": "LineString",
        "coordinates": [
          [
            -68.1825121,
            -16.6189608
          ],
          [
            -68.1825089,
            -16.6190345
          ],
          [
            -68.1824523,
            -16.6199196
          ],
          [
            -68.1824029,
            -16.6206139
          ],
          [
            -68.1823002,
            -16.6221777
          ],
          [
            -68.182239,
            -16.6229434
          ]
        ]
      },
      "id": "way/1441953778"
    },
    {
      "type": "Feature",
      "properties": {
        "@id": "way/1441953779",
        "highway": "trunk",
        "lanes": "2",
        "lit": "yes",
        "maxspeed": "80",
        "name": "Doble Vía La Paz-Oruro",
        "oneway": "yes",
        "ref": "F1",
        "shoulder": "right",
        "surface": "asphalt"
      },
      "geometry": {
        "type": "LineString",
        "coordinates": [
          [
            -68.182163,
            -16.6229559
          ],
          [
            -68.1822225,
            -16.6222057
          ],
          [
            -68.1824357,
            -16.6190222
          ],
          [
            -68.182439,
            -16.6189823
          ],
          [
            -68.1824411,
            -16.6189552
          ]
        ]
      },
      "id": "way/1441953779"
    },
    {
      "type": "Feature",
      "properties": {
        "@id": "way/1441953781",
        "highway": "trunk",
        "lanes": "2",
        "lit": "yes",
        "maxspeed": "80",
        "name": "Doble Vía La Paz-Oruro",
        "oneway": "yes",
        "ref": "F1",
        "shoulder": "right",
        "surface": "asphalt"
      },
      "geometry": {
        "type": "LineString",
        "coordinates": [
          [
            -68.181868,
            -16.626909
          ],
          [
            -68.182163,
            -16.6229559
          ]
        ]
      },
      "id": "way/1441953781"
    },
    {
      "type": "Feature",
      "properties": {
        "@id": "way/1441953782",
        "highway": "trunk",
        "lanes": "2",
        "lit": "yes",
        "maxspeed": "80",
        "name": "Doble Vía La Paz-Oruro",
        "oneway": "yes",
        "ref": "F1",
        "shoulder": "right",
        "surface": "asphalt"
      },
      "geometry": {
        "type": "LineString",
        "coordinates": [
          [
            -68.182239,
            -16.6229434
          ],
          [
            -68.1821748,
            -16.6238185
          ],
          [
            -68.1821067,
            -16.6247476
          ],
          [
            -68.1820263,
            -16.6258431
          ],
          [
            -68.1819736,
            -16.626562
          ],
          [
            -68.1819484,
            -16.6269054
          ]
        ]
      },
      "id": "way/1441953782"
    },
    {
      "type": "Feature",
      "properties": {
        "@id": "way/1441953789",
        "highway": "trunk",
        "lanes": "2",
        "lit": "yes",
        "maxspeed": "80",
        "name": "Doble Vía La Paz-Oruro",
        "oneway": "yes",
        "ref": "F1",
        "shoulder": "right",
        "surface": "asphalt"
      },
      "geometry": {
        "type": "LineString",
        "coordinates": [
          [
            -68.1814726,
            -16.6340624
          ],
          [
            -68.1813381,
            -16.6357437
          ]
        ]
      },
      "id": "way/1441953789"
    },
    {
      "type": "Feature",
      "properties": {
        "@id": "way/1441953790",
        "highway": "trunk",
        "lanes": "2",
        "lit": "yes",
        "maxspeed": "80",
        "name": "Doble Vía La Paz-Oruro",
        "oneway": "yes",
        "ref": "F1",
        "shoulder": "right",
        "surface": "asphalt"
      },
      "geometry": {
        "type": "LineString",
        "coordinates": [
          [
            -68.1812653,
            -16.63574
          ],
          [
            -68.1813975,
            -16.6340664
          ]
        ]
      },
      "id": "way/1441953790"
    },
    {
      "type": "Feature",
      "properties": {
        "@id": "way/1441953792",
        "highway": "trunk",
        "lanes": "2",
        "lit": "yes",
        "maxspeed": "80",
        "name": "Doble Vía La Paz-Oruro",
        "oneway": "yes",
        "ref": "F1",
        "shoulder": "right",
        "surface": "asphalt"
      },
      "geometry": {
        "type": "LineString",
        "coordinates": [
          [
            -68.1817074,
            -16.6297297
          ],
          [
            -68.181868,
            -16.626909
          ]
        ]
      },
      "id": "way/1441953792"
    },
    {
      "type": "Feature",
      "properties": {
        "@id": "way/1441953794",
        "highway": "trunk",
        "lanes": "2",
        "lit": "yes",
        "maxspeed": "80",
        "name": "Doble Vía La Paz-Oruro",
        "oneway": "yes",
        "ref": "F1",
        "shoulder": "right",
        "surface": "asphalt"
      },
      "geometry": {
        "type": "LineString",
        "coordinates": [
          [
            -68.1819484,
            -16.6269054
          ],
          [
            -68.1817989,
            -16.6295608
          ],
          [
            -68.1817887,
            -16.6297414
          ]
        ]
      },
      "id": "way/1441953794"
    },
    {
      "type": "Feature",
      "properties": {
        "@id": "way/1450894614",
        "highway": "trunk",
        "lanes": "4",
        "maxheight": "5.2",
        "maxspeed": "40",
        "name": "Avenida 6 de Marzo",
        "oneway": "yes",
        "ref": "F1",
        "surface": "asphalt"
      },
      "geometry": {
        "type": "LineString",
        "coordinates": [
          [
            -68.1666122,
            -16.5151383
          ],
          [
            -68.1669408,
            -16.5161405
          ],
          [
            -68.1669507,
            -16.5161705
          ],
          [
            -68.1669751,
            -16.5162553
          ]
        ]
      },
      "id": "way/1450894614"
    },
    {
      "type": "Feature",
      "properties": {
        "@id": "way/1450894615",
        "highway": "trunk",
        "lanes": "4",
        "maxheight": "7",
        "maxspeed": "40",
        "name": "Avenida 6 de Marzo",
        "oneway": "yes",
        "ref": "F1",
        "surface": "asphalt"
      },
      "geometry": {
        "type": "LineString",
        "coordinates": [
          [
            -68.1664574,
            -16.5151895
          ],
          [
            -68.1661159,
            -16.5140791
          ]
        ]
      },
      "id": "way/1450894615"
    },
    {
      "type": "Feature",
      "properties": {
        "@id": "way/1450894616",
        "highway": "trunk",
        "lanes": "4",
        "maxspeed": "40",
        "name": "Avenida 6 de Marzo",
        "oneway": "yes",
        "ref": "F1",
        "surface": "asphalt"
      },
      "geometry": {
        "type": "LineString",
        "coordinates": [
          [
            -68.1669751,
            -16.5162553
          ],
          [
            -68.167083,
            -16.5165728
          ]
        ]
      },
      "id": "way/1450894616"
    },
    {
      "type": "Feature",
      "properties": {
        "@id": "way/1450894619",
        "highway": "trunk",
        "lanes": "2",
        "maxspeed": "80",
        "name": "Avenida Ladislao Cabrera",
        "oneway": "yes",
        "ref": "F19",
        "surface": "asphalt"
      },
      "geometry": {
        "type": "LineString",
        "coordinates": [
          [
            -68.1734331,
            -16.5165027
          ],
          [
            -68.1735535,
            -16.5164769
          ],
          [
            -68.1736774,
            -16.5164444
          ],
          [
            -68.1737909,
            -16.5164036
          ],
          [
            -68.173879,
            -16.5163597
          ],
          [
            -68.1739637,
            -16.5163228
          ],
          [
            -68.1740172,
            -16.5163009
          ],
          [
            -68.1740644,
            -16.5163094
          ]
        ]
      },
      "id": "way/1450894619"
    },
    {
      "type": "Feature",
      "properties": {
        "@id": "way/1450894620",
        "destination": "Viacha",
        "highway": "trunk",
        "lanes": "2",
        "maxspeed": "80",
        "name": "Avenida Ladislao Cabrera",
        "oneway": "yes",
        "ref": "F19",
        "surface": "asphalt"
      },
      "geometry": {
        "type": "LineString",
        "coordinates": [
          [
            -68.1736564,
            -16.5165501
          ],
          [
            -68.1735553,
            -16.5165377
          ],
          [
            -68.1734331,
            -16.5165027
          ]
        ]
      },
      "id": "way/1450894620"
    },
    {
      "type": "Feature",
      "properties": {
        "@id": "way/1450894622",
        "destination": "Viacha",
        "destination:ref": "F19",
        "highway": "trunk",
        "lanes": "4",
        "lanes:backward": "2",
        "lanes:forward": "2",
        "maxspeed": "80",
        "name": "Avenida Ladislao Cabrera",
        "oneway": "no",
        "ref": "F19",
        "separation": "bump",
        "sidewalk": "left",
        "surface": "asphalt"
      },
      "geometry": {
        "type": "LineString",
        "coordinates": [
          [
            -68.1669751,
            -16.5162553
          ],
          [
            -68.1670772,
            -16.5162288
          ],
          [
            -68.1673291,
            -16.516241
          ]
        ]
      },
      "id": "way/1450894622"
    },
    {
      "type": "Feature",
      "properties": {
        "@id": "way/1450894623",
        "highway": "trunk",
        "lanes": "4",
        "lanes:backward": "2",
        "lanes:forward": "2",
        "maxspeed": "80",
        "name": "Avenida Ladislao Cabrera",
        "oneway": "no",
        "ref": "F19",
        "separation": "bump",
        "sidewalk": "left",
        "surface": "asphalt"
      },
      "geometry": {
        "type": "LineString",
        "coordinates": [
          [
            -68.1708703,
            -16.5163902
          ],
          [
            -68.1711516,
            -16.5164026
          ],
          [
            -68.1719136,
            -16.516436
          ],
          [
            -68.1723556,
            -16.5164554
          ],
          [
            -68.1729228,
            -16.5164803
          ],
          [
            -68.1734331,
            -16.5165027
          ]
        ]
      },
      "id": "way/1450894623"
    },
    {
      "type": "Feature",
      "properties": {
        "@id": "way/1452254594",
        "highway": "primary",
        "lane_markings": "yes",
        "lanes": "2",
        "lit": "yes",
        "name": "Avenida Juan Pablo II",
        "oneway": "yes",
        "sidewalk": "right",
        "start_date": "2026-03-19",
        "surface": "concrete:plates"
      },
      "geometry": {
        "type": "LineString",
        "coordinates": [
          [
            -68.2054531,
            -16.490559
          ],
          [
            -68.205263,
            -16.4905479
          ]
        ]
      },
      "id": "way/1452254594"
    },
    {
      "type": "Feature",
      "properties": {
        "@id": "way/1452254595",
        "foot": "no",
        "highway": "trunk",
        "lane_markings": "yes",
        "lanes": "2",
        "lit": "yes",
        "maxspeed": "80",
        "motorroad": "yes",
        "name": "Avenida Juan Pablo II",
        "oneway": "yes",
        "ref": "F2",
        "sidewalk": "no",
        "start_date": "2026-03-19",
        "surface": "concrete:plates"
      },
      "geometry": {
        "type": "LineString",
        "coordinates": [
          [
            -68.2054382,
            -16.4904832
          ],
          [
            -68.205263,
            -16.4905479
          ]
        ]
      },
      "id": "way/1452254595"
    },
    {
      "type": "Feature",
      "properties": {
        "@id": "way/1452254597",
        "foot": "no",
        "highway": "trunk",
        "lane_markings": "yes",
        "lanes": "3",
        "lit": "yes",
        "maxspeed": "80",
        "motorroad": "yes",
        "name": "Avenida Juan Pablo II",
        "oneway": "yes",
        "ref": "F2",
        "sidewalk": "no",
        "start_date": "2026-03-19",
        "surface": "concrete:plates"
      },
      "geometry": {
        "type": "LineString",
        "coordinates": [
          [
            -68.2053162,
            -16.4903763
          ],
          [
            -68.2054301,
            -16.4903168
          ]
        ]
      },
      "id": "way/1452254597"
    },
    {
      "type": "Feature",
      "properties": {
        "@id": "way/1452254600",
        "bridge": "viaduct",
        "bridge:name": "Distribuidor Integración Río Seco",
        "bridge:structure": "beam",
        "foot": "no",
        "highway": "trunk",
        "lane_markings": "yes",
        "lanes": "2",
        "layer": "1",
        "lit": "yes",
        "maxspeed": "80",
        "motorroad": "yes",
        "name": "Avenida Juan Pablo II",
        "oneway": "yes",
        "ref": "F2",
        "sidewalk": "no",
        "start_date": "2026-03-19",
        "surface": "concrete"
      },
      "geometry": {
        "type": "LineString",
        "coordinates": [
          [
            -68.207655,
            -16.4900312
          ],
          [
            -68.2074114,
            -16.4900807
          ]
        ]
      },
      "id": "way/1452254600"
    },
    {
      "type": "Feature",
      "properties": {
        "@id": "way/1452254604",
        "embankment": "both",
        "foot": "no",
        "highway": "trunk",
        "incline": "up",
        "lane_markings": "yes",
        "lanes": "2",
        "lit": "yes",
        "maxspeed": "80",
        "motorroad": "yes",
        "name": "Avenida Juan Pablo II",
        "oneway": "yes",
        "ref": "F2",
        "sidewalk": "no",
        "start_date": "2026-03-19",
        "surface": "concrete:plates"
      },
      "geometry": {
        "type": "LineString",
        "coordinates": [
          [
            -68.2097149,
            -16.4895945
          ],
          [
            -68.2086907,
            -16.4898158
          ]
        ]
      },
      "id": "way/1452254604"
    },
    {
      "type": "Feature",
      "properties": {
        "@id": "way/1452254605",
        "bridge": "viaduct",
        "bridge:name": "Distribuidor Integración Río Seco",
        "bridge:structure": "beam",
        "foot": "no",
        "highway": "trunk",
        "lane_markings": "yes",
        "lanes": "2",
        "layer": "1",
        "lit": "yes",
        "maxspeed": "80",
        "motorroad": "yes",
        "name": "Avenida Juan Pablo II",
        "oneway": "yes",
        "ref": "F2",
        "sidewalk": "no",
        "start_date": "2026-03-19",
        "surface": "concrete"
      },
      "geometry": {
        "type": "LineString",
        "coordinates": [
          [
            -68.2086907,
            -16.4898158
          ],
          [
            -68.2084138,
            -16.4898737
          ]
        ]
      },
      "id": "way/1452254605"
    },
    {
      "type": "Feature",
      "properties": {
        "@id": "way/1452254606",
        "embankment": "both",
        "foot": "no",
        "highway": "trunk",
        "incline": "up",
        "lane_markings": "yes",
        "lanes": "2",
        "lit": "yes",
        "maxspeed": "80",
        "motorroad": "yes",
        "name": "Avenida Buenos Aires",
        "oneway": "yes",
        "ref": "F1",
        "sidewalk": "no",
        "start_date": "2026-03-19",
        "surface": "concrete:plates"
      },
      "geometry": {
        "type": "LineString",
        "coordinates": [
          [
            -68.209714,
            -16.490483
          ],
          [
            -68.2081428,
            -16.48993
          ]
        ]
      },
      "id": "way/1452254606"
    },
    {
      "type": "Feature",
      "properties": {
        "@id": "way/1452254607",
        "foot": "no",
        "highway": "primary",
        "lane_markings": "yes",
        "lanes": "1",
        "lit": "yes",
        "motorroad": "yes",
        "name": "Avenida Buenos Aires",
        "oneway": "yes",
        "sidewalk": "no",
        "start_date": "2026-03-19",
        "surface": "concrete:plates"
      },
      "geometry": {
        "type": "LineString",
        "coordinates": [
          [
            -68.2085903,
            -16.4899024
          ],
          [
            -68.2088985,
            -16.4900012
          ]
        ]
      },
      "id": "way/1452254607"
    },
    {
      "type": "Feature",
      "properties": {
        "@id": "way/1452254608",
        "destination": "Viacha",
        "destination:ref": "F1",
        "foot": "no",
        "highway": "trunk",
        "lane_markings": "yes",
        "lanes": "2",
        "lit": "yes",
        "maxspeed": "80",
        "motorroad": "yes",
        "name": "Avenida Buenos Aires",
        "oneway": "yes",
        "ref": "F1",
        "sidewalk": "no",
        "start_date": "2026-03-19",
        "surface": "concrete:plates"
      },
      "geometry": {
        "type": "LineString",
        "coordinates": [
          [
            -68.208486,
            -16.4897836
          ],
          [
            -68.2085903,
            -16.4899024
          ]
        ]
      },
      "id": "way/1452254608"
    },
    {
      "type": "Feature",
      "properties": {
        "@id": "way/1452254609",
        "embankment": "both",
        "foot": "no",
        "highway": "trunk",
        "lane_markings": "yes",
        "lanes": "2",
        "lit": "yes",
        "maxspeed": "80",
        "motorroad": "yes",
        "name": "Avenida Juan Pablo II",
        "oneway": "yes",
        "ref": "F2",
        "sidewalk": "no",
        "start_date": "2026-03-19",
        "surface": "concrete:plates"
      },
      "geometry": {
        "type": "LineString",
        "coordinates": [
          [
            -68.2084138,
            -16.4898737
          ],
          [
            -68.2081428,
            -16.48993
          ]
        ]
      },
      "id": "way/1452254609"
    },
    {
      "type": "Feature",
      "properties": {
        "@id": "way/1452254611",
        "foot": "no",
        "highway": "trunk",
        "lane_markings": "yes",
        "lanes": "3",
        "lit": "yes",
        "maxspeed": "80",
        "motorroad": "yes",
        "name": "Avenida Juan Pablo II",
        "oneway": "yes",
        "ref": "F2",
        "sidewalk": "no",
        "start_date": "2026-03-19",
        "surface": "concrete:plates"
      },
      "geometry": {
        "type": "LineString",
        "coordinates": [
          [
            -68.2074946,
            -16.4898903
          ],
          [
            -68.2086398,
            -16.4896506
          ],
          [
            -68.2088224,
            -16.4896669
          ]
        ]
      },
      "id": "way/1452254611"
    },
    {
      "type": "Feature",
      "properties": {
        "@id": "way/1452254614",
        "foot": "no",
        "highway": "trunk",
        "lanes": "2",
        "lit": "yes",
        "maxspeed": "80",
        "motorroad": "yes",
        "name": "Avenida Juan Pablo II",
        "oneway": "yes",
        "ref": "F2",
        "sidewalk": "no",
        "surface": "asphalt"
      },
      "geometry": {
        "type": "LineString",
        "coordinates": [
          [
            -68.2110398,
            -16.4891964
          ],
          [
            -68.2112787,
            -16.4891923
          ]
        ]
      },
      "id": "way/1452254614"
    },
    {
      "type": "Feature",
      "properties": {
        "@id": "way/1452254615",
        "foot": "no",
        "highway": "trunk",
        "lanes": "2",
        "lit": "yes",
        "maxspeed": "80",
        "motorroad": "yes",
        "name": "Avenida Juan Pablo II",
        "oneway": "yes",
        "ref": "F2",
        "sidewalk": "no",
        "surface": "asphalt"
      },
      "geometry": {
        "type": "LineString",
        "coordinates": [
          [
            -68.211301,
            -16.4892892
          ],
          [
            -68.2109624,
            -16.4893635
          ]
        ]
      },
      "id": "way/1452254615"
    },
    {
      "type": "Feature",
      "properties": {
        "@id": "way/1452254618",
        "foot": "no",
        "highway": "trunk",
        "lane_markings": "yes",
        "lanes": "2",
        "lit": "yes",
        "maxspeed": "80",
        "motorroad": "yes",
        "name": "Avenida Juan Pablo II",
        "oneway": "yes",
        "ref": "F2",
        "sidewalk": "no",
        "start_date": "2026-03-19",
        "surface": "concrete:plates"
      },
      "geometry": {
        "type": "LineString",
        "coordinates": [
          [
            -68.2102834,
            -16.4895036
          ],
          [
            -68.2100669,
            -16.4895145
          ],
          [
            -68.2097149,
            -16.4895945
          ]
        ]
      },
      "id": "way/1452254618"
    },
    {
      "type": "Feature",
      "properties": {
        "@id": "way/1452256283",
        "highway": "primary",
        "lanes": "3",
        "lit": "yes",
        "name": "Avenida Buenos Aires",
        "oneway": "yes",
        "sidewalk": "right",
        "surface": "concrete:plates"
      },
      "geometry": {
        "type": "LineString",
        "coordinates": [
          [
            -68.2104864,
            -16.4905841
          ],
          [
            -68.2109968,
            -16.4907739
          ]
        ]
      },
      "id": "way/1452256283"
    },
    {
      "type": "Feature",
      "properties": {
        "@id": "way/1452256284",
        "highway": "trunk",
        "lanes": "2",
        "lit": "yes",
        "maxspeed": "80",
        "motorroad": "yes",
        "name": "Avenida Buenos Aires",
        "oneway": "yes",
        "ref": "F1",
        "sidewalk": "no",
        "surface": "concrete:plates"
      },
      "geometry": {
        "type": "LineString",
        "coordinates": [
          [
            -68.2104427,
            -16.4906626
          ],
          [
            -68.2121589,
            -16.4913049
          ]
        ]
      },
      "id": "way/1452256284"
    },
    {
      "type": "Feature",
      "properties": {
        "@id": "way/1452256285",
        "foot": "no",
        "highway": "trunk",
        "lane_markings": "yes",
        "lanes": "2",
        "lit": "yes",
        "maxspeed": "80",
        "motorroad": "yes",
        "name": "Avenida Buenos Aires",
        "oneway": "yes",
        "ref": "F1",
        "sidewalk": "no",
        "start_date": "2026-03-19",
        "surface": "concrete:plates"
      },
      "geometry": {
        "type": "LineString",
        "coordinates": [
          [
            -68.210415,
            -16.4907264
          ],
          [
            -68.209714,
            -16.490483
          ]
        ]
      },
      "id": "way/1452256285"
    },
    {
      "type": "Feature",
      "properties": {
        "@id": "way/1454689126",
        "destination:backward": "Achocalla",
        "highway": "primary",
        "lanes": "2",
        "name": "Avenida Estructurante",
        "oneway": "no",
        "source": "bing",
        "surface": "asphalt"
      },
      "geometry": {
        "type": "LineString",
        "coordinates": [
          [
            -68.1840265,
            -16.5655244
          ],
          [
            -68.184135,
            -16.5654905
          ],
          [
            -68.1842238,
            -16.565461
          ],
          [
            -68.1843074,
            -16.5654336
          ]
        ]
      },
      "id": "way/1454689126"
    },
    {
      "type": "Feature",
      "properties": {
        "@id": "way/1454689127",
        "destination": "Achocalla;Mallasa",
        "hgv": "designated",
        "highway": "trunk",
        "junction": "circular",
        "lanes": "2",
        "loc_name": "Rotonda Cruce Achocalla",
        "maxspeed": "80",
        "name": "Rotonda 6 de Marzo y Litoral",
        "oneway": "yes",
        "ref": "F1",
        "surface": "asphalt"
      },
      "geometry": {
        "type": "LineString",
        "coordinates": [
          [
            -68.1799891,
            -16.5550869
          ],
          [
            -68.179919,
            -16.5550976
          ],
          [
            -68.1798336,
            -16.5550684
          ]
        ]
      },
      "id": "way/1454689127"
    },
    {
      "type": "Feature",
      "properties": {
        "@id": "way/1454689128",
        "hgv": "designated",
        "highway": "trunk",
        "junction": "circular",
        "lanes": "2",
        "loc_name": "Rotonda Cruce Achocalla",
        "maxspeed": "80",
        "name": "Rotonda 6 de Marzo y Litoral",
        "oneway": "yes",
        "ref": "F1",
        "surface": "asphalt"
      },
      "geometry": {
        "type": "LineString",
        "coordinates": [
          [
            -68.1798336,
            -16.5550684
          ],
          [
            -68.1796652,
            -16.5549516
          ]
        ]
      },
      "id": "way/1454689128"
    },
    {
      "type": "Feature",
      "properties": {
        "@id": "way/1457382813",
        "highway": "primary",
        "lanes": "2",
        "name": "Avenida Buenos Aires",
        "oneway": "yes",
        "source": "bing",
        "surface": "concrete"
      },
      "geometry": {
        "type": "LineString",
        "coordinates": [
          [
            -68.2294941,
            -16.4977064
          ],
          [
            -68.2297895,
            -16.4978152
          ],
          [
            -68.2300582,
            -16.4980654
          ]
        ]
      },
      "id": "way/1457382813"
    },
    {
      "type": "Feature",
      "properties": {
        "@id": "way/1457382814",
        "highway": "trunk",
        "lanes": "2",
        "maxspeed": "80",
        "name": "Avenida Buenos Aires",
        "oneway": "yes",
        "ref": "F1",
        "source": "bing",
        "surface": "concrete"
      },
      "geometry": {
        "type": "LineString",
        "coordinates": [
          [
            -68.2294613,
            -16.4977938
          ],
          [
            -68.2297824,
            -16.4979184
          ],
          [
            -68.2300582,
            -16.4980654
          ]
        ]
      },
      "id": "way/1457382814"
    },
    {
      "type": "Feature",
      "properties": {
        "@id": "way/1457382815",
        "highway": "trunk",
        "lanes": "2",
        "maxspeed": "80",
        "name": "Avenida Buenos Aires",
        "oneway": "yes",
        "ref": "F1",
        "surface": "concrete"
      },
      "geometry": {
        "type": "LineString",
        "coordinates": [
          [
            -68.2300582,
            -16.4980654
          ],
          [
            -68.229745,
            -16.4979731
          ],
          [
            -68.2294293,
            -16.4978558
          ]
        ]
      },
      "id": "way/1457382815"
    },
    {
      "type": "Feature",
      "properties": {
        "@id": "way/1465009229",
        "highway": "primary",
        "lanes": "2",
        "name": "Avenida Bolivia",
        "oneway": "yes",
        "surface": "asphalt"
      },
      "geometry": {
        "type": "LineString",
        "coordinates": [
          [
            -68.1877972,
            -16.5367685
          ],
          [
            -68.1876687,
            -16.5368608
          ]
        ]
      },
      "id": "way/1465009229"
    },
    {
      "type": "Feature",
      "properties": {
        "@id": "way/1465009230",
        "highway": "primary",
        "lanes": "2",
        "name": "Avenida Bolivia",
        "oneway": "yes",
        "surface": "asphalt"
      },
      "geometry": {
        "type": "LineString",
        "coordinates": [
          [
            -68.1877122,
            -16.5366736
          ],
          [
            -68.1878923,
            -16.5365358
          ]
        ]
      },
      "id": "way/1465009230"
    },
    {
      "type": "Feature",
      "properties": {
        "@id": "way/1484197217",
        "embankment": "right",
        "hgv": "designated",
        "highway": "primary",
        "lanes": "2",
        "name": "Avenida Costanera",
        "oneway": "yes",
        "surface": "concrete"
      },
      "geometry": {
        "type": "LineString",
        "coordinates": [
          [
            -68.2137359,
            -16.510147
          ],
          [
            -68.213821,
            -16.5102776
          ],
          [
            -68.2139189,
            -16.5103912
          ],
          [
            -68.2145278,
            -16.5108391
          ]
        ]
      },
      "id": "way/1484197217"
    },
    {
      "type": "Feature",
      "properties": {
        "@id": "way/1484197220",
        "embankment": "right",
        "highway": "primary",
        "lanes": "2",
        "name": "Avenida Costanera",
        "oneway": "yes",
        "surface": "concrete:plates"
      },
      "geometry": {
        "type": "LineString",
        "coordinates": [
          [
            -68.2131289,
            -16.5091999
          ],
          [
            -68.2131603,
            -16.5093492
          ],
          [
            -68.213198,
            -16.5094745
          ],
          [
            -68.2132315,
            -16.5095362
          ],
          [
            -68.2134027,
            -16.5097201
          ]
        ]
      },
      "id": "way/1484197220"
    },
    {
      "type": "Feature",
      "properties": {
        "@id": "way/1484331253",
        "embankment": "yes",
        "highway": "primary",
        "lanes": "2",
        "lit": "yes",
        "name": "Avenida Bolivia",
        "oneway": "no",
        "surface": "asphalt"
      },
      "geometry": {
        "type": "LineString",
        "coordinates": [
          [
            -68.1769992,
            -16.5445936
          ],
          [
            -68.1772311,
            -16.5444071
          ]
        ]
      },
      "id": "way/1484331253"
    },
    {
      "type": "Feature",
      "properties": {
        "@id": "way/1484331254",
        "highway": "primary",
        "incline": "up",
        "lanes": "2",
        "name": "Avenida Bolivia",
        "oneway": "no",
        "surface": "asphalt"
      },
      "geometry": {
        "type": "LineString",
        "coordinates": [
          [
            -68.175669,
            -16.5456706
          ],
          [
            -68.1758833,
            -16.5455061
          ]
        ]
      },
      "id": "way/1484331254"
    },
    {
      "type": "Feature",
      "properties": {
        "@id": "way/1484331255",
        "highway": "primary",
        "lanes": "2",
        "lit": "yes",
        "name": "Avenida 6 de Marzo",
        "oneway": "yes",
        "sidewalk": "right",
        "surface": "asphalt"
      },
      "geometry": {
        "type": "LineString",
        "coordinates": [
          [
            -68.1767297,
            -16.5458974
          ],
          [
            -68.1765929,
            -16.5455032
          ],
          [
            -68.1765561,
            -16.545402
          ],
          [
            -68.1764599,
            -16.5451093
          ],
          [
            -68.1762899,
            -16.5445918
          ]
        ]
      },
      "id": "way/1484331255"
    },
    {
      "type": "Feature",
      "properties": {
        "@id": "way/1484331256",
        "highway": "primary",
        "lanes": "2",
        "lit": "yes",
        "name": "Avenida 6 de Marzo",
        "oneway": "yes",
        "sidewalk": "right",
        "surface": "asphalt"
      },
      "geometry": {
        "type": "LineString",
        "coordinates": [
          [
            -68.176932,
            -16.5464805
          ],
          [
            -68.1767297,
            -16.5458974
          ]
        ]
      },
      "id": "way/1484331256"
    },
    {
      "type": "Feature",
      "properties": {
        "@id": "way/1484331257",
        "highway": "primary",
        "junction": "roundabout",
        "lanes": "3",
        "name": "Rotonda Bolivia-Arica-Cívica",
        "sidewalk:left": "separate",
        "sidewalk:right": "yes",
        "surface": "asphalt"
      },
      "geometry": {
        "type": "LineString",
        "coordinates": [
          [
            -68.1748821,
            -16.5458954
          ],
          [
            -68.1749074,
            -16.5458465
          ],
          [
            -68.1749416,
            -16.545803
          ],
          [
            -68.1749967,
            -16.5457572
          ],
          [
            -68.1750615,
            -16.545725
          ],
          [
            -68.1751324,
            -16.5457084
          ],
          [
            -68.1752054,
            -16.5457081
          ],
          [
            -68.1752763,
            -16.5457243
          ],
          [
            -68.1753413,
            -16.5457561
          ],
          [
            -68.1753936,
            -16.5457983
          ],
          [
            -68.1754348,
            -16.5458505
          ]
        ]
      },
      "id": "way/1484331257"
    },
    {
      "type": "Feature",
      "properties": {
        "@id": "way/1484356060",
        "highway": "primary",
        "lanes": "2",
        "lit": "yes",
        "name": "Avenida 6 de Marzo",
        "oneway": "yes",
        "sidewalk": "right",
        "surface": "asphalt"
      },
      "geometry": {
        "type": "LineString",
        "coordinates": [
          [
            -68.1795142,
            -16.553135
          ],
          [
            -68.1797207,
            -16.5537303
          ],
          [
            -68.1797353,
            -16.5537723
          ]
        ]
      },
      "id": "way/1484356060"
    },
    {
      "type": "Feature",
      "properties": {
        "@id": "way/1484356061",
        "hgv": "designated",
        "highway": "trunk",
        "junction": "circular",
        "lanes": "2",
        "loc_name": "Rotonda Cruce Achocalla",
        "maxspeed": "80",
        "name": "Rotonda 6 de Marzo y Litoral",
        "oneway": "yes",
        "ref": "F1",
        "surface": "asphalt"
      },
      "geometry": {
        "type": "LineString",
        "coordinates": [
          [
            -68.1797353,
            -16.5537723
          ],
          [
            -68.1798739,
            -16.5538748
          ],
          [
            -68.1799821,
            -16.5539773
          ]
        ]
      },
      "id": "way/1484356061"
    },
    {
      "type": "Feature",
      "properties": {
        "@id": "way/1484356062",
        "hgv": "designated",
        "highway": "trunk",
        "junction": "circular",
        "lanes": "2",
        "loc_name": "Rotonda Cruce Achocalla",
        "maxspeed": "80",
        "name": "Rotonda 6 de Marzo y Litoral",
        "oneway": "yes",
        "ref": "F1",
        "surface": "asphalt"
      },
      "geometry": {
        "type": "LineString",
        "coordinates": [
          [
            -68.1794422,
            -16.5538595
          ],
          [
            -68.1794911,
            -16.5538128
          ],
          [
            -68.1795438,
            -16.553788
          ]
        ]
      },
      "id": "way/1484356062"
    },
    {
      "type": "Feature",
      "properties": {
        "@id": "way/1484749638",
        "check_date": "2024-05-01",
        "highway": "trunk",
        "lanes": "2",
        "maxspeed": "80",
        "name": "Avenida Panamericana",
        "oneway": "yes",
        "ref": "F2",
        "smoothness": "intermediate",
        "source": "yahoo",
        "surface": "asphalt"
      },
      "geometry": {
        "type": "LineString",
        "coordinates": [
          [
            -68.2428829,
            -16.4825627
          ],
          [
            -68.2424166,
            -16.4826644
          ],
          [
            -68.2419292,
            -16.4827707
          ],
          [
            -68.241469,
            -16.482871
          ],
          [
            -68.241032,
            -16.4829663
          ],
          [
            -68.2405231,
            -16.4830773
          ],
          [
            -68.240069,
            -16.4831763
          ],
          [
            -68.2394382,
            -16.4833139
          ],
          [
            -68.2394292,
            -16.4833158
          ]
        ]
      },
      "id": "way/1484749638"
    },
    {
      "type": "Feature",
      "properties": {
        "@id": "way/1484749641",
        "check_date": "2024-05-01",
        "highway": "trunk",
        "lanes": "2",
        "maxspeed": "80",
        "name": "Avenida Panamericana",
        "oneway": "yes",
        "ref": "F2",
        "smoothness": "intermediate",
        "source": "yahoo",
        "surface": "asphalt"
      },
      "geometry": {
        "type": "LineString",
        "coordinates": [
          [
            -68.2387635,
            -16.483461
          ],
          [
            -68.2380615,
            -16.4836141
          ],
          [
            -68.2371554,
            -16.4838117
          ],
          [
            -68.2366363,
            -16.4839249
          ]
        ]
      },
      "id": "way/1484749641"
    },
    {
      "type": "Feature",
      "properties": {
        "@id": "way/1484749646",
        "check_date": "2024-05-01",
        "highway": "trunk",
        "lanes": "2",
        "maxspeed": "80",
        "name": "Avenida Panamericana",
        "oneway": "yes",
        "ref": "F2",
        "smoothness": "intermediate",
        "source": "yahoo",
        "surface": "asphalt"
      },
      "geometry": {
        "type": "LineString",
        "coordinates": [
          [
            -68.2387448,
            -16.4833693
          ],
          [
            -68.2394024,
            -16.4832203
          ]
        ]
      },
      "id": "way/1484749646"
    },
    {
      "type": "Feature",
      "properties": {
        "@id": "way/1484749647",
        "check_date": "2024-05-01",
        "highway": "trunk",
        "lanes": "2",
        "maxspeed": "80",
        "name": "Avenida Panamericana",
        "oneway": "yes",
        "ref": "F2",
        "smoothness": "intermediate",
        "source": "yahoo",
        "surface": "asphalt"
      },
      "geometry": {
        "type": "LineString",
        "coordinates": [
          [
            -68.2394024,
            -16.4832203
          ],
          [
            -68.2394166,
            -16.4832174
          ],
          [
            -68.2418356,
            -16.4826814
          ],
          [
            -68.2435498,
            -16.4823205
          ],
          [
            -68.2437446,
            -16.4822795
          ],
          [
            -68.2440411,
            -16.4822171
          ],
          [
            -68.2449102,
            -16.4820156
          ],
          [
            -68.2487961,
            -16.4811077
          ],
          [
            -68.2489091,
            -16.4810822
          ],
          [
            -68.2506762,
            -16.4806623
          ],
          [
            -68.2519059,
            -16.4803789
          ],
          [
            -68.2523765,
            -16.4802654
          ],
          [
            -68.2528537,
            -16.4801523
          ],
          [
            -68.2557991,
            -16.4794653
          ],
          [
            -68.2589071,
            -16.4787223
          ],
          [
            -68.2590048,
            -16.4787008
          ],
          [
            -68.2592596,
            -16.4786393
          ],
          [
            -68.2633101,
            -16.477683
          ],
          [
            -68.2650113,
            -16.4773044
          ],
          [
            -68.2656123,
            -16.4771764
          ],
          [
            -68.2661372,
            -16.4770792
          ],
          [
            -68.2691085,
            -16.4765847
          ],
          [
            -68.2703243,
            -16.476378
          ],
          [
            -68.2714811,
            -16.4762046
          ],
          [
            -68.2735369,
            -16.4758479
          ],
          [
            -68.275305,
            -16.4755602
          ],
          [
            -68.2774188,
            -16.4752158
          ],
          [
            -68.2791033,
            -16.4749511
          ],
          [
            -68.2798871,
            -16.4748156
          ]
        ]
      },
      "id": "way/1484749647"
    },
    {
      "type": "Feature",
      "properties": {
        "@id": "way/1484749651",
        "check_date": "2024-05-01",
        "highway": "trunk",
        "lanes": "2",
        "maxspeed": "80",
        "name": "Avenida Panamericana",
        "oneway": "yes",
        "ref": "F2",
        "smoothness": "intermediate",
        "source": "yahoo",
        "surface": "asphalt"
      },
      "geometry": {
        "type": "LineString",
        "coordinates": [
          [
            -68.2394292,
            -16.4833158
          ],
          [
            -68.2387635,
            -16.483461
          ]
        ]
      },
      "id": "way/1484749651"
    },
    {
      "type": "Feature",
      "properties": {
        "@id": "way/1484983101",
        "hgv": "designated",
        "highway": "primary",
        "lanes": "2",
        "name": "Avenida Litoral",
        "oneway": "yes",
        "surface": "asphalt"
      },
      "geometry": {
        "type": "LineString",
        "coordinates": [
          [
            -68.1874828,
            -16.5509397
          ],
          [
            -68.1876335,
            -16.550867
          ],
          [
            -68.1878484,
            -16.5508175
          ],
          [
            -68.1880299,
            -16.5507642
          ],
          [
            -68.1883963,
            -16.5505947
          ]
        ]
      },
      "id": "way/1484983101"
    },
    {
      "type": "Feature",
      "properties": {
        "@id": "way/1484983103",
        "hgv": "designated",
        "highway": "primary",
        "lanes": "2",
        "name": "Avenida Litoral",
        "oneway": "yes",
        "surface": "concrete"
      },
      "geometry": {
        "type": "LineString",
        "coordinates": [
          [
            -68.1885086,
            -16.5507125
          ],
          [
            -68.1881628,
            -16.550922
          ],
          [
            -68.1877551,
            -16.5511802
          ]
        ]
      },
      "id": "way/1484983103"
    },
    {
      "type": "Feature",
      "properties": {
        "@id": "way/1484983107",
        "hgv": "designated",
        "highway": "primary",
        "junction": "roundabout",
        "lanes": "2",
        "name": "Rotonda Litoral y Mamoré",
        "oneway": "yes",
        "surface": "paved"
      },
      "geometry": {
        "type": "LineString",
        "coordinates": [
          [
            -68.1884004,
            -16.5506524
          ],
          [
            -68.1883931,
            -16.5506206
          ],
          [
            -68.1883963,
            -16.5505947
          ],
          [
            -68.188412,
            -16.550559
          ],
          [
            -68.188436,
            -16.550536
          ],
          [
            -68.1884667,
            -16.550522
          ],
          [
            -68.1885004,
            -16.5505183
          ],
          [
            -68.1885335,
            -16.5505255
          ],
          [
            -68.1885624,
            -16.5505427
          ],
          [
            -68.1885832,
            -16.5505673
          ],
          [
            -68.1885948,
            -16.5505969
          ],
          [
            -68.1885958,
            -16.5506286
          ],
          [
            -68.1885862,
            -16.5506589
          ],
          [
            -68.188567,
            -16.5506847
          ],
          [
            -68.1885402,
            -16.5507032
          ],
          [
            -68.1885086,
            -16.5507125
          ],
          [
            -68.1884756,
            -16.5507116
          ],
          [
            -68.1884446,
            -16.5507007
          ],
          [
            -68.1884182,
            -16.5506801
          ],
          [
            -68.1884004,
            -16.5506524
          ]
        ]
      },
      "id": "way/1484983107"
    },
    {
      "type": "Feature",
      "properties": {
        "@id": "way/1484983109",
        "hgv": "designated",
        "highway": "primary",
        "junction": "roundabout",
        "lanes": "2",
        "name": "Rotonda Litoral y Río Madre de Dios",
        "oneway": "yes",
        "surface": "paved"
      },
      "geometry": {
        "type": "LineString",
        "coordinates": [
          [
            -68.1948224,
            -16.5465991
          ],
          [
            -68.1948161,
            -16.5465716
          ],
          [
            -68.1948189,
            -16.5465493
          ],
          [
            -68.1948324,
            -16.5465184
          ],
          [
            -68.1948532,
            -16.5464986
          ],
          [
            -68.1948797,
            -16.5464864
          ],
          [
            -68.1949088,
            -16.5464832
          ],
          [
            -68.1949374,
            -16.5464894
          ],
          [
            -68.1949623,
            -16.5465043
          ],
          [
            -68.1949803,
            -16.5465255
          ],
          [
            -68.1949903,
            -16.5465512
          ],
          [
            -68.1949912,
            -16.5465785
          ],
          [
            -68.1949829,
            -16.5466047
          ],
          [
            -68.1949663,
            -16.5466269
          ],
          [
            -68.1949432,
            -16.5466429
          ],
          [
            -68.1949159,
            -16.546651
          ],
          [
            -68.1948874,
            -16.5466502
          ],
          [
            -68.1948606,
            -16.5466408
          ],
          [
            -68.1948378,
            -16.546623
          ],
          [
            -68.1948224,
            -16.5465991
          ]
        ]
      },
      "id": "way/1484983109"
    },
    {
      "type": "Feature",
      "properties": {
        "@id": "way/1484983112",
        "hgv": "designated",
        "highway": "primary",
        "lanes": "2",
        "name": "Avenida Litoral",
        "oneway": "yes",
        "surface": "asphalt"
      },
      "geometry": {
        "type": "LineString",
        "coordinates": [
          [
            -68.1993109,
            -16.5418765
          ],
          [
            -68.1989404,
            -16.5421877
          ],
          [
            -68.1987758,
            -16.5423213
          ],
          [
            -68.198359,
            -16.5426701
          ],
          [
            -68.1982772,
            -16.5427438
          ]
        ]
      },
      "id": "way/1484983112"
    },
    {
      "type": "Feature",
      "properties": {
        "@id": "way/1484983115",
        "hgv": "designated",
        "highway": "primary",
        "lanes": "2",
        "maxspeed": "40",
        "name": "Avenida Litoral",
        "oneway": "yes",
        "surface": "asphalt"
      },
      "geometry": {
        "type": "LineString",
        "coordinates": [
          [
            -68.2046437,
            -16.5366342
          ],
          [
            -68.2049934,
            -16.5363334
          ],
          [
            -68.2054584,
            -16.5359334
          ]
        ]
      },
      "id": "way/1484983115"
    },
    {
      "type": "Feature",
      "properties": {
        "@id": "way/1484983116",
        "hgv": "designated",
        "highway": "primary",
        "lanes": "2",
        "name": "Avenida Litoral",
        "oneway": "yes",
        "surface": "asphalt"
      },
      "geometry": {
        "type": "LineString",
        "coordinates": [
          [
            -68.2056956,
            -16.5362006
          ],
          [
            -68.2055524,
            -16.536325
          ],
          [
            -68.2052266,
            -16.5366183
          ],
          [
            -68.2048987,
            -16.5369133
          ]
        ]
      },
      "id": "way/1484983116"
    },
    {
      "type": "Feature",
      "properties": {
        "@id": "way/1484983117",
        "hgv": "designated",
        "highway": "primary",
        "lanes": "2",
        "name": "Avenida Litoral",
        "oneway": "yes",
        "surface": "asphalt"
      },
      "geometry": {
        "type": "LineString",
        "coordinates": [
          [
            -68.2055413,
            -16.5358412
          ],
          [
            -68.2062489,
            -16.5352209
          ],
          [
            -68.2071754,
            -16.5344214
          ]
        ]
      },
      "id": "way/1484983117"
    },
    {
      "type": "Feature",
      "properties": {
        "@id": "way/1484983118",
        "hgv": "designated",
        "highway": "primary",
        "lanes": "2",
        "name": "Avenida Litoral",
        "oneway": "yes",
        "surface": "asphalt"
      },
      "geometry": {
        "type": "LineString",
        "coordinates": [
          [
            -68.2075018,
            -16.5346762
          ],
          [
            -68.2071426,
            -16.5349685
          ],
          [
            -68.205924,
            -16.5360102
          ],
          [
            -68.2058431,
            -16.5360692
          ]
        ]
      },
      "id": "way/1484983118"
    },
    {
      "type": "Feature",
      "properties": {
        "@id": "way/1484983120",
        "hgv": "designated",
        "highway": "primary",
        "lanes": "4",
        "name": "Avenida Bolivia",
        "note": "Road mainly used by trucks and other types of heavy goods vehicles to avoid the downtown Area of El Alto. Therefore the most appropriate classification is Primary.",
        "source": "Bing",
        "surface": "unpaved"
      },
      "geometry": {
        "type": "LineString",
        "coordinates": [
          [
            -68.2309181,
            -16.5130654
          ],
          [
            -68.2304228,
            -16.5130428
          ]
        ]
      },
      "id": "way/1484983120"
    }
  ]
}